Time,Cache Disk/mb,Cache Memory/kb,Hit/miss,Response Time/ns,Ingestion Rate/s,File_name,Data_time/s,Disk Usage/MB,CPU Utilization,Squid Memory/KB,Total Time/s
14:39:02,17,332,MISS,133736487,5,2021022111:48:01.html,1,221,0.63,660272,1
14:39:23,17,536,MISS,130594997,5,2021022111:52:18.html,22,221,0.59,661328,22
14:39:44,17,744,HIT,115846540,5,2021022111:56:33.html,43,221,0.56,662384,43
14:40:04,17,788,HIT,114257962,3,2021022111:47:56.html,63,222,0.51,663440,63
14:40:22,17,788,HIT,119286091,2,2021022111:49:43.html,81,222,0.47,663440,81
14:40:40,17,788,HIT,130627783,2,2021022111:51:28.html,99,222,0.43,663440,99
14:40:59,17,788,HIT,129797208,3,2021022111:53:18.html,118,222,0.4,663440,118
14:41:19,17,788,HIT,117397964,2,2021022111:55:18.html,138,222,0.38,663440,138
14:41:37,17,788,HIT,127750223,3,2021022111:57:03.html,156,222,0.35,663440,156
14:41:57,17,800,HIT,110980262,2,2021021819:33:55.html,176,222,0.34,663440,176
14:42:31,17,992,MISS,230268755,2,2021021819:37:01.html,210,222,0.31,664496,210
14:43:18,17,1200,HIT,103007899,2,2021021819:41:11.html,257,222,0.3,665536,257
14:44:04,17,1384,MISS,253208453,2,2021021819:45:06.html,303,222,0.28,666592,303
14:44:51,17,1584,MISS,316300837,2,2021021819:49:06.html,350,222,0.27,668704,350
14:45:43,17,1816,MISS,287327522,2,2021021819:53:26.html,402,222,0.26,669760,402
14:46:45,17,2084,HIT,103538176,2,2021021819:58:27.html,464,222,0.25,671872,464
14:50:07,17,2584,HIT,97471376,2,2021021820:09:37.html,666,222,0.29,673984,666
14:51:08,17,2832,MISS,355112773,2,2021021820:14:28.html,727,222,0.28,676096,727
14:52:19,17,3080,HIT,114035209,2,2021021820:19:53.html,798,222,0.27,677152,798
14:53:21,17,3324,HIT,97299691,2,2021021820:24:54.html,860,222,0.27,679264,860
14:54:19,17,3512,MISS,313358080,2,2021021820:29:24.html,918,222,0.26,680320,918
14:55:30,17,4000,HIT,118132269,2,2021021820:35:41.html,989,222,0.26,683488,989
14:57:43,18,4432,HIT,113017001,2,2021021820:47:47.html,1122,223,0.25,685600,1122
14:58:38,18,4660,MISS,134050062,3,2021021820:53:02.html,1177,223,0.25,687696,1177
14:59:31,18,4980,MISS,197002727,3,2021021901:58:08.html,1230,223,0.25,689808,1230
15:01:14,18,5472,HIT,106187304,2,2021021902:07:18.html,1333,223,0.24,692608,1333
15:02:37,18,5620,HIT,143587811,2,2021021902:14:33.html,1416,223,0.24,693664,1416
15:03:03,18,5744,MISS,247044740,3,2021021902:17:03.html,1442,223,0.24,694720,1442
15:03:28,18,5856,HIT,113828105,3,2021021902:19:24.html,1467,223,0.24,694720,1467
15:03:53,18,5968,HIT,114048321,3,2021021902:21:49.html,1492,223,0.24,695776,1492
15:04:17,18,6072,HIT,219043897,2,2021021902:24:09.html,1516,223,0.24,695776,1516
15:04:39,18,6176,HIT,106043228,3,2021021902:26:14.html,1538,223,0.24,696832,1538
15:05:02,18,6288,HIT,133084951,2,2021021902:28:29.html,1561,223,0.24,697888,1561
15:05:25,18,6392,HIT,116352505,2,2021021902:30:44.html,1584,223,0.24,697888,1584
15:05:48,18,6500,MISS,132323106,3,2021021902:32:54.html,1607,223,0.24,699136,1607
15:06:11,18,6604,MISS,121621699,2,2021021902:35:09.html,1630,223,0.24,699136,1630
15:06:35,18,6716,MISS,117012832,2,2021021902:37:29.html,1654,223,0.24,700176,1654
15:06:59,18,6836,HIT,110698975,3,2021021902:39:45.html,1678,224,0.23,701232,1678
15:07:24,18,6948,MISS,122931669,2,2021021902:42:15.html,1703,224,0.23,701232,1703
15:07:50,18,7068,HIT,112958685,3,2021021902:44:40.html,1729,224,0.23,702288,1729
15:08:15,18,7184,MISS,123416293,2,2021021902:47:10.html,1754,224,0.23,703344,1754
15:08:40,18,7300,HIT,127923913,3,2021021902:49:30.html,1779,224,0.23,704400,1779
15:09:06,18,7420,MISS,122615887,2,2021021902:52:05.html,1805,224,0.23,704400,1805
15:09:30,18,7532,MISS,114645386,2,2021021902:54:25.html,1829,224,0.23,705456,1829
15:09:53,18,7640,MISS,116544489,2,2021021902:56:40.html,1852,224,0.23,706512,1852
15:10:16,19,7748,MISS,128116466,3,2021021902:58:55.html,1875,224,0.23,706512,1875
15:10:41,19,7864,HIT,107728116,2,2021021903:01:21.html,1900,224,0.23,707568,1900
15:11:05,19,7980,HIT,116550208,2,2021021903:03:41.html,1924,224,0.23,708624,1924
15:11:34,19,8092,MISS,122123146,2,2021021903:06:06.html,1953,224,0.23,708624,1953
15:11:58,19,8112,MISS,138921244,3,2021021903:08:26.html,1977,224,0.23,708624,1977
15:12:25,19,8108,HIT,105295828,2,2021021903:11:01.html,2004,224,0.23,708624,2004
15:12:50,19,8108,MISS,125509736,2,2021021903:13:31.html,2029,224,0.23,708624,2029
15:13:16,19,8108,MISS,109195619,3,2021021903:16:01.html,2055,224,0.23,709680,2055
15:13:43,19,8108,MISS,127258643,2,2021021903:18:41.html,2082,224,0.23,709680,2082
15:14:11,19,8108,MISS,129437779,3,2021021812:09:33.html,2110,224,0.22,709680,2110
15:14:39,19,8108,MISS,131540640,2,2021021812:12:18.html,2138,224,0.22,709680,2138
15:15:03,19,8108,MISS,183356190,2,2021021812:14:38.html,2162,224,0.22,709680,2162
15:15:28,19,8112,MISS,124957533,3,2021021812:17:04.html,2187,224,0.22,709680,2187
15:15:52,19,8112,HIT,123922578,2,2021021812:19:24.html,2211,224,0.22,709680,2211
15:16:16,19,8108,HIT,114743482,2,2021021812:21:44.html,2235,224,0.22,709680,2235
15:16:40,19,8108,HIT,104011654,3,2021021812:24:04.html,2259,224,0.22,709680,2259
15:17:05,19,8108,MISS,120367844,3,2021021812:26:34.html,2284,224,0.22,709680,2284
15:17:30,19,8108,HIT,116159285,2,2021021812:29:00.html,2309,224,0.22,709680,2309
15:17:55,19,8108,MISS,129574541,2,2021021812:31:30.html,2334,225,0.22,709680,2334
15:18:19,19,8112,MISS,121396964,3,2021021812:33:50.html,2358,225,0.22,709680,2358
15:18:43,19,8108,HIT,103635444,2,2021021812:36:10.html,2382,225,0.22,709680,2382
15:19:07,19,8108,HIT,117353892,3,2021021812:38:31.html,2406,225,0.22,709680,2406
15:19:31,19,8108,MISS,171028773,2,2021021812:40:56.html,2430,225,0.22,709680,2430
15:19:54,19,8112,MISS,115262157,2,2021021812:43:11.html,2453,225,0.22,709680,2453
15:20:18,19,8108,HIT,102150303,2,2021021812:45:31.html,2477,225,0.22,709680,2477
15:20:42,19,8108,HIT,109198896,3,2021021812:47:51.html,2501,225,0.22,709680,2501
15:21:08,19,8108,HIT,108848383,3,2021021812:50:21.html,2527,225,0.22,709680,2527
15:21:32,19,8112,MISS,116295061,3,2021021812:52:47.html,2551,225,0.22,709680,2551
15:21:59,19,8108,MISS,154027871,2,2021021812:55:22.html,2578,225,0.22,709680,2578
15:22:27,19,8108,HIT,120762354,2,2021021812:57:57.html,2606,225,0.22,709680,2606
15:22:54,19,8112,MISS,136967492,3,2021021813:00:32.html,2633,225,0.22,709680,2633
15:23:20,19,8108,HIT,117117876,2,2021021813:03:02.html,2659,225,0.22,709680,2659
15:23:46,20,8108,HIT,133936554,3,2021021813:05:32.html,2685,225,0.22,709680,2685
15:24:14,20,8108,MISS,150418728,2,2021021813:08:13.html,2713,225,0.22,709680,2713
15:24:40,20,8108,HIT,139530452,3,2021021813:10:38.html,2739,225,0.22,709680,2739
15:25:12,20,8108,MISS,163041128,2,2021021813:13:38.html,2771,225,0.22,709680,2771
15:25:43,20,8108,HIT,120817369,2,2021021813:16:28.html,2802,225,0.22,709680,2802
15:26:11,20,8112,HIT,121134923,2,2021021813:19:09.html,2830,225,0.22,709680,2830
15:26:40,20,8108,MISS,127453036,3,2021021813:21:54.html,2859,225,0.22,709680,2859
15:27:14,20,8108,MISS,178721903,2,2021021813:24:59.html,2893,225,0.22,709680,2893
15:27:44,20,8108,MISS,130708037,3,2021021813:27:44.html,2923,225,0.22,710736,2923
15:28:14,20,8112,HIT,132135710,2,2021021813:30:34.html,2953,225,0.22,710736,2953
15:28:44,20,8108,MISS,146403653,2,2021022108:13:09.html,2983,225,0.22,710736,2983
15:29:14,20,8108,MISS,157817514,2,2021022108:16:00.html,3013,226,0.22,710736,3013
15:30:04,20,8108,HIT,152725481,2,2021022108:20:00.html,3063,226,0.22,710736,3063
15:30:43,20,8108,MISS,232317928,2,2021022108:23:25.html,3102,226,0.22,710736,3102
15:31:17,20,8108,MISS,148529086,2,2021022108:26:30.html,3136,226,0.22,710736,3136
15:31:46,20,8108,MISS,114562291,3,2021022108:29:15.html,3165,226,0.22,710736,3165
15:32:17,20,8108,HIT,145644526,2,2021022108:32:10.html,3196,226,0.22,710736,3196
15:32:51,20,8108,MISS,142800024,3,2021022108:35:15.html,3230,226,0.22,710736,3230
15:35:08,20,8108,HIT,158666581,2,2021022108:40:16.html,3367,226,0.22,710736,3367
15:35:42,20,8108,MISS,134619934,3,2021022108:43:26.html,3401,226,0.22,710736,3401
15:36:20,20,8108,MISS,149738763,2,2021022108:46:46.html,3439,226,0.22,710736,3439
15:36:55,20,8112,MISS,148059773,2,2021022108:50:02.html,3474,226,0.22,710736,3474
15:37:30,20,8108,HIT,127517143,2,2021022108:53:17.html,3509,226,0.22,710736,3509
15:38:01,20,8108,MISS,145186243,2,2021022108:56:12.html,3540,226,0.22,710736,3540
15:38:31,20,8108,MISS,125111132,2,2021022108:59:02.html,3570,226,0.22,710736,3570
15:39:01,20,8108,MISS,149389743,2,2021022109:01:52.html,3600,226,0.22,710736,3600
15:39:32,21,8112,MISS,122307466,2,2021022109:04:47.html,3631,226,0.22,710736,3631
15:40:01,21,8112,HIT,122943827,2,2021022109:07:33.html,3660,226,0.22,710736,3660
15:40:31,21,8108,HIT,127767022,2,2021022109:10:23.html,3690,226,0.22,710736,3690
15:41:03,21,8108,MISS,183707977,2,2021022109:13:23.html,3722,226,0.22,710736,3722
15:41:33,21,8108,MISS,158651567,2,2021022109:16:13.html,3752,226,0.22,710736,3752
15:42:05,21,8108,MISS,118062655,2,2021022109:19:13.html,3784,227,0.22,710736,3784
15:42:34,21,8108,HIT,112109169,2,2021022109:21:58.html,3813,227,0.22,710736,3813
15:43:12,21,8108,HIT,180061293,2,2021022109:25:13.html,3851,227,0.22,710736,3851
15:43:46,21,8108,HIT,113922339,2,2021022109:28:19.html,3885,227,0.22,710736,3885
15:44:15,21,8108,MISS,115194617,2,2021022109:31:09.html,3914,227,0.22,710736,3914
15:44:47,21,8108,MISS,256453919,2,2021022109:34:09.html,3946,227,0.22,710736,3946
15:45:17,21,8108,MISS,132925714,3,2021021723:00:10.html,3976,227,0.22,710736,3976
15:45:56,21,8112,MISS,124223892,2,2021021723:03:30.html,4015,227,0.22,710736,4015
15:46:25,21,8108,HIT,112148290,3,2021021723:06:15.html,4044,227,0.22,710736,4044
15:46:53,21,8108,HIT,108095103,2,2021021723:09:00.html,4072,227,0.22,710736,4072
15:47:23,21,8108,HIT,147283196,2,2021021723:11:55.html,4102,227,0.22,710736,4102
15:47:52,21,8108,MISS,196614937,2,2021021723:14:45.html,4131,227,0.22,710736,4131
15:48:24,21,8108,MISS,163065583,2,2021021723:17:46.html,4163,227,0.22,710736,4163
15:48:58,21,8108,HIT,144185768,2,2021021723:20:51.html,4197,227,0.22,711792,4197
15:49:31,21,8112,HIT,127135875,2,2021021723:23:56.html,4230,227,0.22,711792,4230
15:50:03,21,8108,HIT,124366237,2,2021021723:26:56.html,4262,227,0.22,711792,4262
15:50:35,21,8108,MISS,147154505,2,2021021723:30:01.html,4294,227,0.22,711792,4294
15:51:08,21,8108,MISS,143804759,2,2021021723:33:06.html,4327,227,0.22,711792,4327
15:51:38,21,8108,HIT,119531615,2,2021021723:35:56.html,4357,227,0.22,711792,4357
15:52:08,21,8108,MISS,129122489,3,2021021723:38:52.html,4387,227,0.22,711792,4387
15:52:40,21,8108,MISS,169640069,2,2021021723:41:57.html,4419,227,0.22,711792,4419
15:53:09,21,8108,HIT,117382758,2,2021021723:44:42.html,4448,228,0.22,711792,4448
15:53:40,22,8108,MISS,129242523,3,2021021723:47:42.html,4479,228,0.22,711792,4479
15:54:09,22,8108,MISS,124557992,2,2021021723:50:32.html,4508,228,0.22,711792,4508
15:54:39,22,8108,MISS,140622255,2,2021021723:53:27.html,4538,228,0.22,711792,4538
15:55:09,22,8108,MISS,131049027,2,2021021723:56:22.html,4568,228,0.22,711792,4568
15:55:39,22,8108,MISS,131140407,2,2021021723:59:18.html,4598,228,0.22,711792,4598
15:56:08,22,8108,MISS,129717277,3,2021021800:02:03.html,4627,228,0.22,711792,4627
15:56:38,22,8108,MISS,136056674,2,2021021800:04:58.html,4657,228,0.22,711792,4657
15:57:10,22,8108,HIT,134553878,2,2021021800:07:58.html,4689,228,0.22,711792,4689
15:57:41,22,8112,MISS,191205929,2,2021021800:10:58.html,4720,228,0.22,711792,4720
15:58:10,22,8108,HIT,117114217,2,2021021800:13:43.html,4749,228,0.22,711792,4749
15:58:41,22,8108,HIT,138266557,2,2021021800:16:43.html,4780,228,0.22,711792,4780
15:59:11,22,8108,HIT,118721824,2,2021021800:19:39.html,4810,228,0.22,712384,4810
15:59:40,22,8108,HIT,115112286,2,2021021803:12:23.html,4839,228,0.22,712384,4839
16:00:11,22,8108,HIT,121538904,2,2021021803:15:24.html,4870,228,0.22,712384,4870
16:00:40,22,8108,MISS,135353985,3,2021021803:18:14.html,4899,228,0.22,712384,4899
16:01:12,22,8112,MISS,126172984,2,2021021803:21:19.html,4931,228,0.22,712384,4931
16:01:42,22,8108,HIT,116332384,2,2021021803:24:09.html,4961,228,0.22,712384,4961
16:02:13,22,8108,MISS,134938564,3,2021021803:27:09.html,4992,228,0.22,712384,4992
16:03:07,22,8108,HIT,126495098,3,2021021803:32:19.html,5046,228,0.22,712384,5046
16:03:37,22,8108,HIT,108392084,3,2021021803:35:15.html,5076,228,0.22,712384,5076
16:04:06,22,8108,HIT,123310741,2,2021021803:38:05.html,5105,229,0.21,712384,5105
16:04:36,22,8108,HIT,177238921,2,2021021803:41:00.html,5135,229,0.21,712384,5135
16:05:05,22,8108,HIT,117264296,2,2021021803:43:50.html,5164,229,0.21,712384,5164
16:05:36,22,8108,HIT,124069088,2,2021021803:46:50.html,5195,229,0.21,712384,5195
16:06:08,22,8108,MISS,125608810,3,2021021803:49:55.html,5227,229,0.21,712384,5227
16:06:40,22,8108,HIT,133342096,2,2021021803:53:00.html,5259,229,0.21,712384,5259
16:07:17,22,8112,MISS,128126362,2,2021021803:56:21.html,5296,229,0.21,712384,5296
16:07:49,23,8108,MISS,123725030,2,2021021803:59:26.html,5328,229,0.21,712384,5328
16:08:23,23,8108,MISS,126187250,2,2021021804:02:41.html,5362,229,0.21,712384,5362
16:08:59,23,8108,MISS,140762637,2,2021021804:06:11.html,5398,229,0.21,712384,5398
16:09:34,23,8108,MISS,134078667,2,2021021804:09:31.html,5433,229,0.21,712384,5433
16:10:07,23,8108,MISS,120956943,2,2021021804:12:41.html,5466,229,0.21,712384,5466
16:10:39,23,8108,MISS,136176784,3,2021021804:15:46.html,5498,229,0.21,712384,5498
16:11:13,23,8108,HIT,136102560,2,2021021804:19:02.html,5532,229,0.21,712384,5532
16:11:48,23,8112,HIT,126358545,3,2021021804:22:22.html,5567,229,0.21,712384,5567
16:12:21,23,8108,MISS,149385024,2,2021021804:25:37.html,5600,229,0.21,712384,5600
16:12:54,23,8108,MISS,149384227,2,2021021804:28:47.html,5633,229,0.21,712384,5633
16:13:26,23,8108,MISS,133209658,3,2021021804:31:52.html,5665,229,0.21,712384,5665
16:14:01,23,8108,HIT,108304803,2,2021021804:35:12.html,5700,229,0.21,712384,5700
16:14:34,23,8108,MISS,130184691,2,2021021821:31:02.html,5733,229,0.21,712384,5733
16:15:06,23,8108,MISS,128434286,3,2021021821:34:07.html,5765,230,0.21,712384,5765
16:15:40,23,8108,MISS,137770142,2,2021021821:37:27.html,5799,230,0.21,712384,5799
16:16:15,23,8108,MISS,135492107,3,2021021821:40:47.html,5834,230,0.21,712384,5834
16:16:50,23,8108,MISS,117292825,2,2021021821:44:07.html,5869,230,0.21,712384,5869
16:17:24,23,8108,MISS,125484977,3,2021021821:47:23.html,5903,230,0.21,712384,5903
16:18:00,23,8108,HIT,134808728,2,2021021821:50:48.html,5939,230,0.21,712384,5939
16:18:36,23,8108,HIT,137379012,2,2021021821:54:18.html,5975,230,0.21,713424,5975
16:19:12,23,8108,MISS,140966714,2,2021021821:57:48.html,6011,230,0.21,713424,6011
16:19:46,23,8112,HIT,146239729,2,2021021822:01:03.html,6045,230,0.21,713424,6045
16:20:22,23,8108,MISS,138389491,2,2021021822:04:34.html,6081,230,0.21,713424,6081
16:20:57,23,8112,HIT,115249375,2,2021021822:07:54.html,6116,230,0.21,713424,6116
16:21:33,24,8108,MISS,140984712,3,2021021822:11:24.html,6152,230,0.21,713424,6152
16:22:08,24,8108,MISS,131691227,2,2021021822:14:49.html,6187,230,0.21,713424,6187
16:22:45,24,8108,MISS,127115921,2,2021021822:18:24.html,6224,230,0.21,713424,6224
16:23:21,24,8108,MISS,134406967,2,2021021822:21:54.html,6260,230,0.21,713424,6260
16:24:08,24,8108,HIT,159403067,2,2021021822:26:10.html,6307,230,0.21,713424,6307
16:24:56,24,8112,HIT,118704591,2,2021021822:30:30.html,6355,230,0.21,713424,6355
16:25:37,24,8108,MISS,180930556,2,2021021822:34:25.html,6396,230,0.21,713424,6396
16:26:22,24,8108,MISS,140160439,3,2021021822:38:30.html,6441,231,0.21,713424,6441
16:27:06,24,8108,HIT,131733712,3,2021021822:42:26.html,6485,231,0.21,713904,6485
16:27:44,24,8108,HIT,151636353,2,2021021822:46:01.html,6523,231,0.21,713904,6523
16:28:25,24,8108,HIT,207381737,2,2021021822:49:51.html,6564,231,0.21,713904,6564
16:29:12,24,8108,MISS,127086155,2,2021021813:53:23.html,6611,231,0.21,713904,6611
16:29:49,24,8108,HIT,112659188,2,2021021813:56:54.html,6648,231,0.21,713904,6648
16:30:27,24,8108,MISS,177601363,2,2021021814:00:34.html,6686,231,0.21,713904,6686
16:31:01,24,8108,HIT,119080449,3,2021021814:03:49.html,6720,231,0.21,713904,6720
16:31:37,24,8108,HIT,105817236,3,2021021814:07:19.html,6756,231,0.21,713904,6756
16:32:13,24,8108,MISS,148609274,2,2021021814:10:54.html,6792,231,0.21,713904,6792
16:32:49,24,8108,HIT,122772444,2,2021021814:14:20.html,6828,231,0.21,713904,6828
16:33:26,24,8108,MISS,128770763,3,2021021814:17:55.html,6865,231,0.21,713904,6865
16:34:03,24,8108,MISS,138615273,2,2021021814:21:30.html,6902,231,0.21,713904,6902
16:34:38,24,8108,MISS,131488877,2,2021021814:24:55.html,6937,231,0.21,713904,6937
16:35:17,25,8108,HIT,112526344,2,2021021814:28:35.html,6976,231,0.21,713904,6976
16:35:56,25,8108,HIT,132265319,2,2021021814:32:20.html,7015,231,0.21,713904,7015
16:36:34,25,8108,MISS,175201984,2,2021021814:36:01.html,7053,231,0.21,713904,7053
16:37:11,25,8108,MISS,136036787,2,2021021814:39:36.html,7090,231,0.21,713904,7090
16:37:49,25,8108,MISS,172887487,2,2021021814:43:16.html,7128,232,0.21,713904,7128
16:38:25,25,8112,MISS,109667524,3,2021021814:46:46.html,7164,232,0.21,713904,7164
16:39:01,25,8108,HIT,134613190,2,2021021814:50:16.html,7200,232,0.21,713904,7200
16:39:37,25,8108,MISS,137710406,2,2021021814:53:52.html,7236,232,0.21,713904,7236
16:40:14,25,8108,MISS,185413029,3,2021021814:57:27.html,7273,232,0.21,713904,7273
16:40:50,25,8108,HIT,124318080,3,2021021815:00:57.html,7309,232,0.21,713904,7309
16:41:28,25,8108,MISS,123740796,2,2021021815:04:42.html,7347,232,0.21,713904,7347
16:42:04,25,8108,HIT,121699117,2,2021021815:08:12.html,7383,232,0.21,713904,7383
16:42:42,25,8108,HIT,106954479,2,2021021815:11:52.html,7421,232,0.21,713904,7421
16:43:19,25,8108,HIT,115480789,3,2021021909:39:39.html,7458,232,0.21,713904,7458
16:43:58,25,8108,HIT,118812696,2,2021021909:43:30.html,7497,232,0.21,713904,7497
16:44:35,25,8108,HIT,108948431,3,2021021909:47:05.html,7534,232,0.21,713904,7534
16:45:13,25,8108,MISS,111732885,3,2021021909:50:51.html,7572,232,0.21,714944,7572
16:45:51,25,8108,MISS,142339734,2,2021021909:54:37.html,7610,232,0.21,714944,7610
16:46:27,25,8108,MISS,122524078,2,2021021909:58:08.html,7646,232,0.21,714944,7646
16:47:06,25,8108,HIT,113912889,2,2021021910:01:53.html,7685,232,0.21,714944,7685
16:47:47,25,8108,MISS,124218880,2,2021021910:05:54.html,7726,232,0.21,714944,7726
16:48:29,25,8108,HIT,130737487,2,2021021910:09:55.html,7768,233,0.21,714944,7768
16:49:09,26,8108,MISS,121129985,3,2021021910:13:51.html,7808,233,0.21,714944,7808
16:49:47,26,8108,HIT,106675970,3,2021021910:17:32.html,7846,233,0.21,714944,7846
16:50:26,26,8108,HIT,113426853,2,2021021910:21:23.html,7885,233,0.21,714944,7885
16:51:04,26,8108,HIT,130977125,2,2021021910:25:10.html,7923,233,0.21,714944,7923
16:51:43,26,8108,MISS,138610471,2,2021021910:29:02.html,7962,233,0.21,714944,7962
16:52:27,26,8108,HIT,125344633,3,2021021910:33:03.html,8006,233,0.21,714944,8006
16:53:10,26,8108,HIT,123214299,2,2021021910:36:59.html,8049,233,0.21,714944,8049
16:53:50,26,8108,MISS,120320858,2,2021021910:40:54.html,8089,233,0.21,714944,8089
16:54:34,26,8108,HIT,351219871,1,2021021910:45:05.html,8133,233,0.21,714944,8133
16:55:22,26,8108,MISS,166239130,2,2021021910:49:38.html,8181,233,0.21,714944,8181
16:56:04,26,8108,MISS,161610075,3,2021021910:53:33.html,8223,233,0.21,714944,8223
16:57:24,26,8108,HIT,263505883,2,2021021910:59:40.html,8303,233,0.21,714944,8303
16:59:23,26,8108,HIT,331696787,1,2021022022:30:01.html,8422,233,0.21,714944,8422
17:01:37,26,8108,HIT,262031790,2,2021022022:38:29.html,8556,234,0.21,714944,8556
17:05:44,26,8108,HIT,228496631,2,2021022022:48:55.html,8803,234,0.21,714944,8803
17:07:15,27,8108,MISS,521479642,1,2021022022:56:12.html,8894,234,0.21,716000,8894
17:09:41,27,8108,HIT,124651883,2,2021022023:05:28.html,9040,234,0.21,716048,9040
17:12:00,27,8108,HIT,287990143,1,2021022023:15:54.html,9179,234,0.21,716048,9179
17:14:08,27,8108,HIT,322864113,2,2021022023:25:29.html,9307,234,0.21,716048,9307
17:16:24,27,8108,MISS,155333593,2,2021022023:35:35.html,9443,234,0.21,716048,9443
17:18:55,27,8108,HIT,441365204,1,2021022023:46:35.html,9594,235,0.21,716048,9594
17:21:33,27,8108,MISS,334714771,1,2021022100:04:29.html,9752,235,0.21,716048,9752
17:24:29,27,8108,MISS,149398446,2,2021022100:14:35.html,9928,235,0.21,716048,9928
17:27:40,28,8108,MISS,129561369,1,2021022100:26:00.html,10119,235,0.21,716048,10119
17:30:41,28,8108,HIT,125131345,2,2021022100:36:36.html,10300,235,0.21,716048,10300
17:33:41,28,8108,HIT,175105024,1,2021022100:47:17.html,10480,235,0.21,716048,10480
17:36:45,28,8108,MISS,458356874,2,2021022100:58:17.html,10664,236,0.2,717088,10664
17:40:14,28,8108,HIT,121871988,1,2021022101:10:38.html,10873,236,0.2,717088,10873
17:44:03,28,8108,HIT,194952775,1,2020122719:15:14.html,11102,236,0.21,717088,11102
17:46:54,28,8108,MISS,140627458,2,2020122719:25:55.html,11273,236,0.21,717088,11273
17:49:50,29,8108,MISS,378268109,2,2020122719:36:40.html,11449,236,0.21,717088,11449
17:52:21,29,8104,HIT,124887878,1,2020122719:46:46.html,11600,236,0.21,717088,11600
17:54:54,29,8108,MISS,139629470,2,2020122719:57:11.html,11753,237,0.21,717088,11753
17:57:14,29,8108,HIT,122799999,2,2020122720:06:52.html,11893,237,0.21,717088,11893
17:59:30,29,8108,HIT,125985633,2,2020122720:16:42.html,12029,237,0.21,717088,12029
18:01:57,29,8108,HIT,115554081,1,2020122720:26:53.html,12176,237,0.21,717088,12176
18:04:51,29,8108,MISS,156655591,2,2020122722:43:23.html,12350,237,0.21,717088,12350
18:07:33,29,8108,HIT,143791613,2,2020122722:54:29.html,12512,237,0.21,717088,12512
18:10:13,29,8108,HIT,334618551,1,2020122723:05:04.html,12672,237,0.21,717584,12672
18:13:15,29,8108,HIT,516719273,2,2020122723:16:35.html,12854,237,0.21,717584,12854
18:16:40,29,8108,MISS,1011500862,1,2020122723:27:45.html,13059,237,0.22,717584,13059
18:19:02,29,8108,MISS,302578712,2,2020122723:36:41.html,13201,237,0.22,717584,13201
19:19:29,29,8104,MISS,59751102469,1,2020122723:42:31.html,13228,237,0.18,717584,13228
19:54:29,29,8108,MISS,124256249,3,2020122723:45:11.html,15328,237,0.16,717584,15328
19:55:15,29,8108,HIT,109047834,2,2020122723:49:36.html,15374,237,0.16,717584,15374
19:56:01,29,8108,MISS,115258602,1,2020122723:54:07.html,15420,237,0.16,717584,15420
19:57:00,29,8108,HIT,141132993,2,2020122723:59:37.html,15479,237,0.16,717584,15479
19:57:59,29,8108,HIT,161927509,2,2020122808:14:44.html,15538,237,0.16,717584,15538
19:58:56,29,8108,HIT,164718619,2,2020122808:20:04.html,15595,237,0.16,717584,15595
19:59:40,29,8108,HIT,126971019,2,2020122808:24:19.html,15639,237,0.16,717584,15639
20:00:24,29,8108,MISS,252713815,2,2020122808:28:35.html,15683,237,0.16,717584,15683
20:01:16,29,8108,MISS,132356824,2,2020122808:33:35.html,15735,237,0.16,717584,15735
20:02:19,29,8112,MISS,136316850,2,2020122808:39:35.html,15798,237,0.16,717584,15798
20:03:13,29,8104,MISS,124733801,3,2020122808:44:41.html,15852,237,0.16,717584,15852
20:04:04,29,8108,HIT,113763918,3,2020122808:49:26.html,15903,237,0.16,717584,15903
20:04:48,29,8108,MISS,125679209,3,2020122808:53:41.html,15947,237,0.16,717584,15947
20:05:30,29,8112,HIT,139698146,2,2020122808:57:42.html,15989,237,0.16,717584,15989
20:06:13,29,8108,HIT,119356843,2,2020122809:01:47.html,16032,237,0.16,717584,16032
20:07:03,29,8108,MISS,194354816,2,2020122809:06:32.html,16082,237,0.16,717584,16082
20:08:03,29,8108,MISS,150734173,2,2020122809:11:58.html,16142,237,0.16,717584,16142
20:08:59,29,8108,MISS,254802186,2,2020122809:17:08.html,16198,237,0.16,717584,16198
20:09:49,29,8108,MISS,155167895,2,2020122809:21:33.html,16248,237,0.16,717584,16248
20:10:32,29,8108,HIT,149373110,2,2020122809:25:38.html,16291,237,0.16,717584,16291
20:11:14,29,8112,MISS,148899877,2,2020122809:29:44.html,16333,238,0.16,717584,16333
20:12:07,29,8108,MISS,140510814,2,2020122809:34:44.html,16386,238,0.16,717584,16386
20:12:54,29,8112,MISS,173524059,2,2020122810:11:42.html,16433,238,0.16,717584,16433
20:13:46,29,8108,HIT,118308959,3,2020122810:16:18.html,16485,238,0.16,717584,16485
20:14:43,29,8108,MISS,143900732,2,2020122810:21:48.html,16542,238,0.16,717584,16542
20:15:37,29,8108,HIT,110484582,2,2020122810:26:39.html,16596,238,0.16,717584,16596
20:16:31,29,8108,MISS,119424498,3,2020122810:31:54.html,16650,238,0.16,717584,16650
20:17:22,29,8108,HIT,108989184,3,2020122810:36:49.html,16701,238,0.16,717584,16701
20:18:21,29,8108,MISS,115589542,2,2020122810:42:25.html,16760,238,0.16,717584,16760
20:19:21,29,8108,MISS,137111314,2,2020122810:48:05.html,16820,238,0.16,717584,16820
20:20:15,29,8108,MISS,127788728,2,2020122810:53:16.html,16874,238,0.16,717584,16874
20:21:11,29,8112,MISS,178642332,2,2020122810:58:41.html,16930,238,0.16,717584,16930
20:22:09,29,8108,HIT,130628031,2,2020122811:04:11.html,16988,238,0.16,717584,16988
20:22:59,29,8108,HIT,121787594,2,2020122811:08:57.html,17038,238,0.16,717584,17038
20:23:50,29,8108,MISS,125609421,2,2020122811:13:53.html,17089,238,0.16,717584,17089
20:24:42,29,8108,MISS,149973277,2,2020122811:18:53.html,17141,238,0.16,717584,17141
20:25:29,29,8108,MISS,131328976,3,2020122811:23:23.html,17188,238,0.16,717584,17188
20:26:13,29,8108,HIT,131397020,2,2020122811:27:33.html,17232,238,0.16,717584,17232
20:26:58,29,8108,HIT,133318413,2,2020122811:37:57.html,17277,238,0.16,717584,17277
20:27:45,29,8108,HIT,99508414,3,2020122811:42:22.html,17324,238,0.16,717584,17324
20:28:39,29,8108,MISS,182996707,2,2020122811:47:32.html,17378,238,0.16,717584,17378
20:29:30,29,8108,HIT,149779812,2,2020122811:52:23.html,17429,238,0.16,717584,17429
20:30:22,29,8108,MISS,120323253,3,2020122811:57:18.html,17481,238,0.16,717584,17481
20:31:14,29,8108,MISS,129491528,3,2020122812:02:13.html,17533,238,0.16,717584,17533
20:32:03,29,8108,MISS,180809230,2,2020122812:06:54.html,17582,238,0.16,717584,17582
20:32:54,29,8108,HIT,132229292,2,2020122812:11:44.html,17633,238,0.16,717584,17633
20:33:39,29,8104,HIT,102214630,2,2020122812:16:04.html,17678,238,0.16,717584,17678
20:34:26,29,8108,MISS,132552356,3,2020122812:20:40.html,17725,238,0.16,717584,17725
20:35:10,29,8108,HIT,102615063,2,2020122812:24:55.html,17769,238,0.16,717584,17769
20:36:01,29,8108,MISS,180384395,2,2020122812:29:51.html,17820,238,0.16,717584,17820
20:36:46,29,8112,MISS,144639183,3,2020122812:34:11.html,17865,238,0.16,717584,17865
20:37:34,29,8112,MISS,136152450,2,2020122812:38:51.html,17913,238,0.16,717584,17913
20:38:28,29,8108,HIT,156116180,2,2020122812:43:56.html,17967,238,0.16,717584,17967
20:39:28,29,8108,HIT,103183994,3,2020122812:49:22.html,18027,238,0.16,717584,18027
20:40:22,29,8108,MISS,114121042,3,2020122812:54:32.html,18081,238,0.16,717584,18081
20:41:04,29,8108,MISS,117525350,3,2020122812:58:37.html,18123,238,0.16,717584,18123
20:41:50,29,8108,HIT,112777800,2,2020122800:09:02.html,18169,238,0.16,717584,18169
20:42:41,29,8108,HIT,104828450,2,2020122800:13:52.html,18220,238,0.17,717584,18220
20:43:37,29,8108,MISS,150281893,3,2020122800:19:08.html,18276,238,0.17,717584,18276
20:44:33,29,8112,HIT,155825403,2,2020122800:24:23.html,18332,238,0.17,717584,18332
20:45:29,29,8108,MISS,128706495,3,2020122800:29:43.html,18388,238,0.17,717584,18388
20:46:16,29,8108,MISS,123044193,3,2020122800:33:48.html,18435,238,0.17,717584,18435
20:46:58,29,8108,MISS,115885480,3,2020122800:37:54.html,18477,238,0.17,717584,18477
20:47:44,29,8108,HIT,184578005,2,2020122800:42:19.html,18523,238,0.17,717584,18523
20:48:30,29,8108,MISS,129254290,2,2020122800:46:44.html,18569,239,0.17,717584,18569
20:49:22,29,8112,HIT,136163076,2,2020122800:51:34.html,18621,239,0.17,717584,18621
20:50:20,29,8108,HIT,146511891,2,2020122800:56:55.html,18679,239,0.17,717584,18679
20:51:17,29,8108,MISS,212116075,3,2020122801:02:10.html,18736,239,0.17,717584,18736
6:53:56,29,8104,MISS,121823398,2,2020122801:12:15.html,18895,239,0.07,717584,18895
6:54:51,29,8108,HIT,142863594,2,2020122801:17:31.html,18950,239,0.07,717584,18950
6:55:42,29,8108,MISS,120838203,2,2020122801:22:31.html,19001,239,0.07,717584,19001
6:56:33,29,8108,HIT,102271191,2,2020122801:27:26.html,19052,239,0.07,717584,19052
6:57:23,29,8108,HIT,97662790,3,2020122808:14:04.html,19102,239,0.07,717584,19102
6:58:13,29,8108,HIT,122850665,2,2020122808:18:59.html,19152,239,0.07,717584,19152
6:59:04,29,8108,HIT,102282967,2,2020122808:23:59.html,19203,239,0.07,717584,19203
6:59:56,29,8108,HIT,108229505,3,2020122808:29:05.html,19255,239,0.07,717584,19255
7:00:48,29,8112,HIT,114816260,2,2020122808:34:05.html,19307,239,0.07,717584,19307
7:01:50,29,8108,HIT,206055626,2,2020122808:40:06.html,19369,239,0.07,717584,19369
7:02:51,29,8108,HIT,119015241,2,2020122808:46:01.html,19430,239,0.07,717584,19430
7:03:48,29,8112,HIT,118616933,2,2020122808:51:36.html,19487,239,0.07,717584,19487
7:04:50,29,8108,HIT,122112620,2,2020122808:57:27.html,19549,239,0.07,717584,19549
7:06:10,29,8108,HIT,132985186,2,2020122809:04:12.html,19629,239,0.07,717584,19629
7:07:54,29,8108,HIT,158778250,3,2020122809:13:08.html,19733,239,0.07,717584,19733
7:09:31,29,8108,HIT,146699110,2,2020122809:21:33.html,19830,239,0.07,717584,19830
7:10:53,29,8108,HIT,125891149,3,2020122809:28:54.html,19912,239,0.07,717584,19912
7:12:14,29,8108,MISS,198777451,2,2020110516:09:59.html,19993,239,0.07,717584,19993
7:13:31,29,8108,MISS,165810650,2,2020110516:16:45.html,20070,239,0.07,717584,20070
7:14:48,29,8108,HIT,138852167,2,2020110516:23:25.html,20147,239,0.07,717584,20147
7:16:09,29,8108,MISS,203181311,2,2020110516:30:30.html,20228,239,0.07,717584,20228
7:18:04,29,8108,MISS,448611002,2,2020110516:39:06.html,20343,239,0.07,717584,20343
7:20:36,29,8108,MISS,257933262,2,2020110516:49:56.html,20495,239,0.07,717584,20495
7:22:29,29,8108,MISS,157890306,3,2020110516:58:32.html,20608,239,0.08,717584,20608
7:23:21,29,8108,HIT,116600100,2,2020110517:03:17.html,20660,239,0.08,717584,20660
7:24:25,29,8108,HIT,144449738,2,2020110517:08:47.html,20724,239,0.08,717584,20724
7:25:59,29,8108,MISS,207584826,2,2020110517:15:58.html,20818,239,0.08,717584,20818
7:26:53,29,8108,HIT,113115594,3,2020110517:20:53.html,20872,239,0.08,717584,20872
7:27:49,29,8104,HIT,119411757,3,2020110517:26:08.html,20928,239,0.08,717584,20928
7:28:45,29,8108,HIT,126378190,2,2020110517:31:24.html,20984,239,0.08,717584,20984
7:29:44,29,8108,MISS,140758236,2,2020110916:46:28.html,21043,239,0.08,717584,21043
7:30:48,30,8108,MISS,173408541,2,2020110916:52:13.html,21107,239,0.08,717584,21107
7:31:46,30,8112,HIT,136355718,2,2020110916:57:28.html,21165,239,0.08,717584,21165
7:32:42,30,8104,MISS,209098497,2,2020110917:02:48.html,21221,239,0.08,717584,21221
7:33:33,30,8108,MISS,143963993,2,2020110917:07:39.html,21272,239,0.08,717584,21272
7:34:20,30,8108,HIT,120873241,2,2020110917:12:09.html,21319,239,0.08,717584,21319
7:35:01,30,8108,HIT,133175611,2,2020110917:16:09.html,21360,240,0.08,717584,21360
7:35:42,30,8108,HIT,124871401,2,2020110917:20:09.html,21401,240,0.08,717584,21401
7:38:11,30,8104,HIT,1.20E+11,1,2020110917:22:59.html,21550,240,0.08,717584,21550
13:28:27,30,8108,MISS,530287918,1,2020110917:41:30.html,24566,240,0.06,717584,21596
13:32:06,30,8108,MISS,130776004,2,2020110917:56:06.html,24785,240,0.06,717584,21815
13:35:40,30,8112,HIT,231451013,1,2020110915:19:49.html,24999,240,0.06,717584,22029
13:38:17,30,8108,HIT,144732381,2,2020110915:31:19.html,25156,240,0.06,717584,22186
13:41:08,30,8108,HIT,158511468,2,2020110915:43:20.html,25327,240,0.06,717584,22357
13:44:44,30,8108,MISS,343150101,2,2020110915:56:31.html,25543,240,0.07,717584,22573
13:48:44,30,8108,HIT,130251329,1,2020110916:10:11.html,25783,240,0.07,717584,22813
13:50:39,30,8108,MISS,171303524,2,2020110916:19:32.html,25898,240,0.07,717584,22928
13:52:59,30,8108,MISS,388695962,2,2020110916:29:57.html,26038,240,0.07,717584,23068
13:54:48,30,8108,MISS,344895802,2,2020110916:38:33.html,26147,240,0.07,717584,23177
13:56:53,30,8108,MISS,149011096,2,2020110913:56:55.html,26272,240,0.07,717584,23302
14:00:22,30,8112,HIT,162121026,1,2020110914:12:16.html,26481,240,0.07,717584,23511
14:02:07,30,8108,MISS,220716436,2,2020110914:20:46.html,26586,240,0.07,717584,23616
14:03:23,30,8108,HIT,196498862,2,2020110914:27:47.html,26662,240,0.07,717584,23692
14:04:39,30,8108,MISS,126522869,3,2020110914:34:47.html,26738,240,0.07,717584,23768
14:06:03,30,8108,MISS,186892568,2,2020110914:42:37.html,26822,240,0.07,717584,23852
14:07:27,30,8108,HIT,119948634,2,2020110914:50:23.html,26906,240,0.07,717584,23936
14:08:46,30,8112,MISS,167916306,2,2020110914:57:48.html,26985,241,0.07,717584,24015
14:09:46,30,8108,HIT,127630016,2,2020110915:03:24.html,27045,241,0.07,717584,24075
14:12:24,30,8108,MISS,188469487,2,2020110912:11:57.html,27203,241,0.07,717584,24233
14:15:35,30,8108,MISS,140653752,2,2020110912:26:38.html,27394,241,0.07,717584,24424
14:18:38,30,8108,HIT,246606984,2,2020110912:40:54.html,27577,241,0.07,717584,24607
14:39:03,30,8104,HIT,116997786,5,2021022111:48:11.html,28802,241,0.07,717584,25832
14:40:39,30,8104,HIT,109855317,2,2021022111:51:23.html,28898,241,0.07,717584,25928
14:42:12,30,8104,HIT,108417719,3,2021021819:35:15.html,28991,241,0.07,717584,26021
14:44:17,30,8104,MISS,303874727,2,2021021819:46:11.html,29116,241,0.07,717584,26146
14:45:53,30,8104,MISS,202909619,2,2021021819:54:16.html,29212,241,0.07,717584,26242
14:46:47,30,8104,HIT,96874422,2,2021021819:58:37.html,29266,241,0.07,717584,26296
14:47:39,30,8104,MISS,292547957,1,2021021820:02:22.html,29318,241,0.07,717584,26348
14:48:29,30,8104,MISS,283220163,1,2021021820:05:02.html,29368,241,0.07,717584,26398
14:49:20,30,8104,HIT,341949181,1,2021021820:07:42.html,29419,241,0.07,717584,26449
14:50:23,30,8104,MISS,342799510,1,2021021820:10:57.html,29482,241,0.07,717584,26512
14:51:25,30,8104,MISS,311633575,2,2021021820:15:48.html,29544,241,0.07,717584,26574
14:52:30,30,8104,HIT,115691447,3,2021021820:20:48.html,29609,241,0.07,717584,26639
14:53:38,30,8104,HIT,101508393,2,2021021820:26:14.html,29677,241,0.07,717584,26707
14:54:45,30,8104,MISS,127083858,3,2021021820:31:45.html,29744,241,0.07,717584,26774
14:56:04,30,8104,HIT,105013208,3,2021021820:38:42.html,29823,241,0.07,717584,26853
14:57:14,30,8104,HIT,104577884,2,2021021820:45:07.html,29893,241,0.07,717584,26923
14:58:20,30,8104,HIT,113456163,3,2021021820:51:17.html,29959,241,0.07,717584,26989
14:59:19,30,8104,HIT,117828498,3,2021021820:56:53.html,30018,241,0.07,717584,27048
15:00:23,30,8104,HIT,107589030,2,2021021902:02:48.html,30082,241,0.07,717584,27112
15:01:30,30,8104,MISS,281381257,3,2021021902:08:43.html,30149,241,0.07,717584,27179
15:03:18,30,8104,MISS,327720097,3,2021021902:18:28.html,30257,241,0.07,717584,27287
15:04:15,30,8104,MISS,119493285,2,2021021902:23:59.html,30314,241,0.07,717584,27344
15:05:12,30,8104,HIT,112399641,2,2021021902:29:29.html,30371,241,0.07,717584,27401
15:06:13,30,8104,MISS,130132943,3,2021021902:35:19.html,30432,241,0.07,717584,27462
15:07:11,30,8104,HIT,121362213,3,2021021902:40:55.html,30490,241,0.07,717584,27520
15:08:06,30,8104,HIT,146094154,2,2021021902:46:15.html,30545,241,0.07,717584,27575
15:09:02,30,8104,HIT,132938971,2,2021021902:51:40.html,30601,241,0.07,717584,27631
15:10:07,30,8104,HIT,108840959,2,2021021902:58:00.html,30666,241,0.07,717584,27696
15:11:04,30,8104,HIT,112828374,2,2021021903:03:36.html,30723,241,0.07,717584,27753
15:11:58,30,8104,MISS,138921244,3,2021021903:08:26.html,30777,241,0.07,717584,27807
15:12:56,30,8104,MISS,117522473,2,2021021903:14:06.html,30835,241,0.07,717584,27865
15:13:52,30,8104,MISS,108380540,3,2021021903:19:31.html,30891,241,0.07,717584,27921
15:14:48,30,8104,HIT,113841284,2,2021021812:13:08.html,30947,241,0.07,717584,27977
15:15:45,30,8104,MISS,126441120,3,2021021812:18:44.html,31004,241,0.07,717584,28034
15:16:41,30,8104,MISS,151417843,2,2021021812:24:14.html,31060,241,0.07,717584,28090
15:17:35,30,8104,HIT,109197763,2,2021021812:29:30.html,31114,241,0.07,717584,28144
15:18:30,30,8104,MISS,120015908,3,2021021812:34:55.html,31169,241,0.07,717584,28199
15:19:26,30,8104,MISS,130421604,2,2021021812:40:26.html,31225,241,0.07,717584,28255
15:20:29,30,8104,HIT,112639372,2,2021021812:46:36.html,31288,241,0.07,717584,28318
15:21:28,30,8104,HIT,124885964,2,2021021812:52:22.html,31347,241,0.07,717584,28377
15:22:27,30,8104,HIT,120762354,2,2021021812:57:57.html,31406,241,0.07,717584,28436
15:23:19,30,8104,HIT,129478531,2,2021021813:02:57.html,31458,241,0.07,717584,28488
15:24:09,30,8104,HIT,145404733,2,2021021813:07:43.html,31508,241,0.07,717584,28538
15:25:06,30,8104,HIT,152750547,2,2021021813:13:03.html,31565,241,0.07,717584,28595
15:26:05,30,8104,HIT,126040764,2,2021021813:18:33.html,31624,241,0.07,717584,28654
15:27:05,30,8104,HIT,139281225,2,2021021813:24:09.html,31684,241,0.07,717584,28714
15:27:59,30,8104,MISS,214779296,2,2021021813:29:10.html,31738,241,0.07,717584,28768
15:28:51,30,8104,MISS,146651673,2,2021022108:13:49.html,31790,241,0.07,717584,28820
15:29:46,30,8108,HIT,208693062,2,2021022108:18:35.html,31845,241,0.07,717584,28875
15:30:50,30,8108,HIT,133752593,2,2021022108:24:00.html,31909,241,0.07,717584,28939
15:31:56,30,8108,MISS,126532255,2,2021022108:30:15.html,31975,241,0.07,717584,29005
15:32:54,30,8108,HIT,149953472,2,2021022108:35:30.html,32033,241,0.07,717584,29063
15:33:50,30,8108,MISS,175651868,2,2020110913:09:00.html,32089,241,0.07,717584,29119
15:34:45,30,8108,HIT,141604046,2,2020110913:14:05.html,32144,241,0.07,717584,29174
15:35:41,30,8108,MISS,148009840,2,2021022108:43:21.html,32200,241,0.07,717584,29230
15:36:37,30,8108,MISS,232257456,2,2021022108:48:22.html,32256,241,0.07,717584,29286
15:37:30,30,8108,HIT,127517143,2,2021022108:53:17.html,32309,241,0.07,717584,29339
15:38:24,30,8108,MISS,125075834,2,2021022108:58:22.html,32363,241,0.07,717584,29393
15:39:40,30,8108,MISS,131560538,3,2021022109:05:32.html,32439,241,0.07,717584,29469
15:40:40,30,8112,MISS,226443897,2,2021022109:11:18.html,32499,241,0.07,717584,29529
15:41:57,30,8104,HIT,99193098,3,2021022109:18:23.html,32576,241,0.07,717584,29606
15:43:05,30,8108,MISS,177613627,2,2021022109:24:38.html,32644,241,0.07,717584,29674
15:44:01,30,8108,MISS,183197117,2,2021022109:29:49.html,32700,241,0.07,717584,29730
15:44:56,30,8108,MISS,127953418,2,2021022109:34:59.html,32755,241,0.07,717584,29785
15:45:54,30,8108,HIT,135473153,2,2021021723:03:15.html,32813,241,0.07,717584,29843
15:46:54,30,8108,HIT,138752908,2,2021021723:09:05.html,32873,241,0.07,717584,29903
15:48:04,30,8108,HIT,116016407,3,2021021723:15:51.html,32943,241,0.07,717584,29973
15:49:13,30,8108,MISS,134189826,3,2021021723:22:16.html,33012,241,0.07,717584,30042
15:50:26,30,8108,HIT,125494415,3,2021021723:29:06.html,33085,241,0.07,717584,30115
15:51:29,30,8108,MISS,129084310,2,2021021723:35:06.html,33148,241,0.07,717584,30178
15:52:28,30,8108,MISS,161253708,2,2021021723:40:47.html,33207,241,0.07,717584,30237
15:53:28,30,8108,HIT,114603375,2,2021021723:46:32.html,33267,241,0.07,717584,30297
15:54:23,30,8108,HIT,106121572,2,2021021723:51:52.html,33322,241,0.07,717584,30352
15:55:14,30,8108,MISS,133400732,2,2021021723:56:52.html,33373,241,0.07,717584,30403
15:56:07,30,8108,MISS,136771688,2,2021021800:01:58.html,33426,241,0.07,717584,30456
15:57:00,30,8112,MISS,126405675,2,2021021800:07:03.html,33479,241,0.07,717584,30509
15:57:53,30,8108,MISS,134094346,2,2021021800:12:08.html,33532,241,0.07,717584,30562
15:58:44,30,8108,MISS,150454293,2,2021021800:17:03.html,33583,242,0.07,717584,30613
15:59:35,30,8108,HIT,121338364,2,2021021800:21:59.html,33634,242,0.07,717584,30664
16:00:28,30,8108,MISS,117689660,2,2021021803:17:04.html,33687,242,0.07,717584,30717
16:01:24,30,8108,HIT,119359675,3,2021021803:22:24.html,33743,242,0.07,717584,30773
16:02:20,30,8108,HIT,125280346,2,2021021803:27:49.html,33799,242,0.07,717584,30829
16:03:22,30,8108,MISS,143502944,2,2021021803:33:49.html,33861,242,0.07,717584,30891
16:04:18,30,8112,HIT,109199589,2,2021021803:39:15.html,33917,242,0.07,717584,30947
16:05:17,30,8108,HIT,122054229,2,2021021803:45:00.html,33976,242,0.07,717584,31006
16:06:15,30,8108,HIT,124781052,2,2021021803:50:35.html,34034,242,0.07,717584,31064
16:07:13,30,8104,MISS,143689164,2,2021021803:56:01.html,34092,242,0.07,718592,31122
16:08:11,30,8104,MISS,131000875,3,2021021804:01:31.html,34150,242,0.07,718592,31180
16:09:08,30,8104,MISS,132789557,2,2021021804:07:01.html,34207,242,0.07,718592,31237
16:09:57,30,8104,HIT,109910942,2,2021021804:11:41.html,34256,242,0.07,718592,31286
16:10:45,30,8104,MISS,117291329,2,2021021804:16:22.html,34304,242,0.07,718592,31334
16:11:45,30,8104,MISS,130650575,3,2021021804:22:07.html,34364,242,0.07,718592,31394
16:13:25,30,8104,MISS,117943373,2,2021021804:31:47.html,34464,242,0.07,718592,31494
16:14:42,30,8104,MISS,119455174,3,2021021821:31:47.html,34541,242,0.07,718592,31571
16:15:49,30,8104,HIT,118867294,2,2021021821:38:17.html,34608,242,0.07,718592,31638
16:16:50,30,8104,MISS,117292825,2,2021021821:44:07.html,34669,242,0.07,718592,31699
16:17:50,30,8104,MISS,145971539,2,2021021821:49:53.html,34729,242,0.07,718592,31759
16:18:48,30,8104,MISS,165028141,2,2021021821:55:28.html,34787,242,0.07,718592,31817
16:19:47,30,8104,HIT,126810644,3,2021021822:01:08.html,34846,242,0.07,718592,31876
16:20:52,30,8104,HIT,109461105,3,2021021822:07:24.html,34911,242,0.07,718592,31941
16:22:01,30,8104,HIT,118857475,2,2021021822:14:04.html,34980,242,0.07,718592,32010
16:23:09,30,8104,MISS,127000907,2,2021021822:20:44.html,35048,242,0.07,718592,32078
16:24:12,30,8104,MISS,177220838,2,2021021822:26:35.html,35111,242,0.07,718592,32141
16:25:09,30,8104,MISS,135187199,2,2021021822:31:45.html,35168,242,0.07,718592,32198
16:26:02,30,8104,MISS,189624186,2,2021021822:36:45.html,35221,242,0.07,718592,32251
16:26:59,30,8104,MISS,159277503,3,2021021822:41:51.html,35278,242,0.07,718592,32308
16:27:57,30,8104,MISS,127453551,3,2021021822:47:16.html,35336,242,0.07,718592,32366
16:28:50,30,8104,HIT,139157199,2,2021021813:51:18.html,35389,242,0.07,718592,32419
16:29:43,30,8104,HIT,149380758,2,2021021813:56:19.html,35442,242,0.07,718592,32472
16:30:38,30,8104,HIT,117248075,3,2021021814:01:34.html,35497,242,0.07,718592,32527
16:31:51,30,8104,MISS,127507688,3,2021021814:08:44.html,35570,242,0.07,718592,32600
16:33:02,30,8104,HIT,133294008,2,2021021814:15:35.html,35641,242,0.07,718592,32671
16:34:14,30,8104,MISS,120054807,2,2021021814:22:35.html,35713,242,0.07,718592,32743
16:35:19,30,8104,MISS,131734792,2,2021021814:28:50.html,35778,242,0.07,718592,32808
16:36:17,30,8104,HIT,124390111,2,2021021814:34:21.html,35836,242,0.07,718592,32866
16:37:19,30,8104,HIT,142350669,2,2021021814:40:21.html,35898,242,0.07,718592,32928
16:38:20,30,8104,HIT,192069578,2,2021021814:46:16.html,35959,242,0.07,718592,32989
16:39:29,30,8104,HIT,130684438,2,2021021814:53:02.html,36028,242,0.07,718592,33058
16:40:17,30,8104,MISS,144945677,2,2021021814:57:47.html,36076,242,0.07,718592,33106
16:41:17,30,8104,MISS,121258068,2,2021021815:03:37.html,36136,242,0.07,718592,33166
16:42:11,30,8104,HIT,116711486,2,2021021815:08:52.html,36190,242,0.07,718592,33220
16:43:01,30,8104,MISS,112256738,2,2021021815:13:48.html,36240,242,0.07,718592,33270
16:43:56,30,8104,MISS,118792707,2,2021021909:43:20.html,36295,242,0.07,718592,33325
16:45:09,30,8104,HIT,117380057,2,2021021909:50:26.html,36368,242,0.07,718592,33398
16:46:23,30,8108,MISS,129286488,3,2021021909:57:43.html,36442,242,0.07,718592,33472
16:47:35,30,8104,HIT,108013867,3,2021021910:04:39.html,36514,242,0.07,718592,33544
16:48:42,30,8104,HIT,127975619,2,2021021910:11:10.html,36581,242,0.07,718592,33611
16:49:49,30,8104,MISS,144083271,2,2021021910:17:47.html,36648,242,0.07,718592,33678
16:50:55,30,8104,HIT,106081337,3,2021021910:24:15.html,36714,242,0.07,718592,33744
16:52:00,30,8104,MISS,162549711,2,2021021910:30:38.html,36779,242,0.07,718592,33809
16:53:00,30,8104,HIT,118469108,3,2021021910:35:59.html,36839,242,0.07,718592,33869
16:53:58,30,8104,MISS,125257934,3,2021021910:41:40.html,36897,242,0.07,718592,33927
16:55:04,30,8104,HIT,106818474,3,2021021910:47:52.html,36963,242,0.07,718592,33993
16:56:04,30,8104,MISS,161610075,3,2021021910:53:33.html,37023,242,0.07,718592,34053
16:56:56,30,8104,HIT,284920543,1,2021021910:57:20.html,37075,242,0.07,718592,34105
16:58:30,30,8104,HIT,246534168,1,2021022022:26:24.html,37169,242,0.07,718592,34199
16:59:55,30,8104,HIT,553733390,2,2021022022:31:57.html,37254,242,0.07,718592,34284
17:01:09,30,8104,MISS,268949698,2,2021022022:36:42.html,37328,242,0.07,718592,34358
17:02:16,30,8104,MISS,401552529,2,2021022022:41:01.html,37395,242,0.07,718592,34425
17:04:35,30,8104,HIT,283724148,1,2021022022:45:54.html,37534,242,0.07,718592,34564
17:05:53,30,8104,MISS,225991242,2,2021022022:49:40.html,37612,242,0.07,718592,34642
17:07:01,30,8104,HIT,422275249,2,2021022022:55:07.html,37680,242,0.07,718592,34710
17:07:51,30,8104,MISS,140077328,2,2021022022:58:43.html,37730,242,0.07,718592,34760
17:08:59,30,8104,MISS,163038359,3,2021022023:02:08.html,37798,242,0.07,718592,34828
17:09:56,30,8104,MISS,156927406,3,2021022023:06:43.html,37855,242,0.07,718592,34885
17:10:56,30,8104,MISS,445149666,2,2021022023:11:19.html,37915,242,0.07,718592,34945
17:11:49,30,8104,HIT,126626774,1,2021022023:15:04.html,37968,242,0.07,718592,34998
17:12:39,30,8104,MISS,123299259,2,2021022023:18:39.html,38018,242,0.07,718592,35048
17:13:26,30,8104,MISS,151888274,3,2021022023:22:19.html,38065,242,0.07,718592,35095
17:14:14,30,8104,HIT,136074532,2,2021022023:25:59.html,38113,242,0.07,718592,35143
17:15:01,30,8104,HIT,105867954,1,2021022023:29:35.html,38160,242,0.07,718592,35190
17:15:54,30,8104,MISS,478933947,1,2021022023:33:20.html,38213,242,0.07,718592,35243
17:16:48,30,8104,HIT,117801900,3,2021022023:37:15.html,38267,242,0.07,718592,35297
17:17:35,30,8104,HIT,137396877,1,2021022023:40:45.html,38314,242,0.07,718592,35344
17:18:21,30,8104,MISS,138297070,2,2021022023:44:15.html,38360,242,0.07,718592,35390
17:19:05,30,8104,MISS,427215650,2,2021022023:47:15.html,38404,242,0.07,718592,35434
17:19:50,30,8104,HIT,509813867,1,2021022023:58:19.html,38449,242,0.07,718592,35479
17:20:38,30,8104,HIT,110643844,2,2021022100:01:09.html,38497,242,0.07,718592,35527
17:21:24,30,8104,MISS,131680322,2,2021022100:03:59.html,38543,242,0.07,718592,35573
17:22:14,30,8104,HIT,126922097,2,2021022100:07:00.html,38593,242,0.07,718592,35623
17:23:04,30,8104,HIT,117842466,1,2021022100:09:40.html,38643,242,0.07,718592,35673
17:23:56,30,8104,MISS,181824657,1,2021022100:12:45.html,38695,242,0.07,718592,35725
17:24:53,30,8104,MISS,135649046,1,2021022100:16:10.html,38752,242,0.07,718592,35782
17:25:56,30,8104,HIT,139417709,2,2021022100:20:00.html,38815,242,0.07,718592,35845
17:26:53,30,8104,HIT,125221009,1,2021022100:23:20.html,38872,242,0.07,718592,35902
17:27:45,30,8104,HIT,152163862,2,2021022100:26:16.html,38924,242,0.07,718592,35954
17:29:31,30,8104,MISS,311855509,2,2021022100:32:31.html,39030,242,0.07,718592,36060
17:30:25,30,8104,HIT,118380010,1,2021022100:35:41.html,39084,242,0.07,718592,36114
17:31:15,30,8104,MISS,133500068,1,2021022100:38:46.html,39134,242,0.07,718592,36164
17:32:08,30,8104,MISS,235288395,2,2021022100:41:51.html,39187,242,0.07,718592,36217
17:32:54,30,8104,HIT,118309288,2,2021022100:44:31.html,39233,242,0.07,718592,36263
17:33:41,30,8104,HIT,175105024,1,2021022100:47:17.html,39280,242,0.07,718592,36310
17:34:28,30,8104,MISS,133356938,1,2021022100:50:07.html,39327,242,0.07,718592,36357
17:35:25,30,8104,HIT,120733059,2,2021022100:53:12.html,39384,242,0.07,718592,36414
17:36:20,30,8104,HIT,105505548,1,2021022100:56:42.html,39439,242,0.07,718592,36469
17:37:13,30,8104,MISS,134657482,2,2021022101:00:02.html,39492,242,0.07,718592,36522
17:38:01,30,8104,MISS,131317818,1,2021022101:02:47.html,39540,242,0.07,718592,36570
17:38:48,30,8104,HIT,131292897,1,2021022101:05:32.html,39587,242,0.07,718592,36617
17:39:31,30,8104,HIT,155016282,2,2021022101:08:08.html,39630,242,0.07,718592,36660
17:40:17,30,8104,MISS,448409272,1,2021022101:10:48.html,39676,242,0.07,718592,36706
17:41:02,30,8104,MISS,162048603,2,2021022101:13:18.html,39721,242,0.07,718592,36751
17:41:49,30,8104,HIT,125580156,1,2021022101:15:58.html,39768,242,0.07,718592,36798
17:42:36,30,8104,HIT,118590434,1,2021022101:19:03.html,39815,242,0.07,718592,36845
17:43:19,30,8104,MISS,150642849,2,2020122719:12:29.html,39858,242,0.07,718592,36888
17:44:04,30,8104,MISS,143484746,2,2020122719:15:19.html,39903,242,0.07,718592,36933
17:44:46,30,8104,HIT,116277270,1,2020122719:18:09.html,39945,242,0.07,718592,36975
17:45:35,30,8104,HIT,131346148,1,2020122719:21:09.html,39994,242,0.07,718592,37024
17:46:26,30,8104,HIT,153037322,2,2020122719:24:09.html,40045,242,0.07,718592,37075
17:47:17,30,8104,MISS,184144467,1,2020122719:27:25.html,40096,242,0.07,718592,37126
17:48:06,30,8104,HIT,350214124,2,2020122719:30:05.html,40145,242,0.07,718592,37175
17:48:49,30,8104,MISS,129857556,1,2020122719:32:45.html,40188,242,0.07,718592,37218
17:49:32,30,8104,HIT,131462649,2,2020122719:35:25.html,40231,242,0.07,718592,37261
17:50:17,30,8104,MISS,125999415,1,2020122719:38:30.html,40276,242,0.07,718592,37306
17:51:06,30,8104,MISS,550901193,2,2020122719:41:40.html,40325,242,0.07,718592,37355
17:51:55,30,8104,MISS,139063061,1,2020122719:45:01.html,40374,242,0.07,718592,37404
17:52:47,30,8104,HIT,393240715,2,2020122719:48:36.html,40426,242,0.07,718592,37456
17:53:31,30,8104,MISS,164615635,2,2020122719:51:31.html,40470,242,0.07,718592,37500
17:54:15,30,8104,HIT,141217698,2,2020122719:54:26.html,40514,242,0.07,718592,37544
17:54:58,30,8104,MISS,137269197,1,2020122719:57:31.html,40557,242,0.07,718592,37587
17:55:47,30,8104,HIT,125326636,2,2020122720:00:46.html,40606,242,0.07,718592,37636
17:56:38,30,8104,MISS,158006496,2,2020122720:04:17.html,40657,242,0.07,718592,37687
17:57:27,30,8104,HIT,153511099,2,2020122720:07:47.html,40706,242,0.07,718592,37736
17:58:16,30,8104,MISS,308957306,1,2020122720:11:27.html,40755,242,0.07,718592,37785
17:58:58,30,8104,HIT,157371609,2,2020122720:14:22.html,40797,242,0.07,718592,37827
17:59:43,30,8104,HIT,135769177,2,2020122720:17:37.html,40842,242,0.07,718592,37872
18:00:28,30,8104,MISS,189221619,1,2020122720:20:52.html,40887,242,0.07,718592,37917
18:01:15,30,8104,HIT,180082478,1,2020122720:23:58.html,40934,242,0.07,718592,37964
18:02:07,30,8104,HIT,142011757,2,2020122720:27:33.html,40986,242,0.07,718592,38016
18:02:57,30,8104,HIT,148617733,2,2020122720:30:43.html,41036,242,0.07,718592,38066
18:03:45,30,8104,MISS,298071933,1,2020122720:33:23.html,41084,242,0.07,718592,38114
18:04:32,30,8104,MISS,307874494,2,2020122722:42:03.html,41131,242,0.07,718592,38161
18:05:18,30,8104,MISS,149628233,2,2020122722:45:13.html,41177,242,0.07,718592,38207
18:06:04,30,8104,MISS,536605585,1,2020122722:48:28.html,41223,242,0.07,718592,38253
18:06:51,30,8104,HIT,164747120,2,2020122722:51:38.html,41270,242,0.07,718592,38300
18:07:37,30,8104,MISS,149288243,2,2020122722:54:49.html,41316,242,0.07,718592,38346
18:08:23,30,8104,HIT,337295488,2,2020122722:57:49.html,41362,242,0.07,718592,38392
18:09:09,30,8104,MISS,139030008,2,2020122723:00:59.html,41408,242,0.07,718592,38438
18:09:54,30,8104,MISS,212068224,1,2020122723:03:54.html,41453,242,0.07,718592,38483
18:10:38,30,8104,HIT,132048214,2,2020122723:06:44.html,41497,242,0.07,718592,38527
18:11:31,30,8104,HIT,131096131,1,2020122723:09:49.html,41550,242,0.07,718592,38580
18:12:24,30,8104,HIT,282541466,1,2020122723:13:24.html,41603,242,0.07,718592,38633
18:13:11,30,8104,MISS,135778679,2,2020122723:16:25.html,41650,242,0.07,718592,38680
18:14:00,30,8104,HIT,124575997,2,2020122723:19:25.html,41699,242,0.07,718592,38729
18:15:28,30,8104,HIT,590821948,1,2020122723:24:45.html,41787,242,0.07,718592,38817
18:16:15,30,8104,MISS,1100954328,1,2020122723:27:05.html,41834,242,0.07,718592,38864
17:46:15,17,935,HIT,122693431,4,2021022111:55:23.html,1,221,0.31,663184,1
17:47:04,17,1358,MISS,301670048,4,2021021819:39:51.html,50,221,0.32,666256,50
17:47:50,17,1847,HIT,104521251,6,2021021819:49:16.html,96,221,0.34,669424,96
17:48:53,17,2384,HIT,106832462,6,2021021820:02:37.html,159,222,0.35,672592,159
17:49:45,17,2944,MISS,267440107,5,2021021820:13:02.html,211,222,0.36,676816,211
17:50:57,17,3636,HIT,129151531,5,2021021820:27:34.html,283,222,0.38,681040,283
17:51:55,18,4164,MISS,239666232,5,2021021820:39:33.html,341,222,0.38,684208,341
17:52:53,18,4736,MISS,284982454,5,2021021820:51:27.html,399,223,0.39,687376,399
17:54:00,18,5348,MISS,279267753,4,2021021902:04:38.html,466,223,0.4,691648,466
17:54:56,18,5912,MISS,322479650,5,2021021902:15:33.html,522,223,0.4,695104,522
17:56:45,18,7136,HIT,295615728,2,2021021902:32:59.html,631,223,0.4,702480,631
18:02:41,19,8112,HIT,209802165,3,2021021903:13:06.html,987,224,0.42,709328,987
18:08:05,19,8112,MISS,225324660,4,2021021812:39:56.html,1311,224,0.46,710128,1311
18:12:06,20,8112,HIT,165468449,7,2021021813:05:47.html,1552,225,0.47,710128,1552
18:12:40,20,8112,MISS,120455613,7,2021021813:17:18.html,1586,225,0.48,710128,1586
18:13:26,20,8108,HIT,327360687,3,2021021813:28:55.html,1632,225,0.48,710128,1632
18:15:32,20,8108,MISS,492558152,2,2021022108:21:20.html,1758,226,0.48,710128,1758
18:16:40,20,8108,HIT,358234450,3,2021022108:31:15.html,1826,226,0.47,710128,1826
18:17:49,20,8108,MISS,453971475,4,2021022108:41:21.html,1895,226,0.46,710128,1895
18:18:58,20,8112,HIT,424329895,3,2021022108:51:42.html,1964,226,0.46,710128,1964
18:20:03,20,8112,MISS,295545721,4,2021022109:01:52.html,2029,226,0.45,710128,2029
18:21:03,21,8112,HIT,127210735,3,2021022109:10:48.html,2089,226,0.46,710128,2089
18:22:22,21,8108,HIT,464629137,3,2021022109:20:43.html,2168,226,0.45,711168,2168
18:23:35,21,8108,HIT,477053384,3,2021022109:30:44.html,2241,227,0.44,711168,2241
18:24:44,21,8108,MISS,114649200,2,2021021723:04:10.html,2310,227,0.44,711168,2310
18:26:02,21,8108,MISS,480432531,2,2021021723:14:30.html,2388,227,0.44,711168,2388
18:27:18,21,8112,HIT,283167993,6,2021021723:25:56.html,2464,227,0.46,711168,2464
18:27:56,21,8112,HIT,137946317,7,2021021723:37:11.html,2502,227,0.47,711168,2502
18:28:36,22,8112,HIT,136245677,7,2021021723:49:12.html,2542,227,0.47,711168,2542
18:29:15,22,8112,MISS,145259266,7,2021021800:01:13.html,2581,228,0.47,711168,2581
18:29:53,22,8112,HIT,133285966,7,2021021800:12:48.html,2619,228,0.47,711168,2619
18:30:32,22,8112,MISS,132174208,7,2021021803:14:39.html,2658,228,0.48,711168,2658
18:31:11,22,8112,HIT,152102246,6,2021021803:26:29.html,2697,228,0.48,711168,2697
18:32:20,22,8112,MISS,661157158,3,2021021803:38:15.html,2766,228,0.48,712224,2766
18:34:01,22,8108,MISS,331859271,2,2021021803:50:20.html,2867,229,0.48,712224,2867
20:39:53,23,8104,MISS,60074138871,1,2021021804:05:21.html,3219,229,0.17,712224,3219
20:44:56,23,8104,MISS,61256547333,1,2021021804:05:31.html,3522,229,0.16,712224,3522
0:30:09,24,8108,MISS,362539772,2,2021021822:11:24.html,6235,230,0.1,712912,3668
0:32:28,24,8108,MISS,731106413,2,2021021822:27:10.html,6374,230,0.1,712912,3807
0:36:05,24,8108,HIT,692490998,1,2021021822:48:26.html,6591,231,0.11,712912,4024
0:39:03,24,8108,MISS,446368891,3,2021021814:05:49.html,6769,231,0.11,712912,4202
0:41:36,24,8108,MISS,462468304,4,2021021814:24:05.html,6922,231,0.11,712912,4355
0:43:38,25,8112,MISS,146926681,3,2021021814:38:51.html,7044,231,0.11,713952,4477
0:45:23,25,8112,MISS,452751774,4,2021021814:52:11.html,7149,232,0.12,713952,4582
0:47:16,25,8112,MISS,150076114,4,2021021815:08:47.html,7262,232,0.12,713952,4695
0:49:13,25,8108,HIT,980401025,2,2021021909:47:36.html,7379,232,0.12,713952,4812
0:51:22,25,8108,MISS,476080867,2,2021021910:01:23.html,7508,232,0.12,714480,4941
0:53:02,26,8112,MISS,476364535,2,2021021910:13:10.html,7608,233,0.12,714480,5041
0:53:45,26,8112,HIT,131651636,8,2021021910:24:35.html,7651,233,0.12,714480,5084
0:54:22,26,8112,HIT,136290351,8,2021021910:36:19.html,7688,233,0.12,714480,5121
0:55:01,26,8112,MISS,146604584,7,2021021910:48:43.html,7727,233,0.12,714480,5160
0:55:39,26,8112,MISS,125737809,7,2021021911:00:30.html,7765,233,0.12,714480,5198
0:56:26,26,8112,MISS,142813643,6,2021022022:36:22.html,7812,233,0.13,714480,5245
0:57:11,26,8112,HIT,146964294,6,2021022022:48:40.html,7857,234,0.13,714480,5290
0:57:58,27,8112,MISS,144233512,6,2021022023:01:13.html,7904,234,0.13,714480,5337
0:58:45,27,8112,MISS,142472492,6,2021022023:13:44.html,7951,234,0.13,715456,5384
0:59:32,27,8112,HIT,143625336,6,2021022023:26:44.html,7998,234,0.13,715456,5431
1:00:19,27,8108,HIT,113888741,7,2021022023:40:05.html,8045,234,0.13,715456,5478
1:01:01,27,8108,HIT,123872128,7,2021022100:00:29.html,8087,235,0.13,715456,5520
1:01:40,27,8112,HIT,126700184,7,2021022100:12:30.html,8126,235,0.13,715456,5559
1:02:21,28,8112,MISS,154803542,6,2021022100:24:25.html,8167,235,0.13,715456,5600
1:03:10,28,8112,HIT,127882808,5,2021022100:37:56.html,8216,235,0.13,715456,5649
1:03:57,28,8112,HIT,113023340,7,2021022100:51:27.html,8263,235,0.13,715456,5696
1:04:45,28,8112,MISS,137155212,7,2021022101:05:22.html,8311,236,0.14,716432,5744
1:05:32,28,8112,HIT,137314770,6,2021022101:18:48.html,8358,236,0.14,716432,5791
1:06:18,28,8112,HIT,189685763,6,2020122719:22:19.html,8404,236,0.14,716432,5837
1:07:04,29,8112,HIT,129462367,8,2020122719:35:15.html,8450,236,0.14,716432,5883
1:09:10,29,8108,MISS,134603086,6,2020122720:00:46.html,8576,237,0.14,716432,6009
1:11:56,29,8108,HIT,211704114,5,2020122722:42:03.html,8742,237,0.14,716432,6175
1:14:37,29,8112,MISS,335490847,4,2020122723:17:25.html,8903,237,0.15,716432,6336
1:20:45,29,8104,HIT,219248926,3,2020122800:00:52.html,9271,237,0.15,716432,6704
1:25:28,29,8112,MISS,412219142,3,2020122808:32:10.html,9554,237,0.15,716432,6987
1:29:29,29,8108,HIT,323729940,3,2020122809:04:57.html,9795,237,0.15,716432,7228
1:31:41,29,8108,MISS,341309668,4,2020122809:21:53.html,9927,237,0.16,716432,7360
1:33:21,29,8108,HIT,169609815,3,2020122810:10:37.html,10027,238,0.16,716432,7460
1:35:17,29,8108,MISS,272003601,4,2020122810:27:54.html,10143,238,0.16,716432,7576
1:37:22,29,8108,MISS,423933184,4,2020122810:47:15.html,10268,238,0.16,716432,7701
1:38:49,29,8108,MISS,119217319,7,2020122811:06:57.html,10355,238,0.16,716432,7788
1:39:57,29,8112,MISS,114192490,7,2020122811:28:09.html,10423,238,0.16,716432,7856
1:41:01,29,8112,MISS,130010569,8,2020122811:55:03.html,10487,238,0.17,716432,7920
1:41:58,29,8112,HIT,111872076,8,2020122812:14:04.html,10544,238,0.17,716432,7977
1:42:54,29,8112,MISS,123969334,8,2020122812:33:01.html,10600,238,0.17,716432,8033
1:43:50,29,8112,HIT,122515425,9,2020122812:51:52.html,10656,238,0.17,716432,8089
1:44:44,29,8112,MISS,132029500,7,2020122800:16:22.html,10710,238,0.17,716432,8143
1:45:38,29,8112,MISS,122056044,7,2020122800:34:18.html,10764,238,0.17,716432,8197
1:46:39,29,8112,HIT,111795376,8,2020122800:54:09.html,10825,238,0.17,716432,8258
1:47:37,29,8112,HIT,110545016,8,2020122801:13:30.html,10883,239,0.17,716432,8316
1:48:31,29,8112,HIT,120969352,8,2020122808:13:59.html,10937,239,0.17,716432,8370
1:49:24,29,8112,HIT,115332272,7,2020122808:32:30.html,10990,239,0.17,716432,8423
1:50:18,29,8112,HIT,110448395,8,2020122808:51:26.html,11044,239,0.17,716432,8477
1:51:11,29,8112,HIT,112109134,9,2020122809:10:02.html,11097,239,0.17,716432,8530
1:52:06,29,8112,HIT,113179756,8,2020122809:29:19.html,11152,239,0.17,716432,8585
1:53:54,29,8112,MISS,142793810,7,2020110516:38:01.html,11260,239,0.18,716432,8693
1:54:56,29,8112,HIT,117104377,7,2020110516:56:02.html,11322,239,0.18,716432,8755
1:55:54,29,8112,HIT,132661014,5,2020110517:14:03.html,11380,239,0.18,716432,8813
1:56:53,30,8112,MISS,121533362,8,2020110517:31:34.html,11439,239,0.18,716944,8872
1:57:53,30,8112,HIT,131171692,7,2020110917:00:18.html,11499,239,0.18,716944,8932
1:58:53,30,8108,HIT,108589258,7,2020110917:19:09.html,11559,239,0.18,716960,8992
1:59:52,30,8112,MISS,111615693,8,2020110917:37:45.html,11618,240,0.18,716960,9051
2:00:56,30,8112,MISS,178682647,7,2020110917:56:56.html,11682,240,0.18,716960,9115
2:02:05,30,8112,MISS,162821847,7,2020110915:26:54.html,11751,240,0.18,716960,9184
2:03:11,30,8112,MISS,119027635,7,2020110915:46:55.html,11817,240,0.18,716960,9250
2:04:12,30,8112,HIT,142305550,5,2020110916:04:51.html,11878,240,0.19,716960,9311
2:05:14,30,8112,MISS,234761883,7,2020110916:23:12.html,11940,240,0.19,716960,9373
2:06:20,30,8112,MISS,145260615,6,2020110913:49:50.html,12006,240,0.19,716960,9439
2:07:35,30,8112,HIT,169707476,7,2020110914:10:01.html,12081,240,0.19,716960,9514
2:08:37,30,8112,HIT,111224652,7,2020110914:28:02.html,12143,240,0.19,716960,9576
2:09:38,30,8108,HIT,121462652,6,2020110914:45:58.html,12204,240,0.19,716960,9637
2:10:39,30,8112,HIT,113765969,6,2020110915:03:29.html,12265,240,0.19,716960,9698
2:11:46,30,8112,HIT,111109651,7,2020110912:19:17.html,12332,240,0.19,716960,9765
18:51:44,17,452,HIT,188186805,3,2021022111:50:33.html,1,221,0.18,660528,1
18:52:12,17,648,MISS,188343272,3,2021022111:54:43.html,29,221,0.19,661584,29
18:52:40,17,840,HIT,161252448,4,2021022111:58:48.html,57,221,0.2,662640,57
18:53:07,17,1032,MISS,201072481,3,2021021819:37:46.html,84,222,0.2,663696,84
18:53:33,17,1224,HIT,151053100,4,2021021819:41:36.html,110,222,0.21,664752,110
18:54:01,17,1424,MISS,180347927,4,2021021819:45:46.html,138,222,0.21,666864,138
18:54:29,17,1628,HIT,172869645,4,2021021819:49:56.html,166,222,0.22,667920,166
18:54:57,17,1840,HIT,139680196,4,2021021819:54:11.html,194,222,0.22,668976,194
18:55:28,17,2064,HIT,156638803,4,2021021819:58:57.html,225,222,0.22,670032,225
18:55:58,17,2280,MISS,155773088,4,2021021820:03:27.html,255,222,0.23,671408,255
18:56:29,17,2512,MISS,238088414,3,2021021820:08:12.html,286,222,0.23,673504,286
18:57:00,17,2732,HIT,152940291,3,2021021820:12:52.html,317,222,0.23,674560,317
18:57:30,17,2960,MISS,169841227,4,2021021820:17:28.html,347,222,0.23,675616,347
18:58:02,17,3188,MISS,179574619,4,2021021820:22:18.html,379,222,0.24,677728,379
18:58:34,17,3420,MISS,165074991,4,2021021820:27:09.html,411,222,0.24,678784,411
18:59:04,17,3640,MISS,151663088,4,2021021820:31:45.html,441,222,0.24,679840,441
18:59:35,17,3868,HIT,144838509,3,2021021820:36:42.html,472,222,0.24,681952,472
19:00:06,18,4104,MISS,191554192,4,2021021820:41:28.html,503,223,0.24,683008,503
19:00:39,18,4340,MISS,213838909,3,2021021820:46:37.html,536,223,0.24,684064,536
19:01:11,18,4576,MISS,155509781,4,2021021820:51:27.html,568,223,0.25,686176,568
19:01:43,18,4816,MISS,158703722,3,2021021820:56:23.html,600,223,0.25,687232,600
19:02:16,18,5052,HIT,155198446,4,2021021902:01:18.html,633,223,0.25,689344,633
19:02:49,18,5284,HIT,184899178,3,2021021902:06:18.html,666,223,0.25,690400,666
19:03:21,18,5512,HIT,134752696,4,2021021902:11:08.html,698,223,0.25,691888,698
19:03:53,18,5748,HIT,153423782,3,2021021902:15:58.html,730,223,0.25,693600,730
19:04:26,18,6000,MISS,232238932,3,2021021902:20:59.html,763,223,0.25,694576,763
19:05:01,18,6252,HIT,150759380,3,2021021902:26:14.html,798,223,0.25,696672,798
19:05:35,18,6488,HIT,149855159,3,2021021902:31:09.html,832,223,0.25,697728,832
19:06:09,18,6736,MISS,199324708,3,2021021902:36:24.html,866,223,0.26,699840,866
19:06:43,18,6988,MISS,156017116,4,2021021902:41:35.html,900,223,0.26,700896,900
19:07:19,18,7248,MISS,145427822,4,2021021902:47:00.html,936,224,0.26,703008,936
19:07:53,18,7496,HIT,157743156,4,2021021902:52:10.html,970,224,0.26,704064,970
19:08:27,19,7740,HIT,209181036,3,2021021902:57:20.html,1004,224,0.26,706176,1004
19:09:00,19,7980,MISS,198122282,3,2021021903:02:26.html,1037,224,0.26,707232,1037
19:09:33,19,8112,MISS,137176214,4,2021021903:07:26.html,1070,224,0.26,708288,1070
19:10:07,19,8108,HIT,204765777,3,2021021903:12:41.html,1104,224,0.26,708288,1104
19:10:42,19,8112,HIT,184060136,3,2021021903:18:01.html,1139,224,0.26,708288,1139
19:11:19,19,8112,MISS,169910014,4,2021021812:11:58.html,1176,224,0.26,708288,1176
19:11:56,19,8112,MISS,191414747,4,2021021812:17:39.html,1213,224,0.26,708288,1213
19:12:35,19,8108,HIT,169351969,4,2021021812:23:29.html,1252,224,0.26,708288,1252
19:13:12,19,8112,HIT,139980772,4,2021021812:29:10.html,1289,224,0.26,708288,1289
19:13:52,19,8112,MISS,165517844,4,2021021812:35:20.html,1329,225,0.26,708288,1329
19:14:33,19,8108,MISS,163784344,4,2021021812:41:31.html,1370,225,0.26,709344,1370
19:15:15,19,8108,MISS,264720785,3,2021021812:47:56.html,1412,225,0.26,709344,1412
19:16:00,19,8108,MISS,213147003,3,2021021812:54:47.html,1457,225,0.26,709344,1457
19:16:46,19,8112,MISS,173898147,4,2021021813:01:32.html,1503,225,0.27,709344,1503
19:17:31,20,8112,MISS,217403120,3,2021021813:08:28.html,1548,225,0.27,709344,1548
19:18:15,20,8108,MISS,181873433,4,2021021813:15:08.html,1592,225,0.27,709344,1592
19:19:00,20,8108,HIT,160813424,4,2021021813:21:54.html,1637,225,0.27,709344,1637
19:19:45,20,8108,HIT,157226991,4,2021021813:28:40.html,1682,225,0.27,709344,1682
19:20:31,20,8108,MISS,189781120,4,2021022108:15:24.html,1728,225,0.27,709344,1728
19:21:17,20,8108,HIT,154125810,4,2021022108:22:20.html,1774,226,0.27,709344,1774
19:22:05,20,8112,MISS,222843290,3,2021022108:29:30.html,1822,226,0.27,709344,1822
19:22:54,20,8112,MISS,216216879,3,2021022108:36:51.html,1871,226,0.27,709344,1871
19:23:41,20,8108,HIT,167307873,4,2021022108:43:56.html,1918,226,0.27,709344,1918
19:24:28,20,8108,HIT,156734963,4,2021022108:51:02.html,1965,226,0.27,710368,1965
19:25:15,20,8108,HIT,157412912,3,2021022108:58:12.html,2012,226,0.27,710368,2012
19:26:04,21,8108,MISS,176221867,4,2021022109:05:42.html,2061,226,0.27,710368,2061
19:26:50,21,8108,HIT,174762388,3,2021022109:12:38.html,2107,226,0.27,710368,2107
19:27:39,21,8108,MISS,204332925,4,2021022109:20:03.html,2156,226,0.27,710368,2156
19:28:25,21,8112,MISS,159067860,4,2021022109:26:58.html,2202,227,0.27,710368,2202
19:29:08,21,8108,MISS,191380377,3,2021022109:33:39.html,2245,227,0.27,710368,2245
19:29:50,21,8112,HIT,144340167,4,2021021723:03:20.html,2287,227,0.27,710368,2287
19:30:32,21,8112,HIT,190592856,3,2021021723:09:45.html,2329,227,0.28,710368,2329
19:31:15,21,8108,MISS,169165805,4,2021021723:16:21.html,2372,227,0.28,710368,2372
19:31:58,21,8112,MISS,153251407,4,2021021723:22:51.html,2415,227,0.28,710368,2415
19:32:42,21,8108,HIT,162212024,3,2021021723:29:11.html,2459,227,0.28,710368,2459
19:33:25,21,8112,HIT,172288796,3,2021021723:35:36.html,2502,227,0.28,710368,2502
19:34:06,21,8112,HIT,203008261,4,2021021723:41:37.html,2543,227,0.28,710368,2543
19:34:49,22,8112,MISS,178013000,4,2021021723:48:02.html,2586,227,0.28,710368,2586
19:35:30,22,8112,HIT,171217242,4,2021021723:54:12.html,2627,228,0.28,710368,2627
19:36:13,22,8112,HIT,146674887,4,2021021800:00:38.html,2670,228,0.28,710368,2670
19:36:55,22,8112,HIT,182848307,4,2021021800:06:53.html,2712,228,0.28,711424,2712
19:37:37,22,8112,MISS,243033959,3,2021021800:13:13.html,2754,228,0.28,711424,2754
19:38:19,22,8112,HIT,165460102,4,2021021800:19:24.html,2796,228,0.28,711424,2796
19:39:01,22,8108,MISS,234183552,3,2021021803:15:34.html,2838,228,0.28,711424,2838
19:39:44,22,8108,MISS,254733741,3,2021021803:22:04.html,2881,228,0.28,711424,2881
19:40:26,22,8112,MISS,170595067,4,2021021803:28:29.html,2923,228,0.28,711424,2923
19:41:07,22,8108,HIT,160986556,4,2021021803:34:40.html,2964,228,0.28,711424,2964
19:41:49,22,8108,HIT,153728546,3,2021021803:41:10.html,3006,228,0.28,711424,3006
19:42:32,22,8112,MISS,154357144,4,2021021803:47:50.html,3049,229,0.28,711424,3049
19:43:16,22,8108,HIT,222695615,4,2021021803:54:20.html,3093,229,0.28,711424,3093
19:43:59,23,8108,MISS,200301868,3,2021021804:00:51.html,3136,229,0.28,711424,3136
19:44:42,23,8112,HIT,187521754,3,2021021804:07:21.html,3179,229,0.28,711424,3179
19:45:26,23,8112,HIT,190486892,4,2021021804:13:56.html,3223,229,0.28,711424,3223
19:46:09,23,8112,HIT,153908767,4,2021021804:20:32.html,3266,229,0.28,711424,3266
19:46:52,23,8108,MISS,160678925,4,2021021804:27:07.html,3309,229,0.28,711424,3309
19:47:37,23,8112,MISS,189749199,4,2021021804:33:57.html,3354,229,0.28,711424,3354
19:48:23,23,8108,HIT,176161971,4,2021021821:33:27.html,3400,229,0.28,712480,3400
19:49:09,23,8112,HIT,228295362,3,2021021821:40:32.html,3446,230,0.28,712480,3446
19:49:53,23,8112,MISS,177702357,4,2021021821:47:23.html,3490,230,0.28,712480,3490
19:50:39,23,8108,MISS,254340057,3,2021021821:54:28.html,3536,230,0.28,712480,3536
19:51:23,23,8108,HIT,158405512,3,2021021822:01:08.html,3580,230,0.28,712480,3580
19:52:08,23,8108,HIT,149367524,4,2021021822:07:59.html,3625,230,0.28,712480,3625
19:52:55,24,8108,MISS,166659517,4,2021021822:15:14.html,3672,230,0.28,712480,3672
19:53:43,24,8108,MISS,172552847,3,2021021822:22:35.html,3720,230,0.28,712480,3720
19:54:30,24,8108,HIT,189273925,3,2021021822:29:45.html,3767,230,0.28,712480,3767
19:55:16,24,8112,HIT,139034783,4,2021021822:36:40.html,3813,230,0.28,712480,3813
19:56:02,24,8112,MISS,205073093,3,2021021822:43:46.html,3859,231,0.28,712480,3859
19:56:50,24,8108,HIT,152125333,4,2021021822:51:06.html,3907,231,0.28,712480,3907
19:57:37,24,8108,HIT,155429368,3,2021021813:57:29.html,3954,231,0.28,712480,3954
19:58:26,24,8108,MISS,162895035,4,2021021814:04:59.html,4003,231,0.28,712480,4003
19:59:16,24,8108,HIT,144947321,4,2021021814:12:39.html,4053,231,0.28,712480,4053
20:00:04,24,8108,MISS,162409690,4,2021021814:20:05.html,4101,231,0.28,712480,4101
20:00:52,24,8112,MISS,268286921,3,2021021814:27:25.html,4149,231,0.28,713536,4149
20:01:39,25,8108,MISS,173737380,4,2021021814:34:26.html,4196,231,0.28,713536,4196
20:02:27,25,8112,HIT,148769743,4,2021021814:41:41.html,4244,231,0.28,713536,4244
20:03:16,25,8112,HIT,154617608,3,2021021814:49:11.html,4293,232,0.28,713536,4293
20:04:07,25,8108,HIT,152878703,3,2021021814:57:02.html,4344,232,0.28,713536,4344
20:04:56,25,8112,HIT,144761389,4,2021021815:04:27.html,4393,232,0.28,713536,4393
20:05:47,25,8112,MISS,157891343,4,2021021815:12:18.html,4444,232,0.28,713536,4444
20:06:37,25,8108,HIT,140857831,4,2021021909:44:15.html,4494,232,0.28,713536,4494
20:07:28,25,8108,MISS,190065942,3,2021021909:52:01.html,4545,232,0.28,713536,4545
20:08:19,25,8112,MISS,195202045,4,2021021909:59:48.html,4596,232,0.28,713536,4596
20:09:16,25,8112,MISS,162753703,4,2021021910:08:34.html,4653,232,0.28,713536,4653
20:10:13,26,8112,MISS,169293992,4,2021021910:17:22.html,4710,233,0.28,713536,4710
20:11:16,26,8112,HIT,161649809,4,2021021910:27:06.html,4773,233,0.28,713536,4773
20:12:10,26,8112,HIT,161335920,3,2021021910:35:29.html,4827,233,0.28,713536,4827
20:13:03,26,8108,MISS,197599763,3,2021021910:43:40.html,4880,233,0.28,714592,4880
20:13:56,26,8112,HIT,146556894,4,2021021910:51:43.html,4933,233,0.28,714592,4933
20:14:51,26,8112,HIT,161686379,3,2021021911:00:10.html,4988,233,0.28,714592,4988
20:15:47,26,8112,MISS,238086073,3,2021022022:31:02.html,5044,233,0.28,714592,5044
20:16:39,26,8108,MISS,198264238,4,2021022022:39:04.html,5096,233,0.28,714592,5096
20:17:32,26,8112,MISS,160499068,4,2021022022:47:10.html,5149,234,0.28,714592,5149
20:18:25,27,8112,MISS,181996162,4,2021022022:55:22.html,5202,234,0.28,714592,5202
20:19:25,27,8112,MISS,213587852,3,2021022023:04:33.html,5262,234,0.28,714592,5262
20:20:22,27,8108,MISS,152040899,4,2021022023:13:19.html,5319,234,0.28,714592,5319
20:21:18,27,8112,MISS,179453143,4,2021022023:21:54.html,5375,234,0.28,714592,5375
20:22:14,27,8108,MISS,170953136,4,2021022023:30:25.html,5431,234,0.28,714592,5431
20:23:11,27,8108,MISS,173507261,4,2021022023:39:10.html,5488,234,0.28,714592,5488
20:24:06,27,8108,MISS,184537516,3,2021022023:47:30.html,5543,235,0.28,714592,5543
20:24:59,27,8112,MISS,207733293,3,2021022100:03:34.html,5596,235,0.28,715648,5596
20:25:54,27,8108,HIT,143188204,4,2021022100:11:50.html,5651,235,0.28,715648,5651
20:26:48,27,8112,MISS,185367459,4,2021022100:20:05.html,5705,235,0.28,715648,5705
20:27:45,28,8112,HIT,149123217,4,2021022100:28:46.html,5762,235,0.28,715648,5762
20:28:41,28,8108,MISS,218777960,4,2021022100:37:21.html,5818,235,0.28,715648,5818
20:29:38,28,8112,HIT,138518526,4,2021022100:46:01.html,5875,235,0.28,715648,5875
20:30:35,28,8112,HIT,156255629,4,2021022100:54:47.html,5932,235,0.28,715648,5932
20:31:31,28,8108,MISS,216452407,4,2021022101:03:22.html,5988,236,0.28,715648,5988
20:32:27,28,8112,MISS,159602572,4,2021022101:11:58.html,6044,236,0.28,715648,6044
20:33:21,28,8108,HIT,137531221,4,2020122719:10:39.html,6098,236,0.28,715648,6098
20:34:15,28,8108,HIT,135033790,4,2020122719:18:54.html,6152,236,0.28,715648,6152
20:35:10,28,8108,HIT,146825399,4,2020122719:27:20.html,6207,236,0.28,715648,6207
20:36:07,29,8112,MISS,177407984,3,2020122719:36:05.html,6264,236,0.28,715648,6264
20:37:12,29,8108,MISS,170814130,3,2020122719:46:06.html,6329,236,0.28,716704,6329
20:38:10,29,8112,MISS,176555220,3,2020122719:54:51.html,6387,236,0.28,716704,6387
20:39:11,29,8108,HIT,151864315,4,2020122720:04:12.html,6448,237,0.28,716704,6448
20:40:13,29,8108,HIT,151545102,4,2020122720:13:42.html,6510,237,0.28,716704,6510
20:41:13,29,8112,HIT,139812350,4,2020122720:22:58.html,6570,237,0.28,716704,6570
20:42:12,29,8112,HIT,157130591,4,2020122720:31:58.html,6629,237,0.28,716704,6629
20:43:08,29,8112,MISS,151447921,4,2020122722:46:13.html,6685,237,0.28,716704,6685
20:44:08,29,8108,MISS,193686284,3,2020122722:55:24.html,6745,237,0.28,716704,6745
20:45:07,29,8108,HIT,157108203,4,2020122723:04:14.html,6804,237,0.28,716704,6804
20:46:09,29,8108,MISS,221899134,3,2020122723:13:44.html,6866,237,0.28,716704,6866
20:47:09,29,8108,HIT,188244405,3,2020122723:22:55.html,6926,237,0.28,716704,6926
20:48:08,29,8108,HIT,162559217,4,2020122723:31:55.html,6985,237,0.28,716704,6985
20:49:09,29,8108,MISS,218321029,3,2020122723:41:21.html,7046,237,0.28,716704,7046
20:50:09,29,8112,HIT,194763027,4,2020122723:50:26.html,7106,237,0.28,716704,7106
20:51:11,29,8112,HIT,161887188,3,2020122723:59:57.html,7168,237,0.28,716704,7168
20:52:08,29,8112,HIT,210235135,3,2020122808:18:04.html,7225,237,0.28,716704,7225
20:53:06,29,8112,MISS,171240315,4,2020122808:26:55.html,7283,237,0.28,716704,7283
20:54:06,29,8108,MISS,210812691,3,2020122808:36:05.html,7343,237,0.28,716704,7343
20:55:04,29,8108,HIT,157877746,4,2020122808:44:51.html,7401,237,0.28,716704,7401
20:56:08,29,8112,MISS,172725232,4,2020122808:53:56.html,7465,237,0.28,716704,7465
20:57:10,29,8108,HIT,231705453,3,2020122809:02:47.html,7527,237,0.28,716704,7527
20:58:11,29,8112,MISS,218000907,3,2020122809:11:38.html,7588,237,0.28,716704,7588
20:59:11,29,8112,MISS,169843328,3,2020122809:20:13.html,7648,237,0.28,716704,7648
21:00:13,29,8108,MISS,215543022,3,2020122809:29:04.html,7710,237,0.28,716704,7710
21:01:14,29,8108,HIT,151944064,3,2020122810:10:17.html,7771,237,0.28,716704,7771
21:02:16,29,8108,MISS,172060459,4,2020122810:19:18.html,7833,238,0.28,716704,7833
21:03:17,29,8112,MISS,183456838,4,2020122810:28:24.html,7894,238,0.28,716704,7894
21:04:17,29,8108,MISS,210407454,4,2020122810:37:14.html,7954,238,0.29,716704,7954
21:05:13,29,8108,MISS,190107121,3,2020122810:45:40.html,8010,238,0.29,716704,8010
21:06:14,29,8108,HIT,174526381,4,2020122810:54:36.html,8071,238,0.29,716704,8071
21:07:15,29,8112,MISS,172212709,4,2020122811:03:46.html,8132,238,0.29,716704,8132
21:08:16,29,8108,MISS,210018933,3,2020122811:12:58.html,8193,238,0.29,716704,8193
21:09:14,29,8108,HIT,194357109,3,2020122811:21:43.html,8251,238,0.29,716704,8251
21:10:11,29,8108,MISS,147802831,4,2020122811:30:29.html,8308,238,0.29,716704,8308
21:11:09,29,8112,MISS,192294718,4,2020122811:45:22.html,8366,238,0.29,716704,8366
21:12:11,29,8104,HIT,145032014,4,2020122811:54:43.html,8428,238,0.29,716704,8428
21:13:10,29,8104,MISS,181769968,3,2020122812:03:58.html,8487,238,0.29,716704,8487
21:14:10,29,8112,MISS,169490069,3,2020122812:13:29.html,8547,238,0.29,716704,8547
21:15:09,29,8104,MISS,143611970,4,2020122812:22:25.html,8606,238,0.29,716704,8606
21:16:10,29,8112,MISS,164920172,4,2020122812:32:01.html,8667,238,0.29,716704,8667
21:17:13,29,8112,HIT,204938859,3,2020122812:41:21.html,8730,238,0.29,716704,8730
21:18:16,29,8112,MISS,165631517,4,2020122812:50:52.html,8793,238,0.29,716704,8793
21:19:16,29,8112,HIT,158262300,4,2020122813:00:02.html,8853,238,0.29,716704,8853
21:20:15,29,8108,HIT,194865623,4,2020122800:15:07.html,8912,238,0.29,716704,8912
21:21:12,29,8108,HIT,181461028,3,2020122800:23:48.html,8969,238,0.29,716704,8969
21:22:13,29,8108,MISS,203131994,4,2020122800:33:08.html,9030,238,0.29,716704,9030
21:23:13,29,8112,HIT,128395340,4,2020122800:42:09.html,9090,238,0.29,716704,9090
21:24:11,29,8108,MISS,149679540,4,2020122800:51:04.html,9148,238,0.29,716704,9148
21:25:11,29,8112,MISS,161483438,4,2020122801:00:15.html,9208,238,0.29,716704,9208
21:26:11,29,8108,MISS,151048046,4,2020122801:09:25.html,9268,238,0.29,716704,9268
21:27:11,29,8108,MISS,174963213,4,2020122801:18:36.html,9328,239,0.29,716704,9328
21:28:13,29,8108,HIT,176053801,4,2020122801:28:06.html,9390,239,0.29,716704,9390
21:29:15,29,8112,HIT,171084724,3,2020122808:19:29.html,9452,239,0.28,716704,9452
21:30:18,29,8112,HIT,185935647,3,2020122808:29:20.html,9515,239,0.28,716704,9515
21:31:18,29,8108,HIT,160224481,3,2020122808:38:40.html,9575,239,0.28,716704,9575
21:32:19,29,8104,HIT,201783823,4,2020122808:48:16.html,9636,239,0.28,716704,9636
21:33:15,29,8112,HIT,150428336,4,2020122808:57:02.html,9692,239,0.28,716704,9692
21:34:12,29,8112,HIT,164152227,3,2020122809:06:02.html,9749,239,0.28,716704,9749
21:35:10,29,8108,HIT,181200220,4,2020122809:15:08.html,9807,239,0.28,716704,9807
21:36:09,29,8108,HIT,204383584,4,2020122809:24:28.html,9866,239,0.28,716704,9866
21:37:11,29,8112,HIT,178833129,4,2020122809:34:09.html,9928,239,0.28,716704,9928
21:38:12,29,8112,MISS,194039346,4,2020110516:17:30.html,9989,239,0.28,716704,9989
21:39:10,29,8112,MISS,243935434,3,2020110516:26:25.html,10047,239,0.28,716704,10047
21:40:08,29,8108,MISS,265095914,3,2020110516:35:21.html,10105,239,0.28,716704,10105
21:41:07,29,8112,MISS,218262203,3,2020110516:44:26.html,10164,239,0.28,716704,10164
21:42:05,29,8108,MISS,147121054,4,2020110516:53:27.html,10222,239,0.28,716704,10222
21:43:06,29,8108,MISS,199661496,4,2020110517:02:47.html,10283,239,0.28,716704,10283
21:44:08,29,8108,MISS,164640031,4,2020110517:12:23.html,10345,239,0.28,716704,10345
21:45:10,29,8108,HIT,190835639,3,2020110517:21:53.html,10407,239,0.28,716704,10407
21:46:12,29,8112,MISS,192599458,4,2020110517:31:24.html,10469,239,0.28,716704,10469
21:47:12,29,8108,HIT,155872158,4,2020110916:50:13.html,10529,239,0.28,716704,10529
21:48:14,29,8108,MISS,170744524,4,2020110916:59:48.html,10591,239,0.28,716704,10591
21:49:16,29,8108,MISS,205229989,4,2020110917:09:19.html,10653,239,0.28,716704,10653
21:50:15,30,8112,MISS,166203120,4,2020110917:18:24.html,10712,239,0.28,716704,10712
21:51:15,30,8108,MISS,142712987,4,2020110917:27:40.html,10772,239,0.28,716704,10772
21:52:12,30,8108,MISS,166471373,4,2020110917:36:30.html,10829,239,0.28,716704,10829
21:53:09,30,8104,MISS,169771364,4,2020110917:45:16.html,10886,240,0.28,716704,10886
21:54:07,30,8108,HIT,139303179,4,2020110917:54:11.html,10944,240,0.28,716704,10944
21:55:04,30,8112,HIT,185688191,4,2020110918:02:52.html,11001,240,0.28,716704,11001
21:56:00,30,8112,HIT,271185313,3,2020110915:20:59.html,11057,240,0.28,716704,11057
21:56:55,30,8108,MISS,183332416,3,2020110915:29:34.html,11112,240,0.28,716704,11112
21:57:48,30,8108,MISS,177181290,4,2020110915:37:40.html,11165,240,0.28,716704,11165
21:58:41,30,8112,MISS,169998204,4,2020110915:45:50.html,11218,240,0.28,716704,11218
21:59:36,30,8108,MISS,188190324,3,2020110915:54:16.html,11273,240,0.28,716704,11273
22:00:31,30,8108,MISS,168553503,4,2020110916:02:41.html,11328,240,0.28,716704,11328
22:01:28,30,8108,HIT,151434729,4,2020110916:11:16.html,11385,240,0.28,716704,11385
22:01:57,30,8112,MISS,202542701,4,2020110916:15:42.html,11414,240,0.28,716704,11414
22:02:53,30,8108,HIT,162301897,3,2020110916:24:17.html,11470,240,0.28,716704,11470
22:03:49,30,8112,HIT,193538778,4,2020110916:32:47.html,11526,240,0.28,716704,11526
22:04:46,30,8108,HIT,192814729,3,2020110913:50:10.html,11583,240,0.28,716704,11583
22:05:42,30,8108,HIT,182133077,3,2020110913:58:35.html,11639,240,0.28,716704,11639
22:06:39,30,8108,MISS,209257129,4,2020110914:07:16.html,11696,240,0.28,716704,11696
22:07:38,30,8112,MISS,165806697,4,2020110914:16:11.html,11755,240,0.28,716704,11755
22:08:35,30,8108,HIT,152111321,3,2020110914:24:57.html,11812,240,0.28,716704,11812
22:09:37,30,8108,MISS,212118211,3,2020110914:34:27.html,11874,240,0.28,716704,11874
22:10:38,30,8112,HIT,160528884,4,2020110914:43:43.html,11935,240,0.28,716704,11935
22:11:37,30,8108,MISS,142241425,4,2020110914:52:43.html,11994,240,0.28,716704,11994
22:12:33,30,8112,MISS,191212072,4,2020110915:01:18.html,12050,240,0.28,716704,12050
22:13:31,30,8108,HIT,131169997,4,2020110915:09:59.html,12108,240,0.28,716704,12108
22:14:28,30,8108,HIT,161702821,4,2020110912:15:12.html,12165,240,0.28,716704,12165
22:15:28,30,8108,HIT,141281388,4,2020110912:24:23.html,12225,240,0.28,716704,12225
22:16:26,30,8112,MISS,163406019,3,2020110912:33:23.html,12283,241,0.28,716704,12283
22:17:23,30,8108,MISS,160528878,3,2020110912:42:09.html,12340,241,0.28,716704,12340
22:18:19,30,8112,MISS,198341806,3,2020110912:50:44.html,12396,241,0.28,716704,12396
22:19:14,30,8108,HIT,169188055,4,2020110912:59:10.html,12451,241,0.28,716704,12451
22:20:10,30,8108,MISS,168796422,3,2020110913:07:45.html,12507,241,0.28,716704,12507
22:21:05,30,8108,MISS,220250776,3,2020110913:16:10.html,12562,241,0.28,716704,12562
22:22:02,30,8108,MISS,205098739,4,2020110913:24:56.html,12619,241,0.28,716704,12619
22:22:58,30,8112,HIT,150981457,4,2020110910:05:26.html,12675,241,0.28,716704,12675
22:23:56,30,8108,HIT,179586473,4,2020110910:14:16.html,12733,241,0.28,716704,12733
22:24:53,30,8112,MISS,159083082,3,2020110910:23:02.html,12790,241,0.28,716704,12790
22:25:50,30,8108,MISS,180211306,4,2020110910:31:42.html,12847,241,0.28,716704,12847
22:26:45,30,8108,HIT,169897584,4,2020110910:40:03.html,12902,241,0.28,716704,12902
22:27:40,30,8112,MISS,187404875,4,2020110910:48:28.html,12957,241,0.28,716704,12957
22:28:34,30,8112,MISS,174132641,4,2020110910:56:43.html,13011,241,0.28,716704,13011
22:29:30,30,8108,HIT,230565232,3,2020110911:05:14.html,13067,241,0.28,716704,13067
22:30:28,30,8108,HIT,149863204,4,2020110911:14:09.html,13125,241,0.28,716704,13125
22:31:28,30,8112,HIT,166892986,3,2020110821:36:17.html,13185,241,0.28,716704,13185
22:32:29,30,8112,MISS,181946429,3,2020110821:45:42.html,13246,241,0.28,716704,13246
22:33:24,30,8104,HIT,176360889,3,2020110821:54:03.html,13301,241,0.28,716704,13301
22:34:24,30,8108,MISS,189409660,3,2020110822:03:23.html,13361,241,0.28,716704,13361
22:35:23,30,8108,HIT,194633880,3,2020110822:12:28.html,13420,241,0.28,716704,13420
22:36:21,30,8108,MISS,159023636,4,2020110822:21:29.html,13478,241,0.28,716704,13478
22:37:17,30,8112,HIT,157300559,3,2020110822:30:04.html,13534,241,0.28,716704,13534
22:38:13,30,8108,MISS,194785829,3,2020110822:38:45.html,13590,241,0.28,716704,13590
22:39:09,30,8112,MISS,163963398,3,2020110822:47:20.html,13646,242,0.28,716704,13646
22:40:06,30,7780,HIT,180624725,3,2020110822:56:01.html,13703,242,0.28,717760,13703
