Time,Consuming Time(ms),Producing Time(ms),Response time(ms),Message Size(bytes),CPU Utilization(%),Memory Consumption(mb),Disk Free Space(gb),Brick Space,Kafka Total Space(mb),Topic Space(mb),Total Second
10:43:43,6.982779,7.481663,1152.648005,12960,1.42,1.356,4.7,316,518,129,1
10:43:46,7.985036,8.249509,1271.71852,13824,1.48,1.356,4.7,316,518,129,4
10:43:50,8.570681,8.441657,1411.02223,14688,1.45,1.356,4.7,316,518,129,8
10:43:54,9.19837,8.647921,1469.408022,14688,1.59,1.356,4.7,316,518,129,12
10:43:58,8.599792,7.695411,1439.126751,13824,1.56,1.356,4.7,316,518,129,16
10:44:02,8.997872,8.198574,1589.099736,14688,1.46,1.356,4.7,316,518,130,18
10:44:06,9.627605,8.77401,1648.951988,14688,1.5,1.356,4.7,316,518,130,22
10:44:10,9.261142,8.503446,1708.216491,14688,1.59,1.356,4.7,316,518,130,26
10:44:14,9.903961,8.221307,1767.766441,14688,1.56,1.356,4.7,316,518,130,30
10:44:18,10.044618,8.492569,1827.397341,14688,1.29,1.356,4.7,316,518,130,34
10:44:22,9.433511,8.317718,1776.709331,13824,1.31,1.356,4.7,316,518,130,38
10:44:26,9.952277,8.892571,1947.754434,14688,1.53,1.356,4.7,316,518,130,42
10:44:30,10.998099,9.551404,2125.4652,15552,1.65,1.356,4.7,316,518,130,46
10:44:34,9.911874,8.101714,1944.893274,13824,1.62,1.356,4.7,316,518,130,50
10:44:38,10.456213,8.850921,2126.428811,14688,1.4,1.356,4.7,316,518,130,54
10:44:41,10.58043,8.586737,2171.511883,14688,1.61,1.356,4.7,316,518,130,57
10:44:45,10.69586,8.171646,2230.928541,14688,1.52,1.356,4.7,316,518,130,61
10:44:49,10.86691,9.187402,2292.182222,14688,1.63,1.356,4.7,316,518,130,65
10:44:53,11.006437,8.380173,2350.980112,14688,1.55,1.356,4.7,316,518,130,69
10:44:57,12.036578,8.854094,2552.040246,15552,1.6,1.356,4.7,316,518,130,73
10:45:01,10.842219,7.88935,2325.691603,13824,1.71,1.356,4.7,316,518,130,74
10:45:05,11.971257,8.267123,2530.041237,14688,1.65,1.356,4.7,316,518,130,78
10:45:09,10.680918,8.022899,2437.56447,13824,1.57,1.356,4.7,316,518,130,82
10:45:13,11.335798,7.793087,2494.376051,13824,1.44,1.356,4.7,316,518,130,86
10:45:17,11.961099,8.598552,2709.528132,14688,1.52,1.356,4.7,316,518,130,90
10:45:21,12.152019,8.212895,2769.172454,14688,1.56,1.356,4.7,316,518,130,94
10:45:25,11.796496,7.945992,2662.642648,13824,1.74,1.356,4.7,316,518,130,98
10:45:29,12.407027,8.6075,2888.65184,14688,1.59,1.356,4.7,316,518,130,102
10:45:33,4.029016,8.249924,2775.260944,13824,1.51,1.356,4.7,316,518,130,106
10:45:37,4.68638,8.823702,3008.975365,14688,1.31,1.356,4.7,316,519,130,110
10:45:41,4.329071,7.795049,2707.868922,12960,1.32,1.356,4.7,316,519,130,114
10:45:45,5.035246,8.662455,3127.844559,14688,1.62,1.356,4.7,316,519,130,118
10:45:48,4.606307,7.934828,2985.964576,13824,1.7,1.356,4.7,316,519,130,121
10:45:52,5.314495,8.435515,3233.161108,14688,1.93,1.356,4.7,316,519,130,125
10:45:56,5.47717,8.71923,3293.347637,14688,1.55,1.356,4.7,316,519,130,129
10:46:00,5.663077,8.694692,3353.218488,14688,1.74,1.356,4.7,316,519,130,74
10:46:04,5.265995,8.086454,3211.440025,13824,1.58,1.356,4.7,316,519,130,78
10:46:08,4.812401,7.394713,3063.310122,12960,1.57,1.356,4.7,316,519,130,82
10:46:12,6.143332,8.193076,3531.36365,14688,1.49,1.356,4.7,316,519,130,86
10:46:16,6.273828,8.373627,3591.782556,14688,1.56,1.356,4.7,316,519,130,90
10:46:20,5.815039,8.471091,3437.235465,13824,2.18,1.356,4.7,316,519,130,94
10:46:24,6.578421,8.88466,3711.33338,14688,2.18,1.356,4.7,316,519,130,98
10:46:28,6.189687,8.409415,3771.161215,14688,1.47,1.356,4.7,316,519,130,102
10:46:32,6.351101,8.499574,3830.981485,14688,1.54,1.356,4.7,316,519,130,106
10:46:36,7.002451,8.721554,3890.088433,14688,1.73,1.356,4.7,316,519,130,110
10:46:40,6.50809,7.82583,3717.179782,13824,1.71,1.356,4.7,316,519,130,114
10:46:44,7.320982,8.568288,4009.503265,14688,1.65,1.356,4.7,316,519,130,118
10:46:48,7.979207,8.528046,4069.38709,14688,1.45,1.356,4.7,316,519,130,122
10:46:52,7.654393,8.908661,4129.581076,14688,1.41,1.356,4.7,316,519,131,126
10:46:56,7.809462,8.938734,4189.696687,14688,1.77,1.356,4.7,316,519,131,130
10:47:00,8.42457,8.816886,4249.158948,14688,2.08,1.356,4.7,316,519,131,75
10:47:04,7.389981,8.356511,4055.854059,13824,1.6,1.356,4.7,316,519,131,79
10:47:07,8.246958,8.521703,4353.863592,14688,1.57,1.356,4.7,316,519,131,82
10:47:11,8.642807,9.013156,4673.449602,15552,1.55,1.356,4.7,316,519,131,86
10:47:15,7.407172,8.547866,4211.195272,13824,1.82,1.356,4.7,316,519,131,90
10:47:19,8.344474,8.602767,4533.584699,14688,1.89,1.356,4.7,316,519,131,94
10:47:23,8.996112,8.495057,4593.458006,14688,1.8,1.356,4.7,316,519,131,98
10:47:27,9.009623,8.212339,4379.813568,13824,1.4,1.356,4.7,316,519,131,102
10:47:31,9.694257,8.312084,4437.214329,13824,1.5,1.356,4.7,316,519,131,106
10:47:35,11.580551,8.921552,5054.426814,15552,1.56,1.356,4.7,316,519,131,110
10:47:39,10.83925,8.671327,4833.571465,14688,1.59,1.356,4.7,316,519,131,114
10:47:43,10.079132,8.115544,4604.55467,13824,1.56,1.356,4.7,316,519,131,118
10:47:47,10.624159,8.602644,4952.525864,14688,1.43,1.356,4.7,316,519,131,122
10:47:51,10.394079,7.971429,4716.547938,13824,1.66,1.356,4.7,316,519,131,126
10:47:55,9.985142,7.953625,4773.540061,13824,1.76,1.356,4.7,316,519,131,130
10:47:59,12.517112,9.056581,5433.287532,15552,1.56,1.356,4.7,316,519,131,134
10:48:03,11.25805,8.34841,5191.360516,14688,1.57,1.356,4.7,316,519,131,137
10:48:07,10.974612,8.234921,4942.643233,13824,1.45,1.356,4.7,316,519,131,141
10:48:11,12.12044,8.240825,5311.40319,14688,1.57,1.356,4.7,316,519,131,145
10:48:15,11.775534,8.902606,5371.568264,14688,1.65,1.356,4.7,316,519,131,149
10:48:19,11.923189,8.430309,5430.610267,14688,1.6,1.356,4.7,316,519,131,153
10:48:23,13.07669,9.305714,5814.162206,15552,1.48,1.356,4.7,316,520,131,157
10:48:27,12.747169,8.558927,5550.891415,14688,1.77,1.356,4.7,316,520,131,161
10:48:31,12.405798,8.617134,5609.588166,14688,1.65,1.356,4.7,316,520,131,165
10:48:34,4.034792,7.709087,5321.362824,13824,1.63,1.356,4.7,316,520,131,168
10:48:38,4.664172,8.319254,5713.472288,14688,2.13,1.356,4.7,316,520,131,172
10:48:42,4.798891,8.842338,5774.169857,14688,1.57,1.356,4.7,316,520,131,176
10:48:46,4.93532,7.65165,5490.11605,13824,1.66,1.356,4.7,316,520,131,180
10:48:50,4.641607,9.023869,5892.888093,14688,1.62,1.356,4.7,316,520,131,184
10:48:54,4.739117,7.734246,5602.250925,13824,1.6,1.356,4.7,316,520,131,188
10:48:58,4.928391,7.573394,5658.168188,13824,1.45,1.356,4.7,316,520,131,192
10:49:02,5.147143,8.30672,6071.742809,14688,1.59,1.356,4.7,316,520,131,194
10:49:06,5.784122,8.319335,6130.763593,14688,1.5,1.356,4.7,316,520,131,198
10:49:10,5.342302,8.143783,5826.884644,13824,1.81,1.356,4.7,316,520,131,202
10:49:14,5.585202,8.018782,6249.761422,14688,1.57,1.356,4.7,316,520,131,206
10:49:18,5.802307,8.262214,6310.095617,14688,1.55,1.356,4.7,316,520,131,210
10:49:22,5.484824,8.178394,5996.055239,13824,1.66,1.356,4.7,316,520,131,214
10:49:26,6.155374,8.102197,6052.24507,13824,1.52,1.356,4.7,316,520,131,218
10:49:29,6.395162,8.577311,6475.524625,14688,1.63,1.356,4.7,316,520,131,221
10:49:33,6.968671,8.100139,6150.779449,13824,1.67,1.356,4.7,316,520,131,225
10:49:37,7.274791,8.434498,6595.03494,14688,1.45,1.356,4.7,316,520,132,229
10:49:41,6.77336,8.455279,6264.172598,13824,1.46,1.356,4.7,316,520,132,233
10:49:45,6.931454,8.187109,6319.685412,13824,1.56,1.356,4.7,316,520,132,237
10:49:49,8.326596,8.599682,6774.838919,14688,1.71,1.356,4.7,316,520,132,241
10:49:53,7.542677,8.565553,6835.294796,14688,1.44,1.356,4.7,316,520,132,245
10:49:57,8.186466,8.330841,6894.653145,14688,1.49,1.356,4.7,316,520,132,249
10:50:01,8.32207,8.669784,6954.684454,14688,1.66,1.356,4.7,316,520,132,250
10:50:05,8.489636,8.68425,7014.689953,14688,1.71,1.356,4.7,316,520,132,254
10:50:09,8.658352,8.677091,7074.915103,14688,1.64,1.356,4.7,316,520,132,258
10:50:13,9.604344,9.10557,7553.92493,15552,1.52,1.356,4.7,316,520,132,262
10:50:17,8.579617,8.162097,7193.580891,14688,1.34,1.356,4.7,316,520,132,266
10:50:21,9.255367,8.43128,7254.120598,14688,1.67,1.356,4.7,316,520,132,270
10:50:25,9.408579,8.571336,7314.21464,14688,1.72,1.356,4.7,316,520,132,274
10:50:29,9.569187,8.854472,7374.595912,14688,1.56,1.356,4.7,316,520,132,278
10:50:33,10.547008,8.805826,7871.709094,15552,1.43,1.356,4.7,316,520,132,282
10:50:36,9.901576,8.736683,7479.830287,14688,1.39,1.356,4.7,316,520,132,285
10:50:40,10.854466,9.036879,7983.257074,15552,1.59,1.356,4.7,316,520,132,289
10:50:44,9.687003,8.054137,7599.176608,14688,1.48,1.356,4.7,316,520,132,293
10:50:48,10.352452,8.345684,7659.682868,14688,1.51,1.356,4.7,316,520,132,297
10:50:52,10.505952,8.403268,7719.747872,14688,1.38,1.356,4.7,316,520,132,301
10:50:56,9.848912,7.691276,7321.889044,13824,1.49,1.356,4.7,316,520,132,305
10:51:00,10.035318,8.167075,7378.31359,13824,1.58,1.356,4.7,316,520,132,250
10:51:04,10.17771,8.049469,7434.75504,13824,1.63,1.356,4.7,316,520,132,254
10:51:08,10.328028,8.183136,7490.860506,13824,1.46,1.356,4.7,316,520,132,258
10:51:12,10.834661,8.243079,8017.62373,14688,1.51,1.356,4.7,316,521,132,262
10:51:16,11.49391,8.734457,8078.16106,14688,1.5,1.356,4.7,316,521,132,266
10:51:20,11.191963,8.403818,8137.842711,14688,1.58,1.356,4.7,316,521,132,270
10:51:24,10.952435,8.088306,7715.61898,13824,1.81,1.356,4.7,316,521,132,274
10:51:28,10.648205,7.484441,7771.659391,13824,1.38,1.356,4.7,316,521,132,278
10:51:32,11.792784,8.426167,8317.456478,14688,1.39,1.356,4.7,316,521,132,282
10:51:36,11.557167,8.52746,7885.533138,13824,1.43,1.356,4.7,316,521,132,286
10:51:39,12.141886,8.440472,8423.007356,14688,1.69,1.356,4.7,316,521,132,289
10:51:43,12.740135,8.22649,8482.649736,14688,1.47,1.356,4.7,316,521,132,293
10:51:47,11.922544,7.955354,8040.090264,13824,1.61,1.356,4.7,316,521,132,297
10:51:51,4.536628,8.785169,8603.305119,14688,1.49,1.356,4.7,316,521,132,301
10:51:55,4.698404,8.658944,8662.974912,14688,1.51,1.356,4.7,316,521,132,305
10:51:59,4.362689,8.708174,8722.651863,14688,1.56,1.356,4.7,316,521,132,309
10:52:03,4.472984,7.945625,8266.084368,13824,1.51,1.356,4.7,316,521,132,312
10:52:07,4.61356,8.680279,8322.78664,13824,1.4,1.356,4.7,316,521,132,316
10:52:11,4.675714,7.617762,7854.648401,12960,1.62,1.356,4.7,316,521,132,320
10:52:15,5.421441,8.745329,8961.838463,14688,1.78,1.356,4.7,316,521,132,324
10:52:19,5.11276,8.563816,9021.236762,14688,1.6,1.356,4.7,316,521,132,328
10:52:23,5.872705,9.209971,9615.027377,15552,1.49,1.356,4.7,316,521,132,332
10:52:27,5.360175,8.427421,8603.146696,13824,1.49,1.356,4.7,316,521,133,336
10:52:31,6.191592,8.714673,9200.539239,14688,1.64,1.356,4.7,316,521,133,340
10:52:35,5.747571,8.128184,8716.339747,13824,1.77,1.356,4.7,316,521,133,344
10:52:38,5.81481,8.037641,8758.148708,13824,1.51,1.356,4.7,316,521,133,347
10:52:42,5.932756,7.899772,8814.723386,13824,1.41,1.356,4.7,316,521,133,351
10:52:46,6.198539,8.656994,9425.433977,14688,1.49,1.356,4.7,316,521,133,355
10:52:50,5.688825,7.80884,8927.431657,13824,1.56,1.356,4.7,316,521,133,359
10:52:54,6.479156,8.749279,9545.757315,14688,1.57,1.356,4.7,316,521,133,363
10:52:58,7.006947,7.946557,9039.973335,13824,1.54,1.356,4.7,316,521,133,367
10:53:02,6.213509,8.1566,9096.552684,13824,1.58,1.356,4.7,316,521,133,369
10:53:06,7.543233,8.364663,9724.497441,14688,1.55,1.356,4.7,316,521,133,373
10:53:10,7.190521,8.418581,9784.913095,14688,1.67,1.356,4.7,316,521,133,377
10:53:14,7.188749,7.780849,9265.581636,13824,1.59,1.356,4.7,316,521,133,381
10:53:18,8.050517,8.806189,9904.269932,14688,1.53,1.356,4.7,316,521,133,385
10:53:22,8.187048,8.668586,9964.716107,14688,1.42,1.356,4.7,316,521,133,389
10:53:26,7.403121,7.757915,8844.995017,12960,1.48,1.356,4.7,316,521,133,393
10:53:30,7.531075,7.408076,8897.824318,12960,1.84,1.356,4.7,316,521,133,397
10:53:33,7.643653,7.579826,8937.155015,12960,1.49,1.356,4.7,316,521,133,400
10:53:37,7.86889,7.554259,8990.364892,12960,1.59,1.356,4.7,316,521,133,404
10:53:41,8.65265,8.643484,10248.91185,14688,1.56,1.356,4.7,316,521,133,408
10:53:45,7.764666,8.055352,9095.799923,12960,1.85,1.356,4.7,316,521,133,412
10:53:49,9.008078,8.542229,10367.26588,14688,1.68,1.356,4.7,316,521,133,416
10:53:53,9.751933,9.034823,10428.06963,14688,1.51,1.356,4.7,316,521,133,420
10:53:57,10.220667,9.308478,11105.02915,15552,1.65,1.356,4.7,316,521,133,424
10:54:01,9.572792,8.986081,10547.8536,14688,1.72,1.356,4.7,316,522,133,425
10:54:05,10.233922,8.021006,10607.28378,14688,1.72,1.356,4.7,316,522,133,429
10:54:09,9.861711,9.1459,10668.14789,14688,1.51,1.356,4.7,316,522,133,433
10:54:13,10.554484,8.858022,10728.14939,14688,1.54,1.356,4.7,316,522,133,437
10:54:17,10.189117,8.416971,10787.89508,14688,1.31,1.356,4.7,316,522,133,441
10:54:21,10.352478,8.530618,10847.67706,14688,1.57,1.356,4.7,316,522,133,445
10:54:25,10.504373,8.878748,10906.98648,14688,1.52,1.356,4.7,316,522,133,449
10:54:28,9.708401,7.908084,10307.13075,13824,1.54,1.356,4.7,316,522,133,452
10:54:32,11.264948,8.289413,11011.37915,14688,1.52,1.356,4.7,316,522,133,456
10:54:36,9.601133,7.576309,9768.865987,12960,1.49,1.356,4.7,316,522,133,460
10:54:40,11.164206,8.237627,10476.5747,13824,1.49,1.356,4.7,316,522,133,464
10:54:44,11.807081,8.863898,11191.65428,14688,1.61,1.356,4.7,316,522,133,468
10:54:48,11.514673,8.696187,11250.35081,14688,1.5,1.356,4.7,316,522,133,472
10:54:52,11.645171,8.23234,11309.39255,14688,1.62,1.356,4.7,316,522,133,476
10:54:56,11.838124,8.234259,11368.88034,14688,1.51,1.356,4.7,316,522,133,480
10:55:00,11.96255,9.048684,11429.97251,14688,1.78,1.356,4.7,316,522,133,425
10:55:04,12.15206,8.254963,11488.86373,14688,1.84,1.356,4.7,316,522,133,429
10:55:08,11.329473,8.411346,10869.27749,13824,1.68,1.356,4.7,316,522,133,433
10:55:12,12.943387,8.264386,11608.00399,14688,1.8,1.356,4.7,316,522,133,437
10:55:16,4.078952,8.253141,11668.41586,14688,1.48,1.356,4.7,316,522,134,441
10:55:20,4.225783,8.575675,11728.31202,14688,1.83,1.356,4.7,316,522,134,445
10:55:24,4.368041,7.718709,11094.28474,13824,1.59,1.356,4.7,316,522,134,449
10:55:28,4.50492,8.127605,11151.90803,13824,1.4,1.356,4.7,316,522,134,453
10:55:32,4.652806,8.691391,11908.3323,14688,1.38,1.356,4.7,316,522,134,457
10:55:36,4.267229,8.397025,11264.07762,13824,1.34,1.356,4.7,316,522,134,461
10:55:40,4.924542,7.380797,10612.57509,12960,1.67,1.356,4.7,316,522,134,465
10:55:43,5.696033,9.138972,12782.72739,15552,1.53,1.356,4.7,316,522,134,468
10:55:47,5.231336,8.782307,11419.62986,13824,1.36,1.356,4.7,316,522,134,472
10:55:51,5.426856,8.772343,12192.65476,14688,1.41,1.356,4.7,316,522,134,476
10:55:55,6.194452,9.021103,12972.79475,15552,1.61,1.356,4.7,316,522,134,480
10:55:59,5.640674,7.688157,11587.71165,13824,1.54,1.356,4.7,316,522,134,484
10:56:03,6.97135,8.701691,13099.42183,15552,1.4,1.356,4.7,316,522,134,487
10:56:07,5.931916,8.22406,11700.94256,13824,1.48,1.356,4.7,316,522,134,491
10:56:11,6.713108,8.830058,12492.29578,14688,1.49,1.356,4.7,316,522,134,495
10:56:15,6.73705,7.852374,11813.31213,13824,1.66,1.356,4.7,316,522,134,499
10:56:19,7.668763,9.159941,13353.84328,15552,1.51,1.356,4.7,316,522,134,503
10:56:23,7.35276,8.920872,13416.98678,15552,1.61,1.356,4.7,316,522,134,507
10:56:27,6.227427,8.070309,11982.92711,13824,1.54,1.356,4.7,316,522,134,511
10:56:31,6.936795,8.072962,12038.74154,13824,1.5,1.356,4.7,316,522,134,515
10:56:35,7.368205,8.531137,12851.1811,14688,1.65,1.356,4.7,316,522,134,519
10:56:39,7.333464,8.230968,12152.05194,13824,1.5,1.356,4.7,316,522,134,523
10:56:42,7.668198,9.059767,12955.5209,14688,1.46,1.356,4.7,316,522,134,526
10:56:46,6.844688,7.884851,11483.93657,12960,1.3,1.356,4.7,316,522,134,530
10:56:50,8.47135,8.673029,13074.83333,14688,1.59,1.356,4.7,316,523,134,534
10:56:54,8.651704,8.267642,13133.62681,14688,1.52,1.356,4.7,316,523,134,538
10:56:58,8.082804,7.912568,12418.35025,13824,1.61,1.356,4.7,316,523,134,542
10:57:02,8.969139,8.549734,13253.80381,14688,1.66,1.356,4.7,316,523,134,544
10:57:06,9.091192,8.614691,13313.89891,14688,1.42,1.356,4.7,316,523,134,548
10:57:10,8.7308,8.803674,13373.95346,14688,1.53,1.356,4.7,316,523,134,552
10:57:14,8.660227,7.871689,12643.35627,13824,1.63,1.356,4.7,316,523,134,556
10:57:18,9.697079,8.626757,13493.85079,14688,1.63,1.356,4.7,316,523,134,560
10:57:22,9.344284,8.495083,13553.25487,14688,1.36,1.356,4.7,316,523,134,564
10:57:26,9.495445,8.57801,13612.98726,14688,1.6,1.356,4.7,316,523,134,568
10:57:30,9.375064,8.062975,12868.91384,13824,1.73,1.356,4.7,316,523,134,572
10:57:33,10.347926,8.654232,13717.80624,14688,1.55,1.356,4.7,316,523,134,575
10:57:37,9.105534,8.099298,12967.24835,13824,1.38,1.356,4.7,316,523,134,579
10:57:41,10.126026,8.175715,13837.12947,14688,1.52,1.356,4.7,316,523,134,583
10:57:45,11.139558,9.14664,14714.91334,15552,1.58,1.356,4.7,316,523,134,587
10:57:49,10.030316,8.362164,13135.87409,13824,1.53,1.356,4.7,316,523,134,591
10:57:53,10.633684,8.706499,14017.0452,14688,1.39,1.356,4.7,316,523,134,595
10:57:57,9.876649,7.870092,13248.06949,13824,1.62,1.356,4.7,316,523,134,599
10:58:01,9.111893,7.774223,12473.2633,12960,1.58,1.356,4.7,316,523,134,600
10:58:05,10.74214,8.546593,13361.87641,13824,1.62,1.356,4.7,316,523,135,604
10:58:09,10.9113,8.430639,13417.46555,13824,1.69,1.356,4.7,316,523,135,608
10:58:13,12.01458,8.138299,14316.03244,14688,1.5,1.356,4.7,316,523,135,612
10:58:17,10.792896,7.22219,12684.9214,12960,1.5,1.356,4.7,316,523,135,616
10:58:21,12.426028,8.685594,14436.31519,14688,1.53,1.356,4.7,316,523,135,620
10:58:25,12.563168,8.803984,14496.29342,14688,1.95,1.356,4.7,316,523,135,624
10:58:29,12.226849,8.813612,14555.84499,14688,1.6,1.356,4.7,316,523,135,628
10:58:33,11.395558,8.192125,13756.12265,13824,1.49,1.356,4.7,316,523,135,632
10:58:36,12.486062,8.801604,14660.80669,14688,1.54,1.356,4.7,316,523,135,635
10:58:40,4.187864,7.831626,13854.7499,13824,1.61,1.356,4.7,316,523,135,639
10:58:44,4.322656,8.204898,13911.43514,13824,1.65,1.356,4.7,316,523,135,643
10:58:48,4.465248,8.157789,13968.05518,13824,1.54,1.356,4.7,316,523,135,647
10:58:52,5.164735,8.779774,14899.95787,14688,1.52,1.356,4.7,316,523,135,651
10:58:56,5.275369,8.371139,14079.80661,13824,2.25,1.356,4.7,316,523,135,655
10:59:00,4.399822,8.26202,14136.45255,13824,2.52,1.356,4.7,316,523,135,600
10:59:04,5.432291,7.112908,13305.30741,12960,1.78,1.356,4.7,316,523,135,604
10:59:08,5.090245,7.875366,14249.37298,13824,2.1,1.356,4.7,316,523,135,608
10:59:13,5.293476,8.364666,14319.92449,13824,1.69,1.356,4.7,316,523,135,613
10:59:17,5.413113,8.223535,14376.17554,13824,2.31,1.356,4.7,316,523,135,617
10:59:21,5.57527,8.285032,14432.65029,13824,2.23,1.356,4.7,316,523,135,621
10:59:25,5.269162,8.13926,14488.91791,13824,1.81,1.356,4.7,316,523,135,625
10:59:29,6.541387,8.874989,15454.71096,14688,1.55,1.356,4.7,316,523,135,629
10:59:33,6.439874,8.693521,15514.75388,14688,1.32,1.356,4.7,316,523,135,633
10:59:37,7.168465,8.35223,15574.10125,14688,1.42,1.356,4.7,316,523,135,637
10:59:41,6.625906,7.954798,14713.58384,13824,1.48,1.356,4.7,316,524,135,641
10:59:45,7.444908,8.88401,15693.30056,14688,1.63,1.356,4.7,316,524,135,645
10:59:49,6.888045,8.237408,14826.11717,13824,1.51,1.356,4.7,316,524,135,649
10:59:53,7.063056,8.110538,14882.18581,13824,1.48,1.356,4.7,316,524,135,653
10:59:56,6.521569,7.303349,13990.98754,12960,1.58,1.356,4.7,316,524,135,656
11:00:00,7.409429,8.252343,14980.84061,13824,1.54,1.356,4.7,316,524,135,601
11:00:04,7.772104,8.128017,15976.47122,14688,1.53,1.356,4.7,316,524,135,605
11:00:08,7.996239,8.282732,16036.16626,14688,1.42,1.356,4.7,316,524,135,609
11:00:12,8.162468,8.599818,16096.30222,14688,1.62,1.356,4.7,316,524,135,613
11:00:16,8.795135,8.072943,16156.42657,14688,1.51,1.356,4.7,316,524,135,617
11:00:20,7.678091,7.722689,15262.1226,13824,1.59,1.356,4.7,316,524,135,621
11:00:24,8.35798,8.387517,15319.33792,13824,1.62,1.356,4.7,316,524,135,625
11:00:28,7.777347,7.574642,14414.57516,12960,1.47,1.356,4.7,316,524,135,629
11:00:32,9.027503,8.450252,16396.08773,14688,1.35,1.356,4.7,316,524,135,633
11:00:36,8.384142,8.271463,15488.54967,13824,1.49,1.356,4.7,316,524,135,637
11:00:40,9.025717,7.942466,15544.40958,13824,1.64,1.356,4.7,316,524,135,641
11:00:44,10.040228,8.976973,16575.94671,14688,1.81,1.356,4.7,316,524,135,645
11:00:48,8.555263,7.260419,14678.00277,12960,1.63,1.356,4.7,316,524,135,649
11:00:52,9.03603,8.689758,15714.47291,13824,2.06,1.356,4.7,316,524,135,653
11:00:56,8.88213,7.799577,14784.84879,12960,2.18,1.357,4.7,316,524,136,657
11:01:00,9.369061,8.23473,15827.61398,13824,2.35,1.356,4.7,316,524,136,602
11:01:04,10.355596,8.545505,16876.28549,14688,2.27,1.356,4.7,316,524,136,606
11:01:08,10.136088,8.188075,15939.78969,13824,2.2,1.356,4.7,316,524,136,610
11:01:12,9.364322,7.166572,14996.09246,12960,1.83,1.356,4.7,316,524,136,614
11:01:16,11.271467,8.512868,17056.05695,14688,2.55,1.356,4.7,316,524,136,618
11:01:20,10.942526,8.011995,17115.55824,14688,2.4,1.356,4.7,316,524,136,622
11:01:24,11.078834,8.99222,17176.65632,14688,2.35,1.356,4.7,316,524,136,626
11:01:28,9.955529,7.247613,15206.98825,12960,2.15,1.356,4.7,316,524,136,630
11:01:32,11.03153,7.858354,16278.09946,13824,1.66,1.356,4.7,316,524,136,634
11:01:36,11.597126,8.466495,17355.49825,14688,1.71,1.356,4.7,316,524,136,638
11:01:40,11.292884,7.928874,16391.35713,13824,1.98,1.356,4.7,316,524,136,642
11:01:45,11.003313,8.038785,16461.59355,13824,1.67,1.356,4.7,316,524,136,647
11:01:49,11.169105,8.370889,16518.61792,13824,2.09,1.356,4.7,316,524,136,651
11:01:53,12.302566,8.678696,17610.79017,14688,2.08,1.356,4.7,316,524,136,655
11:01:57,11.950992,7.4609,16630.80773,13824,1.94,1.356,4.7,316,524,136,659
11:02:01,4.078208,8.025178,16686.79116,13824,2.43,1.356,4.7,316,524,136,660
11:02:05,4.705196,8.497274,16744.24007,13824,1.82,1.356,4.7,316,524,136,664
11:02:09,4.344832,7.816244,15750.10616,12960,2.18,1.356,4.7,316,524,136,668
11:02:13,5.017112,8.019016,16855.75243,13824,2.3,1.356,4.7,316,524,136,672
11:02:17,4.64913,7.703881,16911.7347,13824,2.09,1.356,4.7,316,524,136,676
11:02:21,5.327836,8.846884,18029.43736,14688,2.4,1.356,4.7,316,524,136,680
11:02:25,4.906398,8.019932,17025.20114,13824,1.84,1.356,4.7,316,524,136,684
11:02:29,5.032707,7.850262,17081.747,13824,2.17,1.356,4.7,316,525,136,688
11:02:33,5.775925,8.139459,18208.80446,14688,1.94,1.356,4.7,316,525,136,692
11:02:37,5.887767,8.269283,18267.65731,14688,1.62,1.356,4.7,316,525,136,696
11:02:41,5.995127,8.235561,18327.60823,14688,1.51,1.356,4.7,316,525,136,700
11:02:45,5.560056,8.172455,17306.0223,13824,1.44,1.356,4.7,316,525,136,704
11:02:49,5.744028,8.191741,17361.66031,13824,1.53,1.356,4.7,316,525,136,708
11:02:53,5.794008,7.268281,16329.40249,12960,1.59,1.356,4.7,316,525,136,712
11:02:57,5.944989,7.765836,16382.90018,12960,1.51,1.356,4.7,316,525,136,716
11:03:01,6.714435,8.26594,17530.93112,13824,1.65,1.356,4.7,316,525,136,717
11:03:05,6.325978,7.71846,17586.87296,13824,1.66,1.356,4.7,316,525,136,721
11:03:09,6.463792,8.550669,17643.99307,13824,1.51,1.356,4.7,316,525,136,725
11:03:13,5.56681,7.337432,16594.10143,12960,1.47,1.356,4.7,316,525,136,729
11:03:17,7.357059,8.275186,17757.0784,13824,1.36,1.356,4.7,316,525,136,733
11:03:21,6.61908,6.902978,15586.79878,12096,1.49,1.356,4.7,316,525,136,737
11:03:25,7.705177,7.68224,17869.74096,13824,1.6,1.356,4.7,316,525,136,741
11:03:29,7.426037,8.526305,17926.70577,13824,1.58,1.356,4.7,316,525,136,745
11:03:32,8.241786,8.624406,19091.1179,14688,1.63,1.356,4.7,316,525,136,748
11:03:36,7.677004,7.885621,18024.20688,13824,1.47,1.356,4.7,316,525,136,752
11:03:40,8.0662,8.521744,19211.21107,14688,1.6,1.356,4.7,316,525,136,756
11:03:44,8.690147,8.689114,19271.79799,14688,1.53,1.356,4.7,316,525,136,760
11:03:48,8.399731,7.972201,19330.74343,14688,1.49,1.356,4.7,316,525,137,764
11:03:52,8.368468,7.871624,18250.79235,13824,1.38,1.356,4.7,316,525,137,768
11:03:56,7.723551,7.544782,17162.65087,12960,1.59,1.356,4.7,316,525,137,772
11:04:00,8.633908,8.081081,18363.17107,13824,1.6,1.356,4.7,316,525,137,717
11:04:04,8.874772,8.704273,18419.51412,13824,1.58,1.356,4.7,316,525,137,721
11:04:08,9.038134,7.786584,18475.28281,13824,1.53,1.356,4.7,316,525,137,725
11:04:12,9.182202,7.879132,18532.22551,13824,1.66,1.356,4.7,316,525,137,729
11:04:16,9.632812,8.651696,19750.57975,14688,1.43,1.356,4.7,316,525,137,733
11:04:20,10.267807,8.699934,19810.20995,14688,1.77,1.356,4.7,316,525,137,737
11:04:24,10.43046,8.696567,19870.2814,14688,1.64,1.356,4.7,316,525,137,741
11:04:28,8.907567,7.675448,17585.51303,12960,1.5,1.356,4.7,316,525,137,745
11:04:32,9.929936,7.928383,18813.96745,13824,1.97,1.356,4.7,316,525,137,749
11:04:35,10.903133,8.791332,20035.19985,14688,1.49,1.356,4.7,316,525,137,752
11:04:39,9.653314,7.848925,18912.33823,13824,1.68,1.356,4.7,316,525,137,756
11:04:43,10.305068,7.704137,18968.63105,13824,1.57,1.356,4.7,316,525,137,760
11:04:47,9.173466,7.843554,17837.18173,12960,1.47,1.356,4.7,316,525,137,764
11:04:51,11.605513,8.590711,20275.15692,14688,1.63,1.356,4.7,316,525,137,768
11:04:55,9.91949,8.057583,17942.44569,12960,1.78,1.356,4.7,316,525,137,772
11:04:59,12.865332,9.343842,21594.48452,15552,1.67,1.356,4.7,316,525,137,776
11:05:03,12.083242,8.247702,20454.10063,14688,2.41,1.356,4.7,316,525,137,779
11:05:07,11.258692,8.118143,19307.42491,13824,2.36,1.356,4.7,316,525,137,783
11:05:11,12.845166,9.418129,21784.43211,15552,1.77,1.356,4.7,316,525,137,787
11:05:15,10.098045,7.770689,18206.77184,12960,1.6,1.356,4.7,316,525,137,791
11:05:19,13.244122,9.304756,21911.39231,15552,1.54,1.356,4.7,316,525,137,795
11:05:23,12.991222,8.330975,20752.73427,14688,2,1.356,4.7,316,526,137,799
11:05:27,4.092632,7.789907,19588.42834,13824,2.18,1.356,4.7,316,526,137,803
11:05:31,4.851853,8.116681,20871.8554,14688,2.12,1.356,4.7,316,526,137,807
11:05:35,4.526928,8.067913,19701.23966,13824,2.24,1.356,4.7,316,526,137,811
11:05:39,5.179704,8.666095,20991.53185,14688,1.61,1.356,4.7,316,526,137,815
11:05:44,4.923385,8.108935,21066.32495,14688,1.81,1.356,4.7,316,526,137,820
11:05:48,5.060235,8.06058,19883.92825,13824,2.03,1.356,4.7,316,526,137,824
11:05:52,5.215215,8.209379,19940.65847,13824,2.38,1.356,4.7,316,526,137,828
11:05:56,5.265847,7.943191,18747.82308,12960,2.5,1.356,4.7,316,526,137,832
11:06:00,5.48569,8.0614,20053.8423,13824,2.47,1.356,4.7,316,526,137,777
11:06:04,5.559153,7.84513,18852.8389,12960,2.33,1.356,4.7,316,526,137,781
11:06:08,5.89308,8.003511,20166.2859,13824,1.7,1.356,4.7,316,526,137,785
11:06:12,6.668518,8.667054,21486.87383,14688,1.9,1.356,4.7,316,526,137,789
11:06:16,6.859366,8.386064,21545.47438,14688,2.31,1.356,4.7,316,526,137,793
11:06:20,7.036871,8.327531,21604.82074,14688,1.57,1.356,4.7,316,526,137,797
11:06:24,7.242418,9.058336,21664.89182,14688,1.52,1.356,4.7,316,526,137,801
11:06:28,7.368108,8.545509,21724.90094,14688,1.58,1.356,4.7,316,526,137,805
11:06:32,7.541427,8.570751,21784.68856,14688,1.42,1.356,4.7,316,526,137,809
11:06:36,7.252826,8.56915,21844.40933,14688,1.47,1.356,4.7,316,526,137,813
11:06:40,7.202697,8.314463,20615.86973,13824,1.7,1.356,4.7,316,526,138,817
11:06:44,7.595972,8.862526,21964.58909,14688,1.65,1.356,4.7,316,526,138,821
11:06:48,6.836369,7.701033,19433.17757,12960,1.52,1.356,4.7,316,526,138,825
11:06:52,8.459068,9.038981,22084.12058,14688,1.59,1.356,4.7,316,526,138,829
11:06:56,7.917644,8.064849,20840.47988,13824,1.49,1.356,4.7,316,526,138,833
11:07:00,8.071216,8.507996,20896.66537,13824,1.61,1.356,4.7,316,526,138,778
11:07:04,8.994033,8.987132,22262.96047,14688,1.58,1.356,4.7,316,526,138,782
11:07:07,9.134867,8.668128,22306.73792,14688,1.6,1.356,4.7,316,526,138,785
11:07:11,8.495912,8.519292,21051.67685,13824,1.62,1.356,4.7,316,526,138,789
11:07:15,8.621292,7.37808,21107.45176,13824,1.7,1.356,4.7,316,526,138,793
11:07:19,8.775003,7.9945,21163.96431,13824,1.95,1.356,4.7,316,526,138,797
11:07:23,9.765666,8.690582,22547.47657,14688,1.57,1.356,4.7,316,526,138,801
11:07:27,9.08118,7.979363,21276.90509,13824,1.6,1.356,4.7,316,526,138,805
11:07:31,9.225326,7.906488,21333.81973,13824,1.67,1.356,4.7,316,526,138,809
11:07:35,8.902017,7.812102,21389.39927,13824,1.61,1.356,4.7,316,526,138,813
11:07:39,8.998357,7.978307,21445.56631,13824,1.72,1.356,4.7,316,526,138,817
11:07:43,9.697032,8.191042,21502.4392,13824,1.56,1.356,4.7,316,526,138,821
11:07:47,9.386102,8.218274,21558.93694,13824,1.28,1.356,4.7,316,526,138,825
11:07:51,10.366976,8.281407,22965.62185,14688,1.41,1.356,4.7,316,526,138,829
11:07:55,11.031152,8.361466,23025.33264,14688,1.57,1.356,4.7,316,526,138,833
11:07:58,9.386441,7.083491,20355.85735,12960,1.49,1.356,4.7,316,526,138,836
11:08:02,11.40825,8.653124,23130.49662,14688,1.54,1.356,4.7,316,526,138,838
11:08:06,11.539438,8.591024,23190.83096,14688,1.37,1.356,4.7,316,526,138,842
11:08:10,10.758178,7.745387,21882.58173,13824,1.54,1.356,4.7,316,526,138,846
11:08:14,10.912173,7.834474,21939.56484,13824,1.54,1.356,4.7,316,527,138,850
11:08:18,10.629188,7.147869,20621.3696,12960,1.78,1.356,4.7,316,527,138,854
11:08:22,11.218042,7.902858,22052.81939,13824,1.48,1.356,4.7,316,527,138,858
11:08:26,12.356576,8.530751,23491.14569,14688,1.47,1.356,4.7,316,527,138,862
11:08:30,12.477322,8.347901,23551.4667,14688,1.66,1.356,4.7,316,527,138,866
11:08:34,13.684706,9.107991,24999.79967,15552,1.59,1.356,4.7,316,527,138,870
11:08:38,11.859056,8.205804,22278.12881,13824,1.46,1.356,4.7,316,527,138,874
11:08:42,11.987896,7.793285,22334.53276,13824,2,1.356,4.7,316,527,138,878
11:08:45,4.121232,7.782272,22377.15414,13824,1.52,1.356,4.7,316,527,138,881
11:08:49,4.295232,7.961999,22434.22606,13824,1.9,1.356,4.7,316,527,138,885
11:08:53,3.922993,7.930422,22490.13058,13824,1.56,1.356,4.7,316,527,138,889
11:08:57,4.606143,8.693788,23955.48984,14688,1.4,1.356,4.7,316,527,138,893
11:09:01,5.2442,8.242626,22602.25823,13824,1.55,1.356,4.7,316,527,138,894
11:09:05,4.951072,8.485825,22658.98182,13824,1.58,1.357,4.7,316,527,138,898
11:09:09,5.074051,7.933496,22714.78163,13824,1.59,1.356,4.7,316,527,138,902
11:09:13,5.277744,8.632973,24194.39713,14688,1.62,1.356,4.7,316,527,138,906
11:09:17,5.332982,7.631821,22826.98997,13824,1.54,1.356,4.7,316,527,138,910
11:09:21,6.045431,8.201742,24314.0159,14688,1.53,1.356,4.7,316,527,138,914
11:09:25,5.603068,7.724846,22940.1918,13824,1.61,1.356,4.7,316,527,138,918
11:09:28,5.77184,8.348684,24419.33534,14688,1.52,1.356,4.7,316,527,138,921
11:09:32,6.396455,8.780333,24479.79168,14688,1.47,1.356,4.7,316,527,139,925
11:09:36,6.566187,8.531156,24540.10817,14688,1.43,1.356,4.7,316,527,139,929
11:09:40,6.134202,8.316022,23153.08253,13824,1.54,1.356,4.7,316,527,139,933
11:09:44,6.921507,8.836906,24659.32433,14688,1.65,1.356,4.7,316,527,139,937
11:09:48,6.252627,7.43252,21811.25213,12960,1.53,1.356,4.7,316,527,139,941
11:09:52,7.745872,9.136386,24780.39262,14688,1.52,1.356,4.7,316,527,139,945
11:09:56,6.092869,7.45579,21917.63961,12960,1.53,1.356,4.7,316,527,139,949
11:10:00,6.938467,7.947048,23434.79601,13824,1.47,1.356,4.7,316,527,139,894
11:10:04,7.093757,7.874391,23491.78549,13824,1.49,1.356,4.7,316,527,139,898
11:10:08,7.269939,8.32327,23548.11532,13824,1.48,1.356,4.7,316,527,139,902
11:10:12,7.651123,9.077188,25080.12832,14688,1.54,1.356,4.7,316,527,139,906
11:10:16,8.323859,8.732161,25139.30885,14688,1.47,1.356,4.7,316,527,139,910
11:10:20,7.730696,8.006124,23716.84186,13824,1.85,1.356,4.7,316,527,139,914
11:10:24,7.645786,7.439847,22287.23319,12960,1.88,1.356,4.7,316,527,139,918
11:10:28,7.596563,7.702514,23828.58744,13824,1.63,1.356,4.7,316,527,139,922
11:10:32,7.75352,7.748851,23884.39576,13824,2.19,1.356,4.7,316,527,139,926
11:10:36,8.420777,7.941159,23940.59757,13824,1.71,1.356,4.7,316,527,139,930
11:10:39,9.337635,8.251005,25481.94626,14688,1.74,1.356,4.7,316,527,139,933
11:10:43,7.954216,7.590401,22536.47315,12960,1.75,1.356,4.7,316,527,139,937
11:10:47,8.902919,7.835192,24093.70673,13824,1.47,1.356,4.7,316,527,139,941
11:10:51,9.881542,8.295186,25658.76296,14688,1.66,1.356,4.7,316,527,139,945
11:10:55,10.008641,8.263585,25718.67085,14688,1.6,1.356,4.7,316,527,139,949
11:10:59,8.833099,8.188679,24261.81333,13824,1.92,1.356,4.7,316,527,139,953
11:11:03,11.30876,8.066583,24318.07124,13824,1.4,1.356,4.7,316,527,139,956
11:11:07,10.951067,8.096807,24374.0939,13824,1.56,1.356,4.7,316,528,139,960
11:11:11,11.117188,8.236095,24430.35528,13824,1.97,1.356,4.7,316,528,139,964
11:11:15,12.740443,8.21164,26017.05919,14688,1.59,1.356,4.7,316,528,139,968
11:11:19,11.92012,7.914635,24543.09901,13824,1.72,1.356,4.7,316,528,139,972
11:11:23,4.065936,8.451549,24599.58252,13824,1.64,1.356,4.7,316,528,139,976
11:11:27,3.681342,6.978012,21574.36499,12096,1.78,1.356,4.7,316,528,139,980
11:11:31,4.361008,8.356162,26257.27951,14688,1.65,1.356,4.7,316,528,139,984
11:11:35,5.083952,8.391205,26317.0625,14688,1.73,1.356,4.7,316,528,139,988
11:11:39,5.195205,8.201931,24825.84969,13824,1.49,1.356,4.7,316,528,139,992
11:11:43,5.423015,8.674061,26437.70714,14688,1.68,1.356,4.7,316,528,139,996
11:11:47,5.627208,8.575011,26497.1502,14688,1.55,1.356,4.7,316,528,139,1000
11:11:50,5.692801,8.489227,24980.8164,13824,1.51,1.356,4.7,316,528,139,1003
11:11:54,5.908944,8.652961,26600.5577,14688,1.61,1.356,4.7,316,528,139,1007
11:11:58,5.491839,8.282321,25093.23159,13824,1.53,1.356,4.7,316,528,139,1011
11:12:02,6.234132,8.369671,26721.47762,14688,1.54,1.356,4.7,316,528,139,1013
11:12:06,6.381241,8.60265,26781.42669,14688,1.57,1.356,4.7,316,528,139,1017
11:12:10,5.311994,7.956239,23683.85716,12960,1.63,1.356,4.7,316,528,139,1021
11:12:14,6.738739,8.900033,26901.27154,14688,1.69,1.356,4.7,316,528,139,1025
11:12:18,6.108667,7.743317,23788.98427,12960,1.4,1.356,4.7,316,528,139,1029
11:12:22,7.090144,8.50699,27020.57785,14688,1.46,1.356,4.7,316,528,139,1033
11:12:26,7.221692,8.768544,27080.86018,14688,1.5,1.356,4.7,316,528,140,1037
11:12:30,6.888295,8.389402,27140.3169,14688,1.78,1.356,4.7,316,528,140,1041
11:12:34,7.046109,8.295218,27200.79136,14688,1.63,1.356,4.7,316,528,140,1045
11:12:37,7.660603,8.454217,27245.6455,14688,1.53,1.356,4.7,316,528,140,1048
11:12:41,7.784656,8.286902,27304.66405,14688,1.68,1.356,4.7,316,528,140,1052
11:12:45,7.799483,7.801194,25754.94753,13824,1.62,1.356,4.7,316,528,140,1056
11:12:49,8.150045,8.690348,27424.63439,14688,1.65,1.356,4.7,316,528,140,1060
11:12:53,7.5621,7.881986,25867.36381,13824,1.66,1.356,4.7,316,528,140,1064
11:12:57,7.70556,7.954448,25923.96191,13824,1.65,1.356,4.7,316,528,140,1068
11:13:01,8.691767,8.951442,27604.56263,14688,1.82,1.356,4.7,316,528,140,1069
11:13:05,8.101652,7.857014,26036.86723,13824,1.67,1.356,4.7,316,528,140,1073
11:13:09,8.293476,8.127845,26093.3102,13824,1.56,1.356,4.7,316,528,140,1077
11:13:13,7.647023,7.436842,24514.54458,12960,1.74,1.356,4.7,316,528,140,1081
11:13:17,9.346741,8.785245,27843.18487,14688,1.44,1.356,4.7,316,528,140,1085
11:13:21,8.70358,8.191599,26261.59119,13824,1.47,1.356,4.7,316,528,140,1089
11:13:25,8.868105,8.14448,26317.8184,13824,1.75,1.356,4.7,316,528,140,1093
11:13:29,9.073126,7.863858,26374.09428,13824,1.59,1.356,4.7,316,528,140,1097
11:13:33,9.596079,8.288733,28081.97149,14688,1.53,1.356,4.7,316,528,140,1101
11:13:36,8.542974,7.491933,24818.39095,12960,1.5,1.356,4.7,316,528,140,1104
11:13:40,8.673339,7.614071,24871.48341,12960,1.59,1.356,4.7,316,528,140,1108
11:13:44,10.537471,8.797539,28248.27515,14688,1.58,1.356,4.7,316,528,140,1112
11:13:48,9.793656,7.743372,26642.65294,13824,1.75,1.356,4.7,316,528,140,1116
11:13:52,9.957484,8.19023,26699.11885,13824,1.62,1.356,4.7,316,528,140,1120
11:13:56,10.075926,8.203872,26755.63672,13824,1.8,1.356,4.7,316,528,140,1124
11:14:00,10.248202,7.964229,26812.07917,13824,1.86,1.356,4.7,316,529,140,1069
11:14:04,9.966791,7.931707,26868.11409,13824,1.67,1.356,4.7,316,529,140,1073
11:14:08,11.552766,8.863382,28607.58762,14688,1.5,1.356,4.7,316,529,140,1077
11:14:12,10.327213,7.876763,26981.6102,13824,1.61,1.356,4.7,316,529,140,1081
11:14:16,11.962944,8.260478,28727.29592,14688,1.89,1.356,4.7,316,529,140,1085
11:14:20,11.130221,8.048838,27094.1701,13824,1.96,1.356,4.7,316,529,140,1089
11:14:24,12.288315,8.341752,28847.78976,14688,1.57,1.356,4.7,316,529,140,1093
11:14:28,11.51747,8.271043,27208.00242,13824,1.55,1.356,4.7,316,529,140,1097
11:14:31,11.692738,8.503571,27250.36749,13824,1.47,1.356,4.7,316,529,140,1100
11:14:35,12.832767,8.131178,29011.83868,14688,1.6,1.356,4.7,316,529,140,1104
11:14:39,12.501889,8.557564,29072.074,14688,1.59,1.356,4.7,316,529,140,1108
11:14:43,4.729203,9.328556,30845.41248,15552,1.5,1.356,4.7,316,529,140,1112
11:14:47,4.815732,7.940942,27474.42293,13824,1.42,1.356,4.7,316,529,140,1116
11:14:51,4.522024,8.297982,27531.77342,13824,1.47,1.356,4.7,316,529,140,1120
11:14:55,4.707903,8.981427,29312.19923,14688,1.65,1.356,4.7,316,529,140,1124
11:14:59,4.814462,7.505156,25916.31298,12960,1.55,1.356,4.7,316,529,140,1128
11:15:03,4.917121,8.04367,25969.4305,12960,1.52,1.356,4.7,316,529,140,1131
11:15:07,5.053983,7.553887,26022.50545,12960,1.37,1.356,4.7,316,529,140,1135
11:15:11,5.844586,8.184001,27813.16006,13824,1.82,1.356,4.7,316,529,140,1139
11:15:15,5.560907,8.048625,27869.79042,13824,1.71,1.356,4.7,316,529,141,1143
11:15:19,6.228309,8.562144,27926.02557,13824,1.7,1.356,4.7,316,529,141,1147
11:15:23,5.9036,7.931875,27981.93306,13824,1.57,1.356,4.7,316,529,141,1151
11:15:27,5.465094,7.313416,26285.73679,12960,1.58,1.356,4.7,316,529,141,1155
11:15:31,6.75878,7.886274,28094.36883,13824,1.57,1.356,4.7,316,529,141,1159
11:15:34,6.387555,7.311818,28136.50779,13824,1.76,1.356,4.7,316,529,141,1162
11:15:38,6.603521,7.933825,28193.43856,13824,1.66,1.356,4.7,316,529,141,1166
11:15:42,6.169097,7.528414,26484.89042,12960,1.55,1.356,4.7,316,529,141,1170
11:15:46,7.516641,7.649137,28305.90033,13824,1.59,1.356,4.7,316,529,141,1174
11:15:50,7.907318,8.060779,30135.2303,14688,1.57,1.356,4.7,316,529,141,1178
11:15:54,8.122953,8.299403,30195.15653,14688,1.62,1.356,4.7,316,529,141,1182
11:15:58,7.54637,8.301977,28476.09706,13824,1.6,1.356,4.7,316,529,141,1186
11:16:02,7.308215,8.058469,28532.34593,13824,1.79,1.356,4.7,316,529,141,1188
11:16:06,8.700719,8.567034,30374.96774,14688,1.52,1.356,4.7,316,529,141,1192
11:16:10,7.819245,7.723303,26855.08741,12960,1.66,1.356,4.7,316,529,141,1196
11:16:14,8.575997,8.791419,30494.79389,14688,1.49,1.356,4.7,316,529,141,1200
11:16:18,7.709443,7.689834,26960.02891,12960,1.7,1.356,4.7,316,529,141,1204
11:16:22,9.479915,8.392902,30614.79813,14688,1.48,1.356,4.7,316,529,141,1208
11:16:26,9.624593,8.601258,30674.86837,14688,1.71,1.356,4.7,316,529,141,1212
11:16:29,8.950505,8.053559,28912.28267,13824,1.68,1.356,4.7,316,529,141,1215
11:16:33,8.299444,7.772698,27158.4046,12960,1.59,1.356,4.7,316,529,141,1219
11:16:37,9.268061,8.147267,29024.87256,13824,1.46,1.356,4.7,316,529,141,1223
11:16:41,9.511922,7.979929,29080.39375,13824,1.6,1.356,4.7,316,529,141,1227
11:16:45,10.484964,8.359125,30958.93746,14688,1.65,1.356,4.7,316,529,141,1231
11:16:49,9.76141,8.098949,29193.83703,13824,1.65,1.356,4.7,316,529,141,1235
11:16:53,10.732513,8.692824,31078.98635,14688,1.55,1.356,4.7,316,530,141,1239
11:16:57,9.511019,7.692488,29306.12456,13824,1.45,1.356,4.7,316,530,141,1243
11:17:01,8.861533,7.320488,25692.87865,12096,1.85,1.356,4.7,316,530,141,1244
11:17:05,10.32323,8.15982,29419.79399,13824,1.69,1.356,4.7,316,530,141,1248
11:17:09,9.597641,7.657609,27633.8353,12960,1.51,1.356,4.7,316,530,141,1252
11:17:13,9.704166,7.764642,27687.00397,12960,1.58,1.356,4.7,316,530,141,1256
11:17:17,9.841608,7.685515,27739.95856,12960,1.54,1.356,4.7,316,530,141,1260
11:17:21,11.397099,8.647523,31498.22452,14688,1.44,1.356,4.7,316,530,141,1264
11:17:25,12.022411,8.16158,31557.98161,14688,1.73,1.356,4.7,316,530,141,1268
11:17:29,9.768009,7.796415,27897.79235,12960,1.63,1.356,4.7,316,530,141,1272
11:17:32,11.34088,7.692768,29799.31471,13824,1.49,1.356,4.7,316,530,141,1275
11:17:36,11.483041,8.102016,29856.71545,13824,1.5,1.356,4.7,316,530,141,1279
11:17:40,11.59408,7.972689,29912.6093,13824,1.75,1.356,4.7,316,530,141,1283
11:17:44,11.786784,7.607724,29969.34668,13824,1.7,1.356,4.7,316,530,141,1287
11:17:48,11.929152,7.679221,30025.59382,13824,1.7,1.356,4.7,316,530,141,1291
11:17:52,4.130034,7.500621,28202.45795,12960,1.46,1.356,4.7,316,530,141,1295
11:17:56,4.810646,8.525758,32022.04057,14688,1.69,1.356,4.7,316,530,141,1299
11:18:00,3.987311,6.686062,26420.34061,12096,1.69,1.356,4.7,316,530,141,1244
11:18:04,5.263029,8.620485,32142.53366,14688,1.63,1.356,4.7,316,530,141,1248
11:18:08,4.945603,7.647712,30308.28728,13824,1.54,1.356,4.7,316,530,141,1252
11:18:12,5.644215,8.739648,30365.34994,13824,1.58,1.356,4.7,316,530,142,1256
11:18:16,4.804706,7.780598,30421.35122,13824,1.45,1.356,4.7,316,530,142,1260
11:18:20,5.44438,7.561075,30477.7805,13824,1.73,1.356,4.7,316,530,142,1264
11:18:24,5.577156,7.486857,30534.70128,13824,1.78,1.356,4.7,316,530,142,1268
11:18:28,5.637415,7.613538,28679.02142,12960,1.71,1.356,4.7,316,530,142,1272
11:18:32,5.897174,8.112278,30647.7376,13824,1.54,1.356,4.7,316,530,142,1276
11:18:35,6.626185,8.632998,32608.47174,14688,1.53,1.356,4.7,316,530,142,1279
11:18:39,6.001092,7.838647,28824.33809,12960,1.66,1.356,4.7,316,530,142,1283
11:18:43,5.661237,7.546372,28877.1574,12960,1.54,1.356,4.7,316,530,142,1287
11:18:47,6.501852,8.48331,30859.17338,13824,1.45,1.356,4.7,316,530,142,1291
11:18:51,6.677828,8.148079,30914.57451,13824,1.61,1.356,4.7,316,530,142,1295
11:18:55,6.933941,7.922897,30970.62548,13824,1.6,1.356,4.7,316,530,142,1299
11:18:59,6.891044,7.846548,29088.42057,12960,1.49,1.356,4.7,316,530,142,1303
11:19:03,7.22179,8.304021,31083.87549,13824,1.8,1.356,4.7,316,530,142,1306
11:19:07,5.95922,7.314056,27247.82671,12096,1.37,1.356,4.7,316,530,142,1310
11:19:11,7.548168,7.885403,31195.63084,13824,1.46,1.356,4.7,316,530,142,1314
11:19:15,6.9788,7.715182,29299.65725,12960,1.62,1.356,4.7,316,530,142,1318
11:19:19,7.891032,8.19023,31309.33971,13824,1.5,1.356,4.7,316,530,142,1322
11:19:23,8.065568,8.097706,31365.62606,13824,1.63,1.356,4.7,316,530,142,1326
11:19:27,8.217444,8.273526,31422.10907,13824,1.73,1.356,4.7,316,530,142,1330
11:19:31,7.587312,7.404616,29510.73563,12960,1.46,1.356,4.7,316,530,142,1334
11:19:35,8.518788,8.554232,31535.33456,13824,1.66,1.356,4.7,316,530,142,1338
11:19:38,8.150752,8.101526,31577.43543,13824,1.71,1.356,4.7,316,530,142,1341
11:19:42,8.029983,7.527169,29656.85195,12960,1.54,1.356,4.7,316,530,142,1345
11:19:46,9.785385,8.227208,33670.06987,14688,1.4,1.356,4.7,316,531,142,1349
11:19:50,8.62698,7.869426,31746.01153,13824,1.65,1.356,4.7,316,531,142,1353
11:19:54,9.319452,7.624923,31801.8545,13824,1.52,1.356,4.7,316,531,142,1357
11:19:58,8.633293,7.631349,29867.88863,12960,1.36,1.356,4.7,316,531,142,1361
11:20:02,10.431357,8.373382,33910.21,14688,1.53,1.356,4.7,316,531,142,1363
11:20:06,9.211313,8.189939,31972.35626,13824,1.52,1.356,4.7,316,531,142,1367
11:20:10,9.860854,8.054482,32028.19502,13824,1.62,1.356,4.7,316,531,142,1371
11:20:14,10.007464,8.028626,32084.3241,13824,1.64,1.356,4.7,316,531,142,1375
11:20:18,9.671073,7.669492,32140.40076,13824,1.58,1.356,4.7,316,531,142,1379
11:20:22,10.711406,8.990607,34209.72498,14688,1.7,1.356,4.7,316,531,142,1383
11:20:26,9.983197,8.302667,32253.2818,13824,1.61,1.356,4.7,316,531,142,1387
11:20:30,10.593677,8.019701,32309.41267,13824,1.56,1.356,4.7,316,531,142,1391
11:20:34,9.80227,7.534161,30343.21434,12960,1.4,1.356,4.7,316,531,142,1395
11:20:38,10.868079,7.827998,32422.07372,13824,1.37,1.356,4.7,316,531,142,1399
11:20:42,10.505839,8.435332,32479.20806,13824,1.43,1.356,4.7,316,531,142,1403
11:20:45,11.138227,7.963793,32521.19621,13824,1.6,1.356,4.7,316,531,142,1406
11:20:49,11.732393,8.810411,34614.65772,14688,1.58,1.356,4.7,316,531,142,1410
11:20:53,11.421733,8.343069,32634.50665,13824,1.5,1.356,4.7,316,531,142,1414
11:20:57,12.518568,8.555191,34733.84525,14688,1.45,1.356,4.7,316,531,142,1418
11:21:01,11.158816,8.174415,32746.97094,13824,1.47,1.356,4.7,316,531,142,1419
11:21:05,12.316512,8.645777,34853.70214,14688,1.45,1.356,4.7,316,531,143,1423
11:21:09,4.01484,8.045237,32859.31734,13824,1.48,1.356,4.7,316,531,143,1427
11:21:13,4.656019,8.789387,34973.29316,14688,1.48,1.356,4.7,316,531,143,1431
11:21:17,4.867038,9.464948,37093.93059,15552,1.43,1.356,4.7,316,531,143,1435
11:21:21,4.987849,8.054283,35092.87376,14688,1.56,1.356,4.7,316,531,143,1439
11:21:25,5.151704,8.861372,35152.8646,14688,1.59,1.356,4.7,316,531,143,1443
11:21:29,5.838118,9.221618,37284.3413,15552,1.48,1.356,4.7,316,531,143,1447
11:21:33,4.894761,8.271692,33197.56925,13824,1.46,1.356,4.7,316,531,143,1451
11:21:37,4.97145,7.402308,31175.6779,12960,1.21,1.356,4.7,316,531,143,1455
11:21:41,5.119054,8.059699,31228.25773,12960,1.28,1.356,4.7,316,531,143,1459
11:21:45,5.397736,8.50022,35451.56906,14688,1.53,1.356,4.7,316,531,143,1463
11:21:48,4.822322,7.491796,31320.5511,12960,1.48,1.356,4.7,316,531,143,1466
11:21:52,6.173251,8.302508,35555.91511,14688,1.35,1.356,4.7,316,531,143,1470
11:21:56,6.330071,8.450362,35615.90124,14688,1.47,1.356,4.7,316,531,143,1474
11:22:00,5.858506,8.148772,33576.75148,13824,1.5,1.356,4.7,316,531,143,1419
11:22:04,6.114101,8.170467,35735.53676,14688,1.51,1.356,4.7,316,531,143,1423
11:22:08,6.176414,8.218802,33690.00412,13824,1.4,1.356,4.7,316,531,143,1427
11:22:12,6.323962,7.90559,33746.28535,13824,1.55,1.356,4.7,316,531,143,1431
11:22:16,6.448596,8.511946,33803.00606,13824,1.46,1.356,4.7,316,531,143,1435
11:22:20,7.327975,8.346489,35975.23008,14688,1.78,1.356,4.7,316,531,143,1439
11:22:24,6.838531,8.007657,33915.08205,13824,1.51,1.356,4.7,316,531,143,1443
11:22:28,6.973863,7.76424,33971.19225,13824,1.51,1.356,4.7,316,531,143,1447
11:22:32,7.112132,8.313102,34027.09159,13824,1.34,1.356,4.7,316,531,143,1451
11:22:36,7.106688,7.813932,31953.70591,12960,1.44,1.356,4.7,316,531,143,1455
11:22:40,8.220837,8.408469,36273.82673,14688,1.7,1.356,4.7,316,532,143,1459
11:22:44,7.676072,8.066123,34196.25267,13824,1.4,1.356,4.7,316,532,143,1463
11:22:48,7.08596,7.740748,32112.3394,12960,1.5,1.356,4.7,316,532,143,1467
11:22:52,8.000088,7.832083,34309.37153,13824,1.37,1.356,4.7,316,532,143,1471
11:22:56,8.164979,7.800615,34365.47346,13824,1.7,1.356,4.7,316,532,143,1475
11:23:00,7.846411,7.939799,34422.50393,13824,1.63,1.356,4.7,316,532,143,1420
11:23:04,8.484328,8.022589,34479.06411,13824,1.53,1.356,4.7,316,532,143,1424
11:23:08,8.154681,8.052524,34535.65104,13824,1.4,1.356,4.7,316,532,143,1428
11:23:12,8.844152,8.419698,34592.89869,13824,1.53,1.356,4.7,316,532,143,1432
11:23:15,9.28007,8.384411,36799.46855,14688,1.46,1.356,4.7,316,532,143,1435
11:23:19,9.507084,8.537971,36859.48265,14688,1.61,1.356,4.7,316,532,143,1439
11:23:23,9.381977,8.372618,34748.08553,13824,1.58,1.356,4.7,316,532,143,1443
11:23:27,10.373901,8.49088,36979.75994,14688,1.49,1.356,4.7,316,532,143,1447
11:23:31,9.98951,8.819217,37040.33467,14688,1.51,1.356,4.7,316,532,143,1451
11:23:35,9.79152,7.90116,34917.0757,13824,1.53,1.356,4.7,316,532,143,1455
11:23:39,9.94149,7.977259,34973.83267,13824,1.56,1.356,4.7,316,532,143,1459
11:23:43,11.888132,9.017935,39409.40351,15552,2.01,1.356,4.7,316,532,143,1463
11:23:47,10.632494,8.631125,37279.42394,14688,1.43,1.356,4.7,316,532,143,1467
11:23:50,10.38202,8.034167,35128.69179,13824,1.6,1.356,4.7,316,532,143,1470
11:23:54,10.066836,7.933575,35184.38683,13824,1.61,1.356,4.7,316,532,143,1474
11:23:58,7.440704,5.016192,24227.561,9504,1.49,1.356,4.7,316,532,143,1478
8:26:57,4.596834,7.629249,80.103121,12960,2.23,1.357,4.7,334,533,144,1535
8:27:01,4.689357,7.286383,123.112493,12096,1.73,1.358,4.7,334,533,144,1536
8:27:05,4.860548,7.605473,183.291273,12960,1.56,1.357,4.7,334,533,144,1540
8:27:09,6.198479,8.421604,266.053729,14688,1.61,1.357,4.7,334,533,144,1544
8:27:13,5.855725,8.518288,325.878326,14688,1.49,1.357,4.7,334,533,144,1548
8:27:18,7.355497,9.092938,398.871533,14688,1.62,1.358,4.7,334,533,144,1553
8:27:22,7.010155,9.268312,458.635606,14688,1.31,1.358,4.7,333,533,144,1557
8:27:26,6.501816,8.54746,487.835496,13824,1.51,1.358,4.7,333,533,144,1561
8:27:30,6.51331,7.704684,508.929741,12960,1.84,1.358,4.7,333,533,144,1565
8:27:34,6.987782,7.662537,524.735806,12096,1.71,1.358,4.7,333,533,144,1569
8:27:38,6.079462,7.648346,573.05673,12096,1.39,1.358,4.7,333,533,144,1573
8:27:42,5.662745,7.149711,577.833497,11232,1.37,1.358,4.7,333,533,144,1577
8:27:46,7.452087,8.527505,766.09781,13824,1.63,1.358,4.7,333,533,144,1581
8:27:50,7.958778,8.878926,873.170158,14688,1.46,1.358,4.7,333,533,144,1585
8:27:54,8.682884,8.584109,932.200255,14688,1.56,1.358,4.7,333,533,144,1589
8:27:58,8.507869,8.471363,992.2555,14688,1.55,1.358,4.7,333,533,144,1593
8:28:02,8.427649,8.651361,987.885365,13824,1.4,1.358,4.7,333,533,144,1595
8:28:06,7.320616,8.281568,914.441642,12096,1.61,1.358,4.7,333,533,144,1599
8:28:10,7.764945,8.140989,1030.430961,12960,1.77,1.358,4.7,333,533,144,1603
8:28:14,9.55352,8.874277,1224.019609,14688,1.64,1.358,4.7,333,533,145,1607
8:28:18,9.724284,8.648168,1283.57822,14688,1.24,1.358,4.7,333,533,145,1611
8:28:22,9.069323,8.119353,1263.456416,13824,1.45,1.357,4.7,333,533,145,1615
8:28:26,9.223656,8.021024,1319.539295,13824,1.5,1.358,4.7,333,533,145,1619
8:28:30,9.872418,8.322458,1373.127392,13824,1.58,1.358,4.7,333,533,145,1623
8:28:34,7.779706,8.084099,1251.926946,12096,1.43,1.358,4.7,333,533,145,1627
8:28:38,8.405096,7.854289,1299.99503,12096,1.41,1.357,4.7,333,533,145,1631
8:28:42,8.491032,8.335707,1349.528794,12096,1.5,1.357,4.7,333,533,145,1635
8:28:46,10.033973,9.017089,1595.711666,13824,1.47,1.358,4.7,333,533,145,1639
8:28:50,10.68075,8.622514,1652.11941,13824,1.61,1.358,4.7,333,533,145,1643
8:28:54,11.252748,8.520006,1814.022359,14688,2.73,1.358,4.7,333,533,145,1647
8:28:58,11.395948,8.832626,1873.752427,14688,1.68,1.358,4.7,333,533,145,1651
8:29:02,11.11608,8.100355,1817.751048,13824,1.56,1.357,4.7,333,533,145,1653
8:29:06,10.362618,7.977001,1757.787189,12960,1.5,1.357,4.7,333,534,145,1657
8:29:10,10.518776,8.022221,1810.669398,12960,1.5,1.357,4.7,333,534,145,1661
8:29:14,11.712295,8.690402,1987.697863,13824,1.43,1.358,4.7,333,534,145,1665
8:29:18,11.322089,8.329649,2041.835145,13824,1.44,1.357,4.7,333,534,145,1669
8:29:22,11.481217,8.503527,2099.032803,13824,1.43,1.358,4.7,333,534,145,1673
8:29:26,4.117552,7.981803,2154.799592,13824,1.55,1.357,4.7,333,534,145,1677
8:29:30,4.299728,8.472172,2210.384512,13824,1.5,1.358,4.7,333,534,145,1681
8:29:34,3.901688,7.612432,1983.179793,12096,1.44,1.358,4.7,333,534,145,1685
8:29:38,4.65788,8.325628,2323.014224,13824,1.48,1.357,4.7,333,534,145,1689
8:29:42,4.783584,8.349871,2379.542816,13824,1.41,1.357,4.7,333,534,145,1693
8:29:46,4.884092,7.912039,2282.864195,12960,1.58,1.357,4.7,333,534,145,1697
8:29:50,5.084256,7.960401,2490.827646,13824,1.74,1.357,4.7,333,534,145,1701
8:29:54,5.682752,8.342343,2389.10084,12960,1.47,1.357,4.7,333,534,145,1705
8:29:58,5.513764,8.277218,2603.973643,13824,2.35,1.357,4.7,333,534,145,1709
8:30:02,6.132917,8.583186,2659.626964,13824,1.58,1.358,4.7,333,534,145,1711
8:30:06,5.835047,8.624203,2715.97662,13824,1.68,1.357,4.7,333,534,145,1715
8:30:10,5.5078,7.739323,2771.813673,13824,1.45,1.358,4.7,333,534,145,1719
8:30:14,6.350681,6.48676,2297.842327,11232,1.45,1.357,4.7,333,534,145,1723
8:30:18,6.024573,7.344019,2344.261499,11232,1.4,1.357,4.7,333,534,145,1727
8:30:22,7.415443,8.468068,2940.477156,13824,1.72,1.357,4.7,333,534,145,1731
8:30:26,8.083924,8.282718,2997.102552,13824,1.59,1.357,4.7,333,534,145,1735
8:30:30,7.788918,7.633032,3051.85221,13824,1.5,1.357,4.7,333,534,145,1739
8:30:34,7.680254,7.511888,2913.901575,12960,1.49,1.357,4.7,333,534,145,1743
8:30:38,7.937862,8.310794,2967.460741,12960,1.48,1.358,4.7,333,534,145,1747
8:30:42,8.408502,8.497677,3221.547081,13824,1.57,1.357,4.7,333,534,145,1751
8:30:46,8.554549,8.508089,3276.221434,13824,1.6,1.358,4.7,333,534,145,1755
8:30:50,9.527417,8.779636,3539.98758,14688,1.54,1.357,4.7,333,534,145,1759
8:30:54,10.150996,8.418079,3598.834773,14688,1.57,1.357,4.7,333,534,145,1763
8:30:58,7.82889,7.724569,3014.833801,12096,1.4,1.357,4.7,333,534,145,1767
8:31:02,9.189918,8.991488,3498.554633,13824,1.49,1.357,4.7,333,534,145,1769
8:31:06,10.717527,8.845698,3776.762844,14688,1.82,1.357,4.7,333,534,145,1773
8:31:10,10.089888,8.205311,3610.442122,13824,1.58,1.358,4.7,333,534,145,1777
8:31:14,9.338473,7.74962,3437.596256,12960,1.56,1.358,4.7,333,534,145,1781
8:31:18,8.597376,7.860423,3256.384594,12096,1.39,1.358,4.7,333,534,146,1785
8:31:22,7.38384,7.600899,3069.04096,11232,1.43,1.358,4.7,333,534,146,1789
8:31:26,10.239808,8.337789,3832.738414,13824,1.39,1.358,4.7,333,534,146,1793
8:31:30,11.311658,8.367474,4131.065013,14688,1.7,1.358,4.7,333,534,146,1797
8:31:34,9.613047,7.265649,3697.871283,12960,1.62,1.357,4.7,333,534,146,1801
8:31:38,10.764766,7.733148,3751.084994,12960,1.93,1.357,4.7,333,534,146,1805
8:31:42,8.933877,8.292231,3551.270718,12096,1.64,1.357,4.7,333,534,146,1809
8:31:46,11.488279,8.38804,4113.29631,13824,1.98,1.357,4.7,333,534,146,1813
8:31:50,11.600462,8.34126,4169.734888,13824,1.6,1.357,4.7,333,534,146,1817
8:31:54,11.290175,8.480677,4226.371954,13824,1.58,1.357,4.7,333,534,146,1821
8:31:58,12.453995,8.203467,4281.628415,13824,1.84,1.357,4.7,333,534,146,1825
8:32:02,4.100888,8.14487,4337.600016,13824,1.82,1.358,4.7,333,534,146,1827
8:32:06,4.198326,7.915955,4119.48443,12960,1.8,1.358,4.7,333,534,146,1831
8:32:10,4.857941,8.348798,4727.289621,14688,1.42,1.358,4.7,333,535,146,1835
8:32:14,4.994295,9.224919,4787.22257,14688,1.65,1.358,4.7,333,535,146,1839
8:32:18,3.567747,7.369087,4276.326846,12960,1.5,1.357,4.7,333,535,146,1843
8:32:22,4.59343,6.773785,3751.992187,11232,1.25,1.357,4.7,333,535,146,1847
8:32:26,5.333638,8.637322,4674.594993,13824,1.6,1.357,4.7,333,535,146,1851
8:32:30,4.9448,8.403184,4728.855904,13824,1.63,1.357,4.7,333,535,146,1855
8:32:34,6.221694,8.561289,5083.314558,14688,1.59,1.357,4.7,333,535,146,1859
8:32:38,5.246205,7.314113,4537.77654,12960,1.65,1.357,4.7,333,535,146,1863
8:32:42,4.628327,6.908894,3672.141076,10368,1.36,1.357,4.7,333,535,146,1867
8:32:46,6.25871,8.908806,4951.700478,13824,1.44,1.358,4.7,333,535,146,1871
8:32:50,5.809681,7.565857,4694.78857,12960,1.6,1.358,4.7,333,535,146,1875
8:32:54,6.754287,8.555355,5380.588357,14688,1.45,1.358,4.7,333,535,146,1879
8:32:58,6.130258,7.875312,4798.584286,12960,1.51,1.358,4.7,333,535,146,1883
8:33:02,5.791063,7.664163,4851.095011,12960,1.71,1.358,4.7,333,535,146,1885
8:33:06,6.417648,8.200378,4577.872548,12096,1.56,1.358,4.7,333,535,146,1889
8:33:10,6.3932,7.882485,4957.745691,12960,1.54,1.357,4.7,333,535,146,1893
8:33:14,7.505072,8.950176,5675.947963,14688,1.9,1.357,4.7,333,535,146,1897
8:33:18,7.103832,8.187477,5399.035534,13824,1.8,1.357,4.7,333,535,146,1901
8:33:22,7.810252,8.30454,5455.308786,13824,1.68,1.358,4.7,333,535,146,1905
8:33:26,7.062892,7.482057,4822.180645,12096,1.85,1.357,4.7,333,535,146,1909
8:33:30,8.279376,8.482001,5564.441148,13824,1.95,1.358,4.7,333,535,146,1913
8:33:34,8.706457,8.765871,5971.713347,14688,1.79,1.357,4.7,333,535,146,1917
8:33:38,8.582291,7.70076,5675.1668,13824,1.87,1.357,4.7,333,535,146,1921
8:33:42,9.25256,8.173336,5731.63092,13824,1.58,1.358,4.7,333,535,146,1925
8:33:46,7.701156,8.182069,5425.663944,12960,1.46,1.358,4.7,333,535,146,1929
8:33:50,9.192079,7.984958,5843.364692,13824,1.79,1.357,4.7,333,535,146,1933
8:33:54,8.520558,7.981447,5530.850137,12960,1.86,1.358,4.7,333,535,146,1937
8:33:58,8.649697,7.725365,5581.737184,12960,2.18,1.358,4.7,333,535,146,1941
8:34:03,9.274903,8.071635,6023.491527,13824,1.91,1.358,4.7,333,535,146,1944
8:34:07,10.264465,8.373261,6458.290259,14688,1.83,1.357,4.7,333,535,146,1948
8:34:11,10.056544,7.811997,6134.42144,13824,2.08,1.357,4.7,333,535,146,1952
8:34:15,8.440466,7.839791,5417.414474,12096,1.67,1.358,4.7,333,535,146,1956
8:34:19,9.852819,7.888255,6247.006205,13824,1.57,1.357,4.7,333,535,147,1960
8:34:23,9.997404,7.842099,6302.566785,13824,1.43,1.358,4.7,333,535,147,1964
8:34:27,11.074061,8.597871,6755.899057,14688,1.66,1.358,4.7,333,535,147,1968
8:34:30,11.16281,8.413833,6800.618524,14688,1.59,1.357,4.7,333,535,147,1971
8:34:34,11.311169,8.219128,6860.857926,14688,1.68,1.357,4.7,333,535,147,1975
8:34:38,10.510197,8.370135,6514.038302,13824,1.48,1.357,4.7,333,535,147,1979
8:34:42,11.156877,8.335966,6568.280045,13824,1.31,1.358,4.7,333,535,147,1983
8:34:46,10.784518,8.397819,6623.787762,13824,1.49,1.358,4.7,333,535,147,1987
8:34:50,12.392404,8.644568,7097.157492,14688,1.61,1.357,4.7,333,535,147,1991
8:34:54,12.022098,8.988646,7154.418256,14688,1.59,1.358,4.7,333,535,147,1995
8:34:58,11.651305,8.598562,6789.893863,13824,1.47,1.357,4.7,333,535,147,1999
8:35:02,11.269649,8.773824,6845.49997,13824,1.72,1.357,4.7,333,535,147,2001
8:35:06,10.401168,8.151652,6470.957271,12960,1.61,1.357,4.7,333,535,147,2005
8:35:09,3.530415,6.892636,6507.312517,12960,1.54,1.358,4.7,333,536,147,2008
8:35:13,4.170508,7.790347,6561.138884,12960,1.38,1.358,4.7,333,536,147,2012
8:35:17,4.876649,8.277969,7053.949009,13824,1.35,1.357,4.7,333,536,147,2016
8:35:21,4.490696,8.239454,7110.878552,13824,1.49,1.357,4.7,333,536,147,2020
8:35:25,5.188149,8.31135,7612.461546,14688,1.71,1.357,4.7,333,536,147,2024
8:35:29,4.784401,7.860661,7221.126286,13824,1.54,1.358,4.7,333,536,147,2028
8:35:33,5.442978,8.480839,6823.410409,12960,1.42,1.357,4.7,333,536,147,2032
8:35:37,5.230598,8.597246,7792.193509,14688,1.48,1.357,4.7,333,536,147,2036
8:35:41,5.428002,8.661624,7851.070241,14688,1.6,1.357,4.7,333,536,147,2040
8:35:45,5.620311,8.954172,7910.846019,14688,1.57,1.357,4.7,333,536,147,2044
8:35:49,5.568534,7.226362,7032.118824,12960,1.44,1.357,4.7,333,536,147,2048
8:35:53,6.217828,8.15544,7085.464729,12960,1.47,1.358,4.7,333,536,147,2052
8:35:57,6.123107,8.453035,8088.92468,14688,1.64,1.358,4.7,333,536,147,2056
8:36:01,6.145782,7.842752,7669.68828,13824,1.74,1.358,4.7,333,536,147,2057
8:36:05,6.496832,8.599911,8207.645125,14688,1.63,1.358,4.7,333,536,147,2061
8:36:09,7.025854,8.35997,7780.81796,13824,1.9,1.357,4.7,333,536,147,2065
8:36:13,7.263594,8.358196,7836.872218,13824,1.54,1.358,4.7,333,536,147,2069
8:36:17,7.588123,8.715374,8386.849856,14688,1.48,1.358,4.7,333,536,147,2073
8:36:21,6.742504,8.037678,7947.020383,13824,1.53,1.358,4.7,333,536,147,2077
8:36:25,7.153756,7.807658,7503.713644,12960,1.52,1.358,4.7,333,536,147,2081
8:36:29,7.059002,8.813819,8060.648077,13824,1.64,1.358,4.7,333,536,147,2085
8:36:33,8.710285,9.240244,9130.57947,15552,1.36,1.357,4.7,333,536,147,2089
8:36:37,7.957852,8.122308,8169.607132,13824,1.47,1.357,4.7,333,536,147,2093
8:36:41,8.076616,8.218622,8226.576948,13824,1.55,1.357,4.7,333,536,147,2097
8:36:45,7.485686,7.976797,7765.419004,12960,1.79,1.357,4.7,333,536,147,2101
8:36:49,8.634917,8.471188,8860.399617,14688,2.08,1.358,4.7,333,536,147,2105
8:36:53,9.28743,8.529894,8917.511688,14688,1.53,1.358,4.7,333,536,147,2109
8:36:57,7.77766,6.534566,7392.887137,12096,1.72,1.358,4.7,333,536,147,2113
8:37:01,8.847312,7.661813,7974.334193,12960,1.66,1.358,4.7,333,536,147,2114
8:37:05,8.803868,8.515149,8562.791519,13824,1.72,1.358,4.7,333,536,147,2118
8:37:09,9.812377,8.09997,9155.662562,14688,1.83,1.357,4.7,333,536,147,2122
8:37:13,10.057229,8.256681,9216.225999,14688,1.82,1.358,4.7,333,536,148,2126
8:37:17,11.023614,9.073587,9822.213102,15552,1.62,1.357,4.7,333,536,148,2130
8:37:21,9.427289,8.472547,8786.425595,13824,1.57,1.357,4.7,333,536,148,2134
8:37:25,11.322227,8.903045,9946.744632,15552,1.71,1.357,4.7,333,536,148,2138
8:37:29,11.510197,9.148369,10011.06597,15552,1.59,1.357,4.7,333,536,148,2142
8:37:33,11.268845,8.667349,9513.954934,14688,1.64,1.357,4.7,333,536,148,2146
8:37:37,11.412289,8.69862,9573.256323,14688,1.47,1.357,4.7,333,536,148,2150
8:37:41,10.767762,8.470968,9066.68435,13824,1.57,1.357,4.7,333,536,148,2154
8:37:45,11.304111,8.478647,9693.269313,14688,2.59,1.358,4.7,333,536,148,2158
8:37:49,11.434954,8.284789,9751.650733,14688,1.57,1.358,4.7,333,536,148,2162
8:37:53,11.162982,8.088318,9233.60604,13824,1.33,1.358,4.7,333,536,148,2166
8:37:57,9.44177,7.827847,8129.133343,12096,1.41,1.358,4.7,333,536,148,2170
8:38:01,12.007292,8.513123,9930.005946,14688,1.72,1.357,4.7,333,537,148,2171
8:38:05,10.694168,7.735155,8813.11513,12960,1.55,1.358,4.7,333,537,148,2175
8:38:09,12.776376,8.047652,10048.0904,14688,1.71,1.358,4.7,333,537,148,2179
8:38:13,11.908608,8.283782,9513.284464,13824,1.52,1.358,4.7,333,537,148,2183
8:38:17,4.027849,7.915,8971.546596,12960,1.34,1.358,4.7,333,537,148,2187
8:38:21,4.244316,7.824806,9020.951987,12960,1.53,1.357,4.7,333,537,148,2191
8:38:25,5.472536,8.580013,10282.8399,14688,1.55,1.358,4.7,333,537,148,2195
8:38:29,5.117618,8.403474,10342.62983,14688,1.67,1.357,4.7,333,537,148,2199
8:38:33,5.217558,8.617257,10400.0881,14688,1.4,1.358,4.7,333,537,148,2203
8:38:37,5.306571,8.612679,9844.85133,13824,1.37,1.358,4.7,333,537,148,2207
8:38:40,5.495925,8.070779,10502.69663,14688,1.44,1.357,4.7,333,537,148,2210
8:38:44,6.203958,9.0128,11184.90299,15552,1.58,1.357,4.7,333,537,148,2214
8:38:48,5.10443,7.988944,9371.907165,12960,1.54,1.357,4.7,333,537,148,2218
8:38:52,5.175488,7.624367,8797.005385,12096,1.49,1.357,4.7,333,537,148,2222
8:38:56,6.209491,8.160549,10740.89473,14688,1.44,1.357,4.7,333,537,148,2226
8:39:00,5.96452,8.581929,10800.82143,14688,1.51,1.358,4.7,333,537,148,2171
8:39:04,6.465591,8.325497,10221.03968,13824,1.3,1.357,4.7,333,537,148,2175
8:39:08,6.313536,8.305612,10277.66205,13824,1.37,1.358,4.7,333,537,148,2179
8:39:12,7.14007,8.644056,10978.94296,14688,1.34,1.358,4.7,333,537,148,2183
8:39:16,6.718766,8.057801,10389.25477,13824,1.35,1.357,4.7,333,537,148,2187
8:39:20,6.942779,8.10092,10444.37967,13824,1.34,1.358,4.7,333,537,148,2191
8:39:24,6.912116,7.946746,9844.794307,12960,1.53,1.357,4.7,333,537,148,2195
8:39:28,6.533104,8.445168,9897.258964,12960,1.49,1.358,4.7,333,537,148,2199
8:39:32,7.565934,9.125718,11275.71904,14688,1.82,1.358,4.7,333,537,148,2203
8:39:36,7.819908,8.915996,11334.86594,14688,1.53,1.358,4.7,333,537,148,2207
8:39:40,7.871104,7.939789,10723.70052,13824,1.67,1.358,4.7,333,537,148,2211
8:39:44,7.296355,8.00275,10105.71781,12960,1.53,1.358,4.7,333,537,148,2215
8:39:48,8.549056,8.793242,11512.86791,14688,1.47,1.358,4.7,333,537,148,2219
8:39:52,7.60903,8.089834,10210.80571,12960,1.44,1.358,4.7,333,537,148,2223
8:39:56,9.337333,8.513468,11630.84378,14688,1.65,1.358,4.7,333,537,148,2227
8:40:00,7.598889,6.624424,9625.38369,12096,1.66,1.358,4.7,333,537,148,2172
8:40:04,8.321742,8.610097,11058.08104,13824,1.42,1.358,4.7,333,537,149,2176
8:40:08,9.276821,8.486693,11807.86242,14688,1.54,1.358,4.7,333,537,149,2180
8:40:12,10.230848,9.327605,12565.36651,15552,1.56,1.357,4.7,333,537,149,2184
8:40:16,9.53562,8.883978,11924.70678,14688,1.42,1.358,4.7,333,537,149,2188
8:40:20,9.309499,8.163634,11279.24352,13824,1.62,1.357,4.7,333,537,149,2192
8:40:24,8.57454,7.594021,10626.88645,12960,1.53,1.357,4.7,333,537,149,2196
8:40:28,9.53014,7.934604,11389.46726,13824,1.47,1.357,4.7,333,537,149,2200
8:40:32,9.695406,8.712722,11446.38213,13824,1.28,1.357,4.7,333,537,149,2204
8:40:36,9.875644,7.697177,11501.87096,13824,1.52,1.358,4.7,333,537,149,2208
8:40:40,10.033592,8.01824,11558.30833,13824,1.49,1.357,4.7,333,537,149,2212
8:40:44,9.702391,8.218629,11613.27409,13824,1.72,1.357,4.7,333,537,149,2216
8:40:48,9.877942,8.064899,11668.74712,13824,1.48,1.358,4.7,333,537,149,2220
8:40:51,9.17939,7.637176,10246.20894,12096,1.36,1.358,4.7,333,537,149,2223
8:40:55,9.704614,7.725413,11029.49774,12960,1.64,1.358,4.7,333,538,149,2227
8:40:59,11.153876,8.663906,12558.10413,14688,1.64,1.358,4.7,333,538,149,2231
8:41:03,11.348281,8.439829,12618.46498,14688,1.42,1.358,4.7,333,538,149,2234
8:41:07,12.018964,8.457126,12677.32895,14688,1.57,1.357,4.7,333,538,149,2238
8:41:11,11.219297,8.117914,11987.63768,13824,1.83,1.357,4.7,333,538,149,2242
8:41:15,10.857278,7.995499,12041.05291,13824,1.7,1.357,4.7,333,538,149,2246
8:41:19,11.986965,8.737862,12853.71038,14688,1.74,1.358,4.7,333,538,149,2250
8:41:23,12.657273,8.823453,12912.98895,14688,1.45,1.358,4.7,333,538,149,2254
8:41:27,11.327382,8.217225,12207.79531,13824,1.51,1.358,4.7,333,538,149,2258
8:41:31,11.441831,8.410632,12263.9847,13824,1.6,1.357,4.7,333,538,149,2262
8:41:35,4.0787,8.290011,13089.01938,14688,1.75,1.357,4.7,333,538,149,2266
8:41:39,4.778655,8.834298,13149.36414,14688,1.69,1.357,4.7,333,538,149,2270
8:41:43,4.954429,8.466082,13207.13201,14688,1.57,1.357,4.7,333,538,149,2274
8:41:47,5.149861,8.413562,13267.64779,14688,1.46,1.358,4.7,333,538,149,2278
8:41:51,4.717529,7.956059,11759.78969,12960,1.41,1.358,4.7,333,538,149,2282
8:41:54,5.416448,8.756256,13372.91036,14688,1.64,1.357,4.7,333,538,149,2285
8:41:58,5.536574,8.86796,13432.49272,14688,1.68,1.357,4.7,333,538,149,2289
8:42:02,5.603327,8.331676,11905.08706,12960,1.54,1.357,4.7,333,538,149,2291
8:42:06,5.9418,8.513974,13551.37526,14688,1.6,1.358,4.7,333,538,149,2295
8:42:10,6.157395,8.393882,13610.96844,14688,1.47,1.357,4.7,333,538,149,2299
8:42:14,6.313354,8.61424,13670.31376,14688,1.44,1.357,4.7,333,538,149,2303
8:42:18,5.843246,8.249125,12921.40862,13824,1.38,1.357,4.7,333,538,149,2307
8:42:22,5.973894,8.185514,12978.42582,13824,1.32,1.357,4.7,333,538,149,2311
8:42:26,7.132348,8.245599,13033.99178,13824,1.46,1.357,4.7,333,538,149,2315
8:42:30,6.26642,8.307205,13090.01816,13824,1.71,1.358,4.7,333,538,149,2319
8:42:34,6.540936,8.693048,13967.51364,14688,1.47,1.358,4.7,333,538,149,2323
8:42:38,7.519911,8.857258,14851.62412,15552,1.37,1.358,4.7,333,538,149,2327
8:42:42,7.134152,8.168737,14082.81573,14688,1.36,1.358,4.7,333,538,149,2331
8:42:46,7.589663,8.002914,13310.10661,13824,1.56,1.358,4.7,333,538,149,2335
8:42:50,6.401704,7.742236,11697.13139,12096,1.42,1.358,4.7,333,538,149,2339
8:42:54,7.768403,8.250238,14258.6014,14688,1.36,1.358,4.7,333,538,150,2343
8:42:58,8.005943,8.513443,14317.68245,14688,1.54,1.358,4.7,333,538,150,2347
8:43:02,8.287739,8.999128,14377.81142,14688,1.38,1.357,4.7,333,538,150,2349
8:43:06,8.250864,8.030134,13587.71071,13824,1.45,1.357,4.7,333,538,150,2353
8:43:10,8.482564,8.343906,13640.5719,13824,1.44,1.358,4.7,333,538,150,2357
8:43:14,8.166712,8.79122,13697.3698,13824,1.29,1.358,4.7,333,538,150,2361
8:43:18,10.722207,9.651908,16331.78115,16416,1.38,1.357,4.7,333,538,150,2365
8:43:22,9.24295,8.419313,14671.2958,14688,1.44,1.357,4.7,333,538,150,2369
8:43:26,10.113402,8.092785,14730.49942,14688,1.45,1.357,4.7,333,538,150,2373
8:43:30,9.460496,8.260851,13920.13105,13824,1.59,1.357,4.7,333,538,150,2377
8:43:34,9.819866,8.476929,13976.75268,13824,1.35,1.357,4.7,333,538,150,2381
8:43:38,9.92312,8.619837,14031.82197,13824,1.36,1.358,4.7,333,538,150,2385
8:43:42,10.464521,8.911116,14968.38009,14688,1.42,1.357,4.7,333,539,150,2389
8:43:46,10.601041,8.747481,15027.54803,14688,1.54,1.358,4.7,333,539,150,2393
8:43:50,10.748616,8.377516,15086.98343,14688,1.46,1.358,4.7,333,539,150,2397
8:43:54,10.98621,8.815358,15147.1549,14688,1.31,1.357,4.7,333,539,150,2401
8:43:58,11.137367,9.324154,15207.33171,14688,1.46,1.358,4.7,333,539,150,2405
8:44:02,10.336417,8.630785,14368.38158,13824,1.4,1.357,4.7,333,539,150,2407
8:44:06,11.425137,8.272307,15325.438,14688,1.6,1.358,4.7,333,539,150,2411
8:44:10,11.584678,8.991494,15384.83805,14688,1.55,1.358,4.7,333,539,150,2415
8:44:14,11.754287,8.236164,15443.84159,14688,1.86,1.358,4.7,333,539,150,2419
8:44:18,12.422472,8.610581,15502.80751,14688,1.53,1.358,4.7,333,539,150,2423
8:44:22,11.106176,8.46647,14646.95048,13824,1.28,1.358,4.7,333,539,150,2427
8:44:26,10.783259,8.410184,13784.61319,12960,1.49,1.358,4.7,333,539,150,2431
8:44:30,12.385733,8.491927,15681.75999,14688,1.64,1.358,4.7,333,539,150,2435
8:44:34,4.532622,8.732023,15738.64205,14688,1.57,1.358,4.7,333,539,150,2439
8:44:38,4.676904,9.126671,16728.21941,15552,1.43,1.358,4.7,333,539,150,2443
8:44:42,4.355728,7.974739,14925.33909,13824,1.66,1.357,4.7,333,539,150,2447
8:44:46,4.483736,8.320305,14981.61694,13824,1.43,1.357,4.7,333,539,150,2451
8:44:50,5.170587,8.849176,15035.93542,13824,1.36,1.358,4.7,333,539,150,2455
8:44:54,4.838712,8.798851,15092.89078,13824,1.3,1.357,4.7,333,539,150,2459
8:44:58,6.115523,9.498631,17041.5337,15552,1.49,1.357,4.7,333,539,150,2463
8:45:02,5.201575,8.489756,16153.71839,14688,1.38,1.357,4.7,333,539,150,2465
8:45:06,5.261894,7.584396,15256.69975,13824,1.49,1.358,4.7,333,539,150,2469
8:45:10,5.436693,8.053853,15314.57537,13824,1.51,1.358,4.7,333,539,150,2473
8:45:14,6.119434,8.354503,15369.7045,13824,1.38,1.358,4.7,333,539,150,2477
8:45:18,6.302374,8.333239,15425.96005,13824,1.5,1.357,4.7,333,539,150,2481
8:45:22,5.296003,8.164877,14514.42039,12960,1.35,1.357,4.7,333,539,150,2485
8:45:26,6.078988,8.152914,15538.19905,13824,1.5,1.357,4.7,333,539,150,2489
8:45:30,6.384195,8.190307,16568.7901,14688,1.66,1.357,4.7,333,539,150,2493
8:45:34,7.078967,8.576464,16626.72588,14688,1.49,1.357,4.7,333,539,150,2497
8:45:37,6.690262,8.886464,16671.34141,14688,1.44,1.357,4.7,333,539,150,2500
8:45:41,6.781954,7.697924,15746.94705,13824,1.44,1.358,4.7,333,539,150,2504
8:45:45,6.744308,7.473115,14814.2881,12960,1.44,1.358,4.7,333,539,151,2508
8:45:49,7.313757,8.50546,15858.66487,13824,1.59,1.358,4.7,333,539,151,2512
8:45:53,6.069278,7.650679,13925.37818,12096,1.58,1.357,4.7,333,539,151,2516
8:45:57,7.545163,7.649869,14972.16433,12960,1.49,1.357,4.7,333,539,151,2520
8:46:01,8.364348,7.775347,16026.3877,13824,1.62,1.358,4.7,333,539,151,2521
8:46:05,8.601217,7.416196,16081.68756,13824,1.72,1.357,4.7,333,539,151,2525
8:46:09,7.906367,7.850479,15129.02425,12960,1.3,1.357,4.7,333,539,151,2529
8:46:13,8.12016,7.15447,15181.05084,12960,1.36,1.358,4.7,333,539,151,2533
8:46:17,9.073148,8.186164,16246.84315,13824,1.48,1.357,4.7,333,539,151,2537
8:46:21,9.506637,8.487201,17320.97342,14688,1.39,1.357,4.7,333,539,151,2541
8:46:25,10.147451,8.3283,17380.70189,14688,1.46,1.357,4.7,333,539,151,2545
8:46:29,8.085597,7.689312,15386.31619,12960,1.55,1.357,4.7,333,539,151,2549
8:46:33,9.565555,8.366023,16468.63147,13824,1.51,1.357,4.7,333,539,151,2553
8:46:37,9.256299,7.959262,16524.34353,13824,1.43,1.358,4.7,333,540,151,2557
8:46:41,9.008312,7.581908,15544.89195,12960,1.62,1.357,4.7,333,540,151,2561
8:46:45,9.538493,8.498729,16635.98792,13824,1.65,1.358,4.7,333,540,151,2565
8:46:49,10.525816,8.460044,17735.55643,14688,1.82,1.357,4.7,333,540,151,2569
8:46:53,9.517395,7.425916,15700.8051,12960,1.5,1.357,4.7,333,540,151,2573
8:46:57,9.683386,7.432187,15753.09665,12960,1.53,1.357,4.7,333,540,151,2577
8:47:01,8.405204,7.709223,14751.55664,12096,1.48,1.357,4.7,333,540,151,2578
8:47:05,10.038991,7.999868,15857.91207,12960,1.66,1.357,4.7,333,540,151,2582
8:47:09,12.561,9.382667,19091.9536,15552,1.53,1.358,4.7,333,540,151,2586
8:47:13,11.786471,8.733535,18091.18371,14688,1.57,1.358,4.7,333,540,151,2590
8:47:17,10.958893,8.033056,17080.02885,13824,1.44,1.358,4.7,333,540,151,2594
8:47:21,10.11339,7.875465,16064.81456,12960,1.5,1.357,4.7,333,540,151,2598
8:47:25,12.778287,9.02414,18266.18829,14688,1.66,1.357,4.7,333,540,151,2602
8:47:29,11.960912,8.06459,17247.52783,13824,1.62,1.357,4.7,333,540,151,2606
8:47:33,3.58449,7.716638,17304.0843,13824,1.44,1.357,4.7,333,540,151,2610
8:47:37,4.731894,8.599601,16274.51885,12960,1.44,1.357,4.7,333,540,151,2614
8:47:41,5.417301,8.812574,19591.88847,15552,1.56,1.358,4.7,333,540,151,2618
8:47:45,4.527526,8.482333,18563.11392,14688,1.75,1.358,4.7,333,540,151,2622
8:47:49,5.180336,8.207253,18623.21255,14688,1.64,1.358,4.7,333,540,151,2626
8:47:52,5.219045,8.360006,17569.6632,13824,1.53,1.358,4.7,333,540,151,2629
8:47:56,4.946314,8.729381,18725.49971,14688,1.57,1.357,4.7,333,540,151,2633
8:48:00,5.045712,8.727487,17680.57166,13824,2.04,1.358,4.7,333,540,151,2578
8:48:04,5.18897,8.425866,17735.94266,13824,1.57,1.358,4.7,333,540,151,2582
8:48:08,5.337493,8.362411,17790.77221,13824,1.56,1.358,4.7,333,540,151,2586
8:48:12,6.041171,8.994455,18963.11451,14688,1.47,1.358,4.7,333,540,151,2590
8:48:16,5.954509,8.060028,16784.10767,12960,1.68,1.358,4.7,333,540,151,2594
8:48:20,5.7291,7.993006,17958.25846,13824,1.51,1.357,4.7,333,540,151,2598
8:48:24,7.159882,9.608156,20265.94633,15552,1.56,1.358,4.7,333,540,151,2602
8:48:28,6.183708,8.455372,19199.443,14688,1.5,1.357,4.7,333,540,151,2606
8:48:32,6.675497,8.498832,18126.73874,13824,1.24,1.357,4.7,333,540,151,2610
8:48:36,6.40258,8.567036,18181.68694,13824,1.52,1.357,4.7,333,540,151,2614
8:48:40,6.672839,9.10917,19377.00219,14688,1.68,1.358,4.7,333,540,152,2618
8:48:44,6.003885,7.640772,17150.17341,12960,1.54,1.358,4.7,333,540,152,2622
8:48:48,6.829611,7.918829,18345.56511,13824,1.49,1.358,4.7,333,540,152,2626
8:48:52,7.380741,8.240213,17251.47903,12960,1.37,1.357,4.7,333,540,152,2630
8:48:56,8.072386,8.564253,19610.66339,14688,1.56,1.357,4.7,333,540,152,2634
8:49:00,8.510256,9.365519,20826.10244,15552,1.8,1.357,4.7,333,540,152,2579
8:49:04,8.494426,8.649358,19727.45252,14688,1.55,1.357,4.7,333,540,152,2583
8:49:08,7.256354,7.580886,17458.98128,12960,1.92,1.357,4.7,333,540,152,2587
8:49:12,6.893554,8.460352,17512.90095,12960,1.65,1.357,4.7,333,540,152,2591
8:49:16,8.619886,8.525968,19904.04248,14688,3.35,1.358,4.7,333,540,152,2595
8:49:20,8.787659,8.846425,19963.77654,14688,1.33,1.358,4.7,333,540,152,2599
8:49:24,8.187938,7.873498,18844.47448,13824,1.42,1.358,4.7,333,540,152,2603
8:49:27,9.088376,8.271204,20067.14137,14688,1.5,1.358,4.7,333,540,152,2606
8:49:31,9.266218,8.364664,20125.74175,14688,1.33,1.358,4.7,333,541,152,2610
8:49:35,8.319893,7.890496,17810.91015,12960,1.83,1.357,4.7,333,541,152,2614
8:49:39,9.5979,8.503931,20244.72179,14688,1.57,1.358,4.7,333,541,152,2618
8:49:43,10.265739,8.762337,20304.09983,14688,1.59,1.357,4.7,333,541,152,2622
8:49:47,10.50028,8.671267,20362.59116,14688,1.39,1.358,4.7,333,541,152,2626
8:49:51,10.263038,7.504079,19220.35382,13824,1.38,1.357,4.7,333,541,152,2630
8:49:55,8.195802,7.644124,16867.76363,12096,1.56,1.357,4.7,333,541,152,2634
8:49:59,10.486373,8.685161,20541.36789,14688,1.5,1.357,4.7,333,541,152,2638
8:50:03,10.655275,8.468858,20601.56065,14688,1.65,1.357,4.7,333,541,152,2641
8:50:07,9.992283,7.605006,18231.1191,12960,1.56,1.358,4.7,333,541,152,2645
8:50:11,9.182161,7.873823,18281.78478,12960,1.6,1.358,4.7,333,541,152,2649
8:50:15,10.766006,8.770581,19557.2518,13824,1.6,1.358,4.7,333,541,152,2653
8:50:19,11.369809,8.309626,20838.65947,14688,1.52,1.357,4.7,333,541,152,2657
8:50:23,12.501816,9.269697,22127.92627,15552,1.33,1.357,4.7,333,541,152,2661
8:50:27,10.328839,8.006797,18490.76921,12960,1.36,1.357,4.7,333,541,152,2665
8:50:31,12.344946,8.415556,21015.85607,14688,1.57,1.357,4.7,333,541,152,2669
8:50:35,11.544664,7.557162,19835.19573,13824,1.58,1.358,4.7,333,541,152,2673
8:50:39,11.154715,8.144258,19892.32572,13824,1.5,1.357,4.7,333,541,152,2677
8:50:43,11.760675,8.71442,19947.77839,13824,1.41,1.358,4.7,333,541,152,2681
8:50:47,11.909304,8.195075,20003.88226,13824,1.37,1.358,4.7,333,541,152,2685
8:50:51,4.081188,8.367573,21313.94082,14688,1.31,1.357,4.7,333,541,152,2689
8:50:55,4.2392,7.999595,20116.57494,13824,1.58,1.358,4.7,333,541,152,2693
8:50:59,4.340522,7.472828,17650.83452,12096,1.4,1.358,4.7,333,541,152,2697
8:51:03,5.043637,8.972363,21493.34982,14688,1.48,1.357,4.7,333,541,152,2700
8:51:07,5.222961,8.429966,20285.1912,13824,1.69,1.357,4.7,333,541,152,2704
8:51:11,4.33869,8.135878,20341.26753,13824,1.62,1.358,4.7,333,541,152,2708
8:51:15,5.024132,8.224565,20395.97834,13824,1.56,1.358,4.7,333,541,152,2712
8:51:19,5.728676,9.132929,21731.25145,14688,1.5,1.358,4.7,333,541,152,2716
8:51:23,5.269215,8.135619,20506.51142,13824,1.62,1.358,4.7,333,541,152,2720
8:51:27,5.390668,7.723806,20560.72795,13824,1.48,1.358,4.7,333,541,152,2724
8:51:31,5.532748,8.3493,20616.97557,13824,1.52,1.358,4.7,333,541,152,2728
8:51:35,6.17539,8.519461,20673.10365,13824,1.56,1.358,4.7,333,541,153,2732
8:51:39,5.880975,9.131219,22024.67164,14688,1.6,1.357,4.7,333,541,153,2736
8:51:43,6.031643,8.373874,22084.11009,14688,1.39,1.358,4.7,333,541,153,2740
8:51:47,6.085434,7.69833,20841.31565,13824,1.3,1.358,4.7,333,541,153,2744
8:51:51,6.130148,7.193295,19591.25152,12960,1.31,1.358,4.7,333,541,153,2748
8:51:54,5.682787,7.609325,18321.22032,12096,1.53,1.358,4.7,333,541,153,2751
8:51:58,6.967545,8.027335,19682.99848,12960,1.37,1.358,4.7,333,541,153,2755
8:52:02,6.712319,8.236949,19735.94197,12960,1.35,1.357,4.7,333,541,153,2757
8:52:06,7.084354,8.213733,21107.32509,13824,1.5,1.358,4.7,333,541,153,2761
8:52:10,7.415595,8.710233,21162.1434,13824,1.47,1.358,4.7,333,541,153,2765
8:52:14,7.101326,8.136166,21218.64423,13824,1.39,1.358,4.7,333,541,153,2769
8:52:18,7.607468,8.068423,19945.43084,12960,1.31,1.358,4.7,333,541,153,2773
8:52:22,8.06598,8.982525,21331.53577,13824,1.22,1.358,4.7,333,542,153,2777
8:52:26,9.004782,8.761793,22722.48424,14688,1.5,1.358,4.7,333,542,153,2781
8:52:30,8.714067,8.711632,22782.19428,14688,1.49,1.358,4.7,333,542,153,2785
8:52:34,9.375013,8.243387,22841.83881,14688,1.4,1.358,4.7,333,542,153,2789
8:52:38,7.924213,8.358743,20207.38233,12960,1.51,1.358,4.7,333,542,153,2793
8:52:42,9.431494,8.811934,21609.26094,13824,1.43,1.358,4.7,333,542,153,2797
8:52:46,10.476042,8.84476,23018.53406,14688,1.36,1.357,4.7,333,542,153,2801
8:52:50,8.150442,5.017963,14932.77803,9504,1.58,1.358,4.7,333,542,153,2805
8:52:54,7.776879,6.839418,16334.19897,10368,1.29,1.358,4.7,333,542,153,2809
8:52:58,8.873859,7.228836,17740.92052,11232,1.25,1.358,4.7,333,542,153,2813
8:53:02,11.384569,8.24825,21890.99856,13824,1.45,1.358,4.7,333,542,153,2815
8:53:06,11.556304,8.030714,21944.87355,13824,1.49,1.358,4.7,333,542,153,2819
8:53:10,11.680488,7.639207,21999.53686,13824,1.24,1.357,4.7,333,542,153,2823
8:53:14,9.393031,7.191986,17920.59338,11232,0.99,1.357,4.7,333,542,153,2827
8:53:18,11.229888,8.420561,23492.89645,14688,1.41,1.357,4.7,333,542,153,2831
8:53:22,11.576812,8.67124,23551.97723,14688,1.41,1.358,4.7,333,542,153,2835
8:53:26,12.639498,9.319928,25000.51699,15552,1.62,1.358,4.7,333,542,153,2839
8:53:30,12.812405,9.496244,26456.58523,16416,1.55,1.358,4.7,333,542,153,2843
8:53:34,12.130588,8.378722,23728.50791,14688,1.48,1.357,4.7,333,542,153,2847
8:53:38,11.858611,8.505492,23788.30968,14688,1.35,1.358,4.7,333,542,153,2851
8:53:42,11.593264,7.924625,22445.45225,13824,1.7,1.358,4.7,333,542,153,2855
8:53:46,13.686706,8.786538,25314.85798,15552,1.39,1.357,4.7,333,542,153,2859
8:53:50,13.326534,8.952929,25375.76409,15552,1.53,1.357,4.7,333,542,153,2863
8:53:54,13.442913,9.529827,25439.5284,15552,1.55,1.357,4.7,333,542,153,2867
8:53:58,4.566135,8.605796,24084.99346,14688,1.57,1.357,4.7,333,542,153,2871
8:54:02,4.708782,9.157022,25563.39314,15552,1.65,1.358,4.7,333,542,153,2873
8:54:06,4.87686,8.767815,25625.08681,15552,1.57,1.358,4.7,333,542,153,2877
8:54:10,4.550808,9.15368,25689.55174,15552,1.46,1.357,4.7,333,542,153,2881
8:54:14,5.753784,9.244098,25753.12817,15552,1.55,1.357,4.7,333,542,153,2885
8:54:18,5.348292,8.357486,24381.54043,14688,1.43,1.357,4.7,333,542,153,2889
8:54:22,5.523651,8.677415,24441.19075,14688,1.33,1.357,4.7,333,542,153,2893
8:54:26,6.217334,8.66955,25942.04691,15552,1.42,1.358,4.7,333,542,153,2897
8:54:30,5.354362,8.808325,24560.9668,14688,1.67,1.358,4.7,333,542,154,2901
8:54:34,6.128913,9.103161,26068.19903,15552,1.6,1.357,4.7,333,542,154,2905
8:54:37,6.249962,8.83938,26115.14609,15552,1.43,1.357,4.7,333,542,154,2908
8:54:41,6.277543,8.385773,24724.51895,14688,1.59,1.357,4.7,333,542,154,2912
8:54:45,6.460564,8.443684,24782.24073,14688,1.67,1.358,4.7,333,542,154,2916
8:54:49,6.298708,8.682959,26302.44696,15552,1.62,1.357,4.7,333,542,154,2920
8:54:53,7.016346,8.74206,26365.34154,15552,1.69,1.358,4.7,333,542,154,2924
8:54:57,7.157135,9.214562,26430.23253,15552,1.42,1.358,4.7,333,542,154,2928
8:55:01,7.283745,8.601392,26491.27252,15552,1.56,1.357,4.7,333,542,154,2929
8:55:05,6.817157,8.334884,25079.19644,14688,1.62,1.358,4.7,333,542,154,2933
8:55:09,7.533046,8.103679,25138.78436,14688,1.56,1.358,4.7,333,542,154,2937
8:55:13,7.201338,8.517793,25199.35148,14688,1.45,1.358,4.7,333,543,154,2941
8:55:17,7.344042,8.51614,25258.32349,14688,1.41,1.358,4.7,333,543,154,2945
8:55:21,8.696979,8.414868,26807.02091,15552,1.48,1.358,4.7,333,543,154,2949
8:55:25,8.160484,8.274409,25377.69375,14688,1.64,1.357,4.7,333,543,154,2953
8:55:29,8.520718,9.059525,26933.60283,15552,1.54,1.357,4.7,333,543,154,2957
8:55:33,7.9331,8.684931,25497.73477,14688,1.39,1.357,4.7,333,543,154,2961
8:55:37,8.590744,8.676198,25556.95995,14688,1.4,1.358,4.7,333,543,154,2965
8:55:41,8.748687,8.14863,25615.35118,14688,1.51,1.358,4.7,333,543,154,2969
8:55:45,8.36942,8.622807,25675.03797,14688,1.66,1.358,4.7,333,543,154,2973
8:55:49,8.498136,8.47885,25734.96244,14688,1.57,1.357,4.7,333,543,154,2977
8:55:53,9.743232,9.439857,28829.15551,16416,1.45,1.358,4.7,333,543,154,2981
8:55:57,9.594431,8.953157,27372.56795,15552,1.4,1.358,4.7,333,543,154,2985
8:56:01,8.912737,8.27293,25911.34855,14688,1.81,1.358,4.7,333,543,154,2986
8:56:05,9.062558,8.498316,25970.79115,14688,1.62,1.357,4.7,333,543,154,2990
8:56:09,10.548694,9.170503,27560.85598,15552,1.56,1.358,4.7,333,543,154,2994
8:56:13,9.424003,8.856142,26087.75372,14688,1.42,1.357,4.7,333,543,154,2998
8:56:17,10.434471,9.438881,27686.08071,15552,1.4,1.358,4.7,333,543,154,3002
8:56:21,9.775864,8.335029,26207.46236,14688,1.5,1.357,4.7,333,543,154,3006
8:56:25,10.072673,8.486988,26267.56177,14688,1.63,1.357,4.7,333,543,154,3010
8:56:28,10.217784,8.671493,26311.41356,14688,1.51,1.357,4.7,333,543,154,3013
8:56:32,10.346524,8.520693,26371.02379,14688,1.44,1.357,4.7,333,543,154,3017
8:56:36,11.374478,8.831647,27985.64067,15552,1.42,1.358,4.7,333,543,154,3021
8:56:40,10.616352,8.457646,26491.37998,14688,1.52,1.358,4.7,333,543,154,3025
8:56:44,10.805568,8.174473,26549.6179,14688,1.49,1.358,4.7,333,543,154,3029
8:56:48,10.960073,8.600183,26609.71016,14688,1.48,1.358,4.7,333,543,154,3033
8:56:52,11.530648,9.120024,28238.5107,15552,1.42,1.358,4.7,333,543,154,3037
8:56:56,12.218787,9.035776,28300.99028,15552,1.46,1.358,4.7,333,543,154,3041
8:57:00,12.397451,9.06534,28364.306,15552,1.86,1.357,4.7,333,543,154,2986
8:57:04,12.561649,9.467953,28428.00066,15552,1.52,1.357,4.7,333,543,154,2990
8:57:08,11.772337,8.295858,26908.4549,14688,1.45,1.357,4.7,333,543,155,2994
8:57:12,12.37997,8.661287,26968.96298,14688,1.37,1.358,4.7,333,543,155,2998
8:57:16,12.960127,9.235225,28618.4563,15552,1.55,1.357,4.7,333,543,155,3002
8:57:20,13.09116,9.382533,28682.01648,15552,1.62,1.357,4.7,333,543,155,3006
8:57:24,12.839158,9.352995,28742.83104,15552,1.7,1.357,4.7,333,543,155,3010
8:57:28,13.497831,9.059512,28805.70283,15552,1.56,1.358,4.7,333,543,155,3014
8:57:32,4.639392,9.231687,28868.94431,15552,1.4,1.357,4.7,333,543,155,3018
8:57:36,4.319086,7.916674,27324.62978,14688,1.48,1.358,4.7,333,543,155,3022
8:57:40,4.447169,8.684814,27383.56162,14688,1.74,1.357,4.7,333,543,155,3026
8:57:44,5.645622,8.919406,29057.97148,15552,1.37,1.358,4.7,333,543,155,3030
8:57:48,4.809406,8.691224,27503.20743,14688,1.52,1.357,4.7,333,543,155,3034
8:57:52,5.462063,8.630699,27563.55196,14688,1.48,1.358,4.7,333,543,155,3038
8:57:56,5.621561,7.967811,27620.8254,14688,1.51,1.357,4.7,333,544,155,3042
8:58:00,5.851003,8.95105,29308.87281,15552,1.65,1.357,4.7,333,544,155,2987
8:58:04,5.460003,8.649358,27738.63194,14688,1.52,1.357,4.7,333,544,155,2991
8:58:08,6.80166,9.688715,31068.38694,16416,1.42,1.358,4.7,333,544,155,2995
8:58:12,6.259022,8.51168,27856.81536,14688,1.4,1.358,4.7,333,544,155,2999
8:58:16,7.000696,9.190127,29559.63074,15552,1.39,1.357,4.7,333,544,155,3003
8:58:20,6.089939,8.928538,27977.34345,14688,1.44,1.357,4.7,333,544,155,3007
8:58:24,6.848853,9.29196,29686.17849,15552,1.33,1.358,4.7,333,544,155,3011
8:58:28,7.019007,8.953435,29748.63361,15552,1.33,1.358,4.7,333,544,155,3015
8:58:32,6.501195,8.615112,28157.09978,14688,1.27,1.357,4.7,333,544,155,3019
8:58:35,7.248753,9.240874,29859.87233,15552,1.36,1.357,4.7,333,544,155,3022
8:58:39,7.378698,8.941595,29922.89269,15552,1.41,1.357,4.7,333,544,155,3026
8:58:43,7.558131,8.988174,29985.82505,15552,1.3,1.358,4.7,333,544,155,3030
8:58:47,7.026789,8.105508,28379.79223,14688,1.42,1.358,4.7,333,544,155,3034
8:58:51,7.177095,7.898528,28438.00594,14688,1.47,1.358,4.7,333,544,155,3038
8:58:55,7.974236,8.719404,30173.56394,15552,1.49,1.358,4.7,333,544,155,3042
8:58:59,8.140427,8.776334,30236.76877,15552,1.54,1.358,4.7,333,544,155,3046
8:59:03,8.292829,8.83867,30300.82865,15552,1.24,1.358,4.7,333,544,155,3049
8:59:07,8.470317,8.622429,30361.75431,15552,1.38,1.357,4.7,333,544,155,3053
8:59:11,8.618555,9.016024,30425.27342,15552,1.48,1.357,4.7,333,544,155,3057
8:59:15,8.530103,8.777756,28794.54794,14688,1.44,1.357,4.7,333,544,155,3061
8:59:19,8.158312,8.444944,28854.1424,14688,1.37,1.357,4.7,333,544,155,3065
8:59:23,8.314857,8.395966,28911.94331,14688,1.21,1.357,4.7,333,544,155,3069
8:59:27,8.47161,8.488595,28972.69029,14688,1.23,1.358,4.7,333,544,155,3073
8:59:31,9.422235,9.102004,30739.804,15552,1.33,1.358,4.7,333,544,155,3077
8:59:35,8.818145,8.569558,29091.09371,14688,1.41,1.358,4.7,333,544,155,3081
8:59:39,8.966308,8.407716,29150.90564,14688,1.5,1.357,4.7,333,544,155,3085
8:59:43,9.945501,8.42476,30929.26562,15552,1.21,1.357,4.7,333,544,155,3089
8:59:47,9.794483,8.18766,29270.59455,14688,1.28,1.357,4.7,333,544,156,3093
8:59:51,9.437153,8.699271,29330.18296,14688,1.36,1.357,4.7,333,544,156,3097
8:59:55,10.975488,9.416732,31118.70907,15552,1.69,1.358,4.7,333,544,156,3101
8:59:59,10.269819,8.375696,29449.60324,14688,1.59,1.358,4.7,333,544,156,3105
9:00:03,11.307057,8.906953,31244.22894,15552,2.94,1.358,4.7,333,544,156,3108
9:00:07,10.121339,8.237046,29568.04088,14688,1.62,1.357,4.7,333,544,156,3112
9:00:11,10.254986,8.434632,29628.21046,14688,1.69,1.358,4.7,333,544,156,3116
9:00:15,11.763166,9.099852,31435.05148,15552,1.73,1.357,4.7,333,544,156,3120
9:00:19,10.507977,8.764726,29746.23156,14688,1.6,1.358,4.7,333,544,156,3124
9:00:23,10.64391,8.26621,29804.62142,14688,1.56,1.357,4.7,333,544,156,3128
9:00:27,11.70296,8.893903,31621.01049,15552,1.48,1.357,4.7,333,544,156,3132
9:00:31,11.427551,8.125133,29923.19676,14688,1.67,1.357,4.7,333,544,156,3136
9:00:35,12.032002,8.644151,31745.73769,15552,1.73,1.357,4.7,333,545,156,3140
9:00:39,11.830191,8.761807,30042.42189,14688,1.49,1.357,4.7,333,545,156,3144
9:00:43,12.386495,8.798884,31871.06634,15552,1.6,1.358,4.7,333,545,156,3148
9:00:47,13.073159,8.654206,31933.84704,15552,1.35,1.358,4.7,333,545,156,3152
9:00:51,12.789842,9.153924,31996.90512,15552,1.65,1.358,4.7,333,545,156,3156
9:00:55,12.006032,8.240552,30278.24612,14688,1.56,1.357,4.7,333,545,156,3160
9:00:59,11.665512,7.580479,28552.63935,13824,1.67,1.358,4.7,333,545,156,3164
9:01:03,12.30942,8.301809,30397.26832,14688,1.58,1.357,4.7,333,545,156,3167
9:01:07,4.518558,9.033305,32247.97838,15552,1.62,1.357,4.7,333,545,156,3171
9:01:11,4.676619,8.997119,30516.49327,14688,1.5,1.357,4.7,333,545,156,3175
9:01:15,4.837606,8.278792,30573.11258,14688,1.6,1.358,4.7,333,545,156,3179
9:01:19,4.504976,8.60376,30633.54571,14688,1.67,1.357,4.7,333,545,156,3183
9:01:23,4.682943,8.30867,30693.31915,14688,1.47,1.357,4.7,333,545,156,3187
9:01:27,4.840811,8.10873,30752.38309,14688,1.64,1.357,4.7,333,545,156,3191
9:01:31,5.476428,8.344581,30811.53588,14688,1.59,1.358,4.7,333,545,156,3195
9:01:35,5.090876,8.413794,30870.93119,14688,1.91,1.358,4.7,333,545,156,3199
9:01:39,5.815436,9.135423,32751.27251,15552,2.34,1.358,4.7,333,545,156,3203
9:01:42,6.440866,9.090252,32798.39578,15552,1.61,1.358,4.7,333,545,156,3206
9:01:46,6.00717,8.947414,31034.62457,14688,1.49,1.358,4.7,333,545,156,3210
9:01:50,6.161277,8.622379,31094.28989,14688,1.61,1.357,4.7,333,545,156,3214
9:01:54,5.796782,8.742635,31154.80569,14688,1.61,1.358,4.7,333,545,156,3218
9:01:58,7.058574,8.665937,33045.17976,15552,1.52,1.357,4.7,333,545,156,3222
9:02:02,6.710082,9.200464,33109.62204,15552,1.62,1.357,4.7,333,545,156,3224
9:02:06,6.193172,8.358825,31329.33841,14688,1.63,1.357,4.7,333,545,156,3228
9:02:10,6.291809,8.518696,31389.80759,14688,1.53,1.357,4.7,333,545,156,3232
9:02:14,7.558893,9.281695,33298.73657,15552,1.52,1.358,4.7,333,545,156,3236
9:02:18,7.666938,9.088875,33362.59501,15552,1.57,1.357,4.7,333,545,156,3240
9:02:22,6.650042,8.656114,31568.89526,14688,1.44,1.357,4.7,333,545,156,3244
9:02:26,7.501086,8.983676,33488.73287,15552,1.6,1.358,4.7,333,545,156,3248
9:02:30,6.989824,8.296208,31686.44448,14688,1.63,1.358,4.7,333,545,157,3252
9:02:34,7.647704,7.880879,31746.1938,14688,1.49,1.357,4.7,333,545,157,3256
9:02:38,7.524102,8.909509,33677.42317,15552,1.51,1.357,4.7,333,545,157,3260
9:02:42,8.214106,8.825717,33739.99158,15552,8.62,1.357,4.7,333,545,157,3264
9:02:46,8.361636,9.613071,33803.0546,15552,1.77,1.357,4.7,333,545,157,3268
9:02:50,7.783138,8.493873,31985.1633,14688,1.73,1.358,4.7,333,545,157,3272
9:02:54,8.437218,8.518145,32042.76788,14688,2.1,1.358,4.7,333,545,157,3276
9:02:58,8.911742,9.265367,33990.88709,15552,1.91,1.358,4.7,333,545,157,3280
9:03:02,8.321806,8.588818,32161.66993,14688,1.99,1.358,4.7,333,545,157,3282
9:03:06,9.216281,9.046378,34117.18156,15552,2.02,1.357,4.7,333,545,157,3286
9:03:10,7.850383,7.963081,30380.58876,13824,1.71,1.357,4.7,333,545,157,3290
9:03:14,9.546244,8.760773,34242.32291,15552,1.95,1.358,4.7,333,546,157,3294
9:03:18,8.954808,8.325163,32398.98475,14688,1.92,1.358,4.7,333,546,157,3298
9:03:22,10.451216,8.750703,34368.10738,15552,1.78,1.357,4.7,333,546,157,3302
9:03:26,10.144995,8.791545,34429.25213,15552,2.1,1.357,4.7,333,546,157,3306
9:03:30,10.347111,8.833296,34492.90233,15552,1.93,1.357,4.7,333,546,157,3310
9:03:34,10.187949,8.454778,32635.93806,14688,2.26,1.358,4.7,333,546,157,3314
9:03:38,10.717758,9.07479,34619.00704,15552,1.98,1.357,4.7,333,546,157,3318
9:03:42,10.869438,9.08911,34681.52018,15552,1.83,1.358,4.7,333,546,157,3322
9:03:46,11.883074,9.473572,36675.19443,16416,1.73,1.358,4.7,333,546,157,3326
9:03:51,10.37085,8.765099,32888.95543,14688,2.48,1.358,4.7,333,546,157,3331
9:03:55,9.617048,7.809264,31010.02531,13824,2.8,1.358,4.7,333,546,157,3335
9:04:00,11.172521,8.293954,33023.05039,14688,17.4,1.357,4.7,333,546,157,3281
9:04:06,12.323142,8.611945,35059.4414,15552,1.37,1.358,4.7,333,546,157,3287
9:04:10,12.459494,8.862678,35121.83549,15552,1.36,1.358,4.7,333,546,157,3291
9:04:14,12.183085,9.245668,35185.424,15552,1.2,1.358,4.7,333,546,157,3295
9:04:18,12.331186,9.269567,35248.54853,15552,1.32,1.358,4.7,333,546,157,3299
9:04:22,11.533265,8.840737,33348.65325,14688,1.21,1.358,4.7,333,546,157,3303
9:04:25,12.637624,9.033061,35358.11212,15552,1.4,1.358,4.7,333,546,157,3306
9:04:29,12.837049,9.195658,35421.22447,15552,1.23,1.358,4.7,333,546,157,3310
9:04:33,12.024463,8.854662,33512.65398,14688,1.2,1.358,4.7,333,546,157,3314
9:04:37,12.168024,8.409653,33568.49687,14688,1.25,1.358,4.7,333,546,157,3318
9:04:41,12.817064,8.249405,33628.65419,14688,1.29,1.358,4.7,333,546,157,3322
9:04:45,13.486005,8.759276,35670.41991,15552,1.38,1.358,4.7,333,546,157,3326
9:04:49,4.688829,9.207564,35733.3947,15552,1.18,1.358,4.7,333,546,157,3330
9:04:53,4.339776,9.010176,35794.87419,15552,1.33,1.358,4.7,333,546,157,3334
9:04:57,3.962006,8.203819,33866.30323,14688,1.25,1.358,4.7,333,546,157,3338
9:05:00,4.552111,8.187656,33910.54188,14688,1.24,1.358,4.7,333,546,157,3338
9:05:04,4.686238,8.71588,33971.11962,14688,1.39,1.357,4.7,333,546,157,3342
9:05:08,5.379478,8.874637,36031.03612,15552,1.31,1.358,4.7,333,546,157,3346
9:05:12,6.05861,9.417096,38100.14467,16416,1.28,1.358,4.7,333,546,158,3350
9:05:16,5.700633,8.857175,36157.06798,15552,1.24,1.358,4.7,333,546,158,3354
9:05:20,5.860993,9.019881,36219.02493,15552,1.35,1.358,4.7,333,546,158,3358
9:05:24,6.573663,9.527119,38296.84941,16416,1.36,1.358,4.7,333,546,158,3362
9:05:28,6.173244,9.247203,36346.06715,15552,1.28,1.358,4.7,333,546,158,3366
9:05:31,5.803731,9.214475,36391.98662,15552,1.59,1.358,4.7,333,546,158,3369
9:05:35,6.433153,9.081216,36454.57726,15552,1.22,1.358,4.7,333,546,158,3373
9:05:39,6.595153,9.218346,36517.36551,15552,1.24,1.358,4.7,333,546,158,3377
9:05:43,6.639038,8.670667,34548.53028,14688,1.23,1.358,4.7,333,546,158,3381
9:05:47,6.288275,8.430553,34604.90688,14688,1.42,1.357,4.7,333,546,158,3385
9:05:51,6.973907,8.455341,34663.81686,14688,1.32,1.358,4.7,333,546,158,3389
9:05:55,7.114041,8.561202,34723.58142,14688,1.31,1.358,4.7,333,547,158,3393
9:05:59,7.426596,9.169534,36826.47702,15552,1.41,1.358,4.7,333,547,158,3397
9:06:03,7.547478,8.780787,36889.72199,15552,1.3,1.358,4.7,333,547,158,3400
9:06:06,7.67532,8.602715,36936.9591,15552,1.27,1.358,4.7,333,547,158,3403
9:06:10,7.842432,8.737322,36999.61456,15552,1.23,1.358,4.7,333,547,158,3407
9:06:14,7.990715,8.709489,37062.947,15552,1.23,1.358,4.7,333,547,158,3411
9:06:18,7.711158,9.341291,37125.36864,15552,1.23,1.358,4.7,333,547,158,3415
9:06:22,8.365357,9.024736,37188.40393,15552,1.35,1.358,4.7,333,547,158,3419
9:06:26,7.801192,9.034871,35182.97523,14688,1.43,1.358,4.7,333,547,158,3423
9:06:30,8.693164,9.021359,37315.25094,15552,1.54,1.357,4.7,333,547,158,3427
9:06:34,8.859612,9.16862,37378.39497,15552,1.41,1.358,4.7,333,547,158,3431
9:06:37,8.249997,8.431275,35346.43076,14688,1.36,1.358,4.7,333,547,158,3434
9:06:41,8.363149,8.163942,35405.3743,14688,1.35,1.358,4.7,333,547,158,3438
9:06:45,8.533628,8.786222,35465.6357,14688,1.45,1.358,4.7,333,547,158,3442
9:06:49,9.438431,8.814046,37614.02147,15552,1.39,1.358,4.7,333,547,158,3446
9:06:53,10.448281,9.464802,39770.87906,16416,1.23,1.357,4.7,333,547,158,3450
9:06:57,9.818157,8.80387,37739.64714,15552,1.32,1.357,4.7,333,547,158,3454
9:07:01,9.161191,8.677927,35702.94946,14688,1.28,1.357,4.7,333,547,158,3455
9:07:05,10.6212,8.965156,37865.96321,15552,1.33,1.358,4.7,333,547,158,3459
9:07:08,9.425661,8.582061,35807.51955,14688,1.15,1.358,4.7,333,547,158,3462
9:07:12,10.400226,8.980671,37975.99241,15552,1.22,1.358,4.7,333,547,158,3466
9:07:16,10.210073,8.608322,35925.91372,14688,1.4,1.358,4.7,333,547,158,3470
9:07:20,10.726749,8.780568,38102.34072,15552,1.35,1.358,4.7,333,547,158,3474
9:07:24,10.89066,8.984471,38166.24078,15552,1.27,1.358,4.7,333,547,158,3478
9:07:28,10.204792,7.98981,36102.36003,14688,1.37,1.358,4.7,333,547,158,3482
9:07:32,11.183717,8.972385,38290.60792,15552,1.15,1.358,4.7,333,547,158,3486
9:07:36,11.314956,9.383828,38354.73051,15552,1.22,1.358,4.7,333,547,158,3490
9:07:39,11.38998,9.441277,38402.51413,15552,1.29,1.358,4.7,333,547,158,3493
9:07:43,11.533131,9.122756,38463.03594,15552,1.39,1.358,4.7,333,547,158,3497
9:07:47,11.656854,9.058345,38526.85083,15552,1.31,1.358,4.7,333,547,158,3501
9:07:51,10.9184,8.30448,36446.17344,14688,1.33,1.358,4.7,333,547,159,3505
9:07:55,11.956723,8.368035,38653.20403,15552,1.36,1.358,4.7,333,547,159,3509
9:07:59,12.132995,8.580733,38715.35893,15552,1.37,1.358,4.7,333,547,159,3513
9:08:03,11.353926,8.709955,36624.92044,14688,1.22,1.358,4.7,333,547,159,3516
9:08:07,11.480909,8.435016,36684.51265,14688,1.53,1.358,4.7,333,547,159,3520
9:08:10,12.530541,9.028802,38889.675,15552,1.42,1.358,4.7,333,547,159,3523
9:08:14,12.660258,8.96883,38952.60789,15552,1.33,1.358,4.7,333,547,159,3527
9:08:18,12.838629,9.373479,39016.24292,15552,1.35,1.358,4.7,333,547,159,3531
9:08:22,12.525032,9.004894,39079.598,15552,1.23,1.358,4.7,333,547,159,3535
9:08:26,13.185207,8.817159,39141.9883,15552,1.29,1.358,4.7,333,547,159,3539
9:08:30,12.792748,9.030781,37027.33305,14688,1.32,1.358,4.7,333,547,159,3543
9:08:34,13.911199,9.30829,39269.13807,15552,1.24,1.358,4.7,333,548,159,3547
