Time,CPU Usage (%),Hit_Miss,Squid_Memory_Usage(kb),Request_Rate/(Min),Squid_Disk_Usage(mb),Cache_Memory_Usage(kb),Response_Time(ms)
1:41:01,0.04,MISS,660240,25.8,222,348,1575
1:41:04,0.04,HIT,660240,25.9,222,348,1595
1:41:07,0.04,MISS,660240,26,222,352,1566
1:41:09,0.04,HIT,660240,26.1,222,352,1544
1:41:12,0.04,MISS,660240,26.1,222,356,1579
1:41:14,0.04,HIT,660240,26.2,222,356,1593
1:41:17,0.04,MISS,660240,26.3,222,360,1531
1:41:19,0.04,HIT,660240,26.4,222,360,1525
1:41:22,0.04,MISS,660240,26.4,222,364,1560
1:41:25,0.04,HIT,660240,26.5,222,364,1577
1:41:27,0.04,MISS,660240,26.6,222,368,1584
1:41:30,0.04,HIT,660240,26.7,222,368,1554
1:41:32,0.04,MISS,660240,26.7,222,372,1568
1:41:35,0.04,HIT,660240,26.8,222,372,1577
1:41:37,0.04,MISS,660240,26.9,222,376,1616
1:41:40,0.04,HIT,660240,26.9,222,376,1538
1:41:43,0.04,MISS,660240,27,222,380,1564
1:41:58,0.04,MISS,660640,27.4,222,392,1591
1:42:01,0.04,HIT,660640,27.5,222,392,1645
1:42:03,0.04,MISS,660640,27.6,222,396,1569
1:42:06,0.04,HIT,660640,27.7,222,396,1532
1:42:08,0.04,MISS,660640,27.7,222,400,1565
1:42:11,0.04,HIT,660640,27.8,222,400,1579
1:42:13,0.04,MISS,660640,27.9,222,404,1626
1:42:16,0.04,HIT,660640,27.9,222,404,1568
1:42:19,0.04,MISS,660640,28,222,408,1534
1:42:21,0.04,HIT,660640,28.1,222,408,1595
1:42:24,0.04,MISS,660640,28.2,222,412,1576
1:42:26,0.04,HIT,660640,28.2,222,412,1591
1:42:29,0.04,MISS,660640,28.3,222,416,1574
1:42:31,0.04,HIT,660640,28.4,222,416,1533
1:42:34,0.04,MISS,660640,28.4,222,420,1645
1:42:37,0.04,HIT,660640,28.5,222,420,1596
1:42:39,0.04,MISS,660640,28.6,222,424,1555
1:42:42,0.04,HIT,660640,28.7,222,424,1590
1:42:44,0.04,MISS,660640,28.7,222,428,1550
1:42:47,0.04,HIT,660640,28.8,222,428,1577
1:42:50,0.04,MISS,660640,28.9,222,432,1548
1:42:52,0.04,HIT,660640,28.9,222,432,1546
1:42:55,0.04,MISS,660640,29,222,436,1574
1:42:57,0.04,HIT,660640,29.1,222,436,1600
1:43:00,0.04,MISS,660640,29.1,222,440,1562
1:43:02,0.04,HIT,660640,29.2,222,440,1580
1:43:05,0.04,MISS,660640,29.3,222,444,1539
1:43:08,0.04,HIT,660640,29.4,222,444,1567
1:43:10,0.04,MISS,660640,29.4,222,448,1589
1:43:13,0.04,HIT,660640,29.5,222,448,1574
1:43:15,0.04,MISS,660640,29.6,222,452,1568
1:43:18,0.04,HIT,660640,29.6,222,452,1544
1:43:20,0.04,MISS,661040,29.7,222,456,1564
1:43:23,0.04,HIT,661040,29.8,222,456,1563
1:43:26,0.04,MISS,661040,29.8,222,460,1623
1:43:28,0.04,HIT,661040,29.9,222,460,1570
1:43:31,0.04,MISS,661040,30,223,464,1550
1:43:33,0.04,HIT,661040,30,223,464,1623
1:43:36,0.04,MISS,661040,30.1,223,468,1602
1:43:39,0.04,HIT,661040,30.2,223,468,1583
1:43:41,0.04,MISS,661040,30.3,223,472,1571
1:43:44,0.04,HIT,661040,30.3,223,472,1615
1:43:46,0.04,MISS,661040,30.4,223,476,1606
1:43:49,0.04,HIT,661040,30.5,223,476,1576
1:43:51,0.04,MISS,661040,30.5,223,480,1547
1:43:54,0.04,HIT,661040,30.6,223,480,1590
1:43:57,0.04,MISS,661040,30.7,223,484,1617
1:43:59,0.04,HIT,661040,30.7,223,484,1581
1:44:02,0.04,MISS,661040,30.8,223,488,1550
1:44:04,0.04,HIT,661040,30.9,223,488,1542
1:44:07,0.04,MISS,661040,30.9,223,492,1598
1:44:10,0.04,HIT,661040,31,223,492,1619
1:44:12,0.04,MISS,661040,31.1,223,496,1604
1:44:15,0.04,HIT,661040,31.1,223,496,1529
1:44:17,0.04,MISS,661040,31.2,223,500,1586
1:44:20,0.04,HIT,661040,31.3,223,500,1601
1:44:23,0.04,MISS,661040,31.3,223,504,1584
1:44:25,0.04,HIT,661040,31.4,223,504,1537
1:44:28,0.04,MISS,661040,31.5,223,508,1583
1:44:30,0.04,HIT,661040,31.5,223,508,1566
1:44:33,0.04,MISS,661040,31.6,223,512,1622
1:44:35,0.04,HIT,661040,31.7,223,512,1553
1:44:38,0.04,MISS,661040,31.7,223,516,1573
1:44:41,0.04,HIT,661040,31.8,223,516,1565
1:44:43,0.04,MISS,661440,31.9,223,520,1562
1:44:46,0.04,HIT,661440,31.9,223,520,1588
1:44:48,0.04,MISS,661440,32,223,524,1541
1:44:51,0.04,HIT,661440,32.1,223,524,1563
1:44:53,0.04,MISS,661440,32.1,223,528,1598
1:44:56,0.04,HIT,661440,32.2,223,528,1622
1:44:59,0.04,MISS,661440,32.3,223,532,1593
1:45:01,0.04,HIT,661440,32.3,223,532,1562
1:45:04,0.04,MISS,661440,32.4,223,536,1578
1:45:06,0.04,HIT,661440,32.5,223,536,1594
1:45:09,0.04,MISS,661440,32.5,223,540,1574
1:45:12,0.04,HIT,661440,32.6,223,540,1581
1:45:14,0.04,MISS,661440,32.7,223,544,1544
1:45:17,0.04,HIT,661440,32.7,223,544,1587
1:45:19,0.04,MISS,661440,32.8,223,548,1624
1:45:22,0.04,HIT,661440,32.9,223,548,1557
1:45:24,0.04,MISS,661440,32.9,223,552,1583
1:45:27,0.04,HIT,661440,33,223,552,1592
1:45:30,0.04,MISS,661440,33,223,556,1593
1:45:32,0.04,HIT,661440,33.1,223,556,1592
1:45:35,0.04,MISS,661440,33.2,223,560,1549
1:45:37,0.04,HIT,661440,33.2,223,560,1563
1:45:40,0.04,MISS,661440,33.3,223,564,1576
1:45:43,0.04,HIT,661440,33.4,223,564,1610
1:45:45,0.04,MISS,661440,33.4,223,568,1562
1:45:48,0.04,HIT,661440,33.5,223,568,1569
1:45:50,0.04,MISS,661440,33.6,223,572,1613
1:45:53,0.04,HIT,661440,33.6,223,572,1578
1:45:56,0.04,MISS,661440,33.7,223,576,1586
1:45:58,0.04,HIT,661440,33.8,223,576,1573
1:46:01,0.04,MISS,661440,33.8,223,580,1591
1:46:03,0.04,HIT,661440,33.9,223,580,1609
1:46:06,0.04,MISS,661840,33.9,223,584,1555
1:46:08,0.04,HIT,661840,34,223,584,1556
1:46:11,0.04,MISS,661840,34.1,223,588,1571
1:46:14,0.04,HIT,661840,34.1,223,588,1581
1:46:16,0.04,MISS,661840,34.2,223,592,1574
1:46:19,0.04,HIT,661840,34.3,223,592,1537
1:46:21,0.05,MISS,661840,34.3,223,596,1551
1:46:24,0.05,HIT,661840,34.4,223,596,1561
1:46:26,0.05,MISS,661840,34.5,223,600,1595
1:46:29,0.05,HIT,661840,34.5,223,600,1559
1:46:32,0.05,MISS,661840,34.6,223,604,1567
1:46:34,0.05,HIT,661840,34.6,223,604,1545
1:46:37,0.05,MISS,661840,34.7,223,608,1571
1:46:39,0.05,HIT,661840,34.8,223,608,1618
1:46:42,0.05,MISS,661840,34.8,223,612,1585
1:46:44,0.05,HIT,661840,34.9,223,612,1584
1:46:47,0.05,MISS,661840,35,223,616,1594
1:46:50,0.05,HIT,661840,35,223,616,1588
1:46:52,0.05,MISS,661840,35.1,223,620,1545
1:46:55,0.05,HIT,661840,35.1,223,620,1532
1:46:57,0.05,MISS,661840,35.2,223,624,1558
1:47:00,0.05,HIT,661840,35.3,223,624,1571
1:47:03,0.05,MISS,661840,35.3,223,628,1609
1:47:05,0.05,HIT,661840,35.4,223,628,1551
1:47:08,0.05,MISS,661840,35.5,223,632,1567
1:47:10,0.05,HIT,661840,35.5,223,632,1562
1:47:13,0.05,MISS,661840,35.6,223,636,1587
1:47:15,0.05,HIT,661840,35.6,223,636,1549
1:47:18,0.05,MISS,661840,35.7,223,640,1551
1:47:20,0.05,HIT,661840,35.8,223,640,1527
1:47:23,0.05,MISS,661840,35.8,223,644,1590
1:47:26,0.05,HIT,661840,35.9,223,644,1603
1:47:28,0.05,MISS,662240,35.9,223,648,1563
1:47:31,0.05,HIT,662240,36,223,648,1569
1:47:33,0.05,MISS,662240,36.1,223,652,1521
1:47:36,0.05,HIT,662240,36.1,223,652,1582
1:47:39,0.05,MISS,662240,36.2,223,656,1626
1:47:41,0.05,HIT,662240,36.3,223,656,1574
1:47:44,0.05,MISS,662240,36.3,223,660,1539
1:47:46,0.05,HIT,662240,36.4,223,660,1582
1:47:49,0.05,MISS,662240,36.4,223,664,1590
1:47:51,0.05,HIT,662240,36.5,223,664,1592
1:47:54,0.05,MISS,662240,36.6,223,668,1559
1:47:57,0.05,HIT,662240,36.6,223,668,1543
1:47:59,0.05,MISS,662240,36.7,223,672,1590
1:48:02,0.05,HIT,662240,36.7,223,672,1661
1:48:04,0.05,MISS,662240,36.8,223,676,1567
1:48:07,0.05,HIT,662240,36.9,223,676,1546
1:48:09,0.05,MISS,662240,36.9,223,680,1598
1:48:12,0.05,HIT,662240,37,223,680,1582
1:48:15,0.05,MISS,662240,37,223,684,1577
1:48:17,0.05,HIT,662240,37.1,223,684,1548
1:48:20,0.05,MISS,662240,37.2,223,688,1546
1:48:22,0.05,HIT,662240,37.2,223,688,1585
1:48:25,0.05,MISS,662240,37.3,223,692,1592
1:48:28,0.05,HIT,662240,37.3,223,692,1558
1:48:30,0.05,MISS,662240,37.4,223,696,1548
1:48:33,0.05,HIT,662240,37.5,223,696,1594
1:48:35,0.05,MISS,662240,37.5,223,700,1576
1:48:38,0.05,HIT,662240,37.6,223,700,1577
1:48:40,0.05,MISS,662240,37.6,223,704,1585
1:48:43,0.05,HIT,662240,37.7,223,704,1558
1:48:46,0.05,MISS,662240,37.8,223,708,1542
1:48:48,0.05,HIT,662240,37.8,223,708,1613
1:48:51,0.05,MISS,662640,37.9,223,712,1566
1:48:53,0.05,HIT,662640,37.9,223,712,1551
1:48:56,0.05,MISS,662640,38,223,716,1560
1:48:58,0.05,HIT,662640,38.1,223,716,1558
1:49:01,0.05,MISS,662640,38.1,223,720,1574
1:49:04,0.05,HIT,662640,38.2,223,720,1584
1:49:06,0.05,MISS,662640,38.2,223,724,1557
1:49:09,0.05,HIT,662640,38.3,223,724,1575
1:49:11,0.05,MISS,662640,38.3,223,728,1585
1:49:14,0.05,HIT,662640,38.4,223,728,1552
1:49:16,0.05,MISS,662640,38.5,223,732,1539
1:49:19,0.05,HIT,662640,38.5,223,732,1574
1:49:22,0.05,MISS,662640,38.6,223,736,1590
1:49:24,0.05,HIT,662640,38.6,223,736,1598
1:49:27,0.05,MISS,662640,38.7,223,740,1564
1:49:29,0.05,HIT,662640,38.8,223,740,1573
1:49:32,0.05,MISS,662640,38.8,223,744,1553
1:49:34,0.05,HIT,662640,38.9,223,744,1607
1:49:37,0.05,MISS,662640,38.9,223,748,1589
1:49:40,0.05,HIT,662640,39,223,748,1578
1:49:42,0.05,MISS,662640,39,223,752,1600
1:49:45,0.05,HIT,662640,39.1,223,752,1559
1:49:47,0.05,MISS,662640,39.2,223,756,1564
1:49:50,0.05,HIT,662640,39.2,223,756,1580
1:49:53,0.05,MISS,662640,39.3,223,760,1562
1:49:55,0.05,HIT,662640,39.3,223,760,1522
1:49:58,0.05,MISS,662640,39.4,223,764,1591
1:50:00,0.05,HIT,662640,39.4,223,764,1592
1:50:03,0.05,MISS,662640,39.5,223,768,1562
1:50:05,0.05,HIT,662640,39.6,223,768,1538
1:50:08,0.05,MISS,662640,39.6,223,772,1575
1:50:11,0.05,HIT,662640,39.7,223,772,1622
1:50:13,0.05,MISS,663040,39.7,223,776,1569
1:50:16,0.05,HIT,663040,39.8,223,776,1574
1:50:18,0.05,MISS,663040,39.8,223,780,1584
1:50:21,0.05,HIT,663040,39.9,223,780,1635
1:50:24,0.05,MISS,663040,40,223,784,1596
1:50:26,0.05,HIT,663040,40,223,784,1572
1:50:29,0.05,MISS,663040,40.1,223,788,1572
1:50:31,0.05,HIT,663040,40.1,223,788,1608
1:50:34,0.05,MISS,663040,40.2,223,792,1579
1:50:36,0.05,HIT,663040,40.2,223,792,1578
1:50:39,0.05,MISS,663040,40.3,223,796,1579
1:50:42,0.05,HIT,663040,40.4,223,796,1557
1:50:44,0.05,MISS,663040,40.4,223,800,1614
1:50:47,0.05,HIT,663040,40.5,223,800,1558
1:50:49,0.05,MISS,663040,40.5,223,804,1613
1:50:52,0.05,HIT,663040,40.6,223,804,1577
1:50:55,0.05,MISS,663040,40.6,223,808,1596
1:50:57,0.05,HIT,663040,40.7,223,808,1562
1:51:00,0.05,MISS,663040,40.7,223,812,1564
1:51:02,0.05,HIT,663040,40.8,223,812,1568
1:51:05,0.05,MISS,663040,40.9,223,816,1558
1:51:07,0.05,HIT,663040,40.9,223,816,1592
1:51:10,0.05,MISS,663040,41,223,820,1585
1:51:13,0.05,HIT,663040,41,223,820,1581
1:51:15,0.05,MISS,663040,41.1,223,824,1560
1:51:18,0.05,HIT,663040,41.1,223,824,1628
1:51:20,0.05,MISS,663040,41.2,223,828,1572
1:51:23,0.05,HIT,663040,41.2,223,828,1600
1:51:26,0.05,MISS,663040,41.3,223,832,1564
1:51:28,0.05,HIT,663040,41.4,223,832,1555
1:51:31,0.05,MISS,663040,41.4,223,836,1608
1:51:33,0.05,HIT,663040,41.5,223,836,1571
1:51:36,0.05,MISS,663440,41.5,223,840,1554
1:51:38,0.05,HIT,663440,41.6,223,840,1565
1:51:41,0.05,MISS,663440,41.6,223,844,1637
1:51:44,0.05,HIT,663440,41.7,223,844,1548
1:51:46,0.05,MISS,663440,41.7,223,848,1532
1:51:49,0.05,HIT,663440,41.8,223,848,1548
1:51:51,0.05,MISS,663440,41.9,223,852,1594
1:51:54,0.05,HIT,663440,41.9,223,852,1611
1:51:57,0.05,MISS,663440,42,223,856,1578
1:51:59,0.05,HIT,663440,42,223,856,1536
1:52:02,0.05,MISS,663440,42.1,223,860,1585
1:52:04,0.05,HIT,663440,42.1,223,860,1628
1:52:07,0.05,MISS,663440,42.2,223,864,1559
1:52:09,0.05,HIT,663440,42.2,223,864,1549
1:52:12,0.05,MISS,663440,42.3,223,868,1570
1:52:15,0.05,HIT,663440,42.3,223,868,1602
1:52:17,0.05,MISS,663440,42.4,223,872,1602
1:52:20,0.05,HIT,663440,42.4,223,872,1566
1:52:22,0.05,MISS,663440,42.5,223,876,1536
1:52:25,0.05,HIT,663440,42.6,223,876,1575
1:52:27,0.05,MISS,663440,42.6,223,880,1606
1:52:30,0.05,HIT,663440,42.7,223,880,1585
1:52:33,0.05,MISS,663440,42.7,223,884,1569
1:52:35,0.05,HIT,663440,42.8,223,884,1554
1:52:38,0.05,MISS,663440,42.8,223,888,1544
1:52:40,0.05,HIT,663440,42.9,223,888,1588
1:52:43,0.05,MISS,663440,42.9,223,892,1535
1:52:45,0.05,HIT,663440,43,223,892,1528
1:52:48,0.05,MISS,663440,43,224,896,1531
1:52:51,0.05,HIT,663440,43.1,224,896,1577
1:52:53,0.05,MISS,663440,43.1,224,900,1607
1:52:56,0.05,HIT,663440,43.2,224,900,1537
1:52:58,0.05,MISS,663840,43.3,224,904,1542
1:53:01,0.05,HIT,663840,43.3,224,904,1602
1:53:03,0.05,MISS,663840,43.4,224,908,1606
1:53:06,0.05,HIT,663840,43.4,224,908,1608
1:53:09,0.05,MISS,663840,43.5,224,912,1557
1:53:11,0.05,HIT,663840,43.5,224,912,1567
1:53:14,0.05,MISS,663840,43.6,224,916,1544
1:53:16,0.05,HIT,663840,43.6,224,916,1614
1:53:19,0.05,MISS,663840,43.7,224,920,1546
1:53:21,0.05,HIT,663840,43.7,224,920,1522
1:53:24,0.05,MISS,663840,43.8,224,924,1586
1:53:27,0.05,HIT,663840,43.8,224,924,1594
1:53:29,0.05,MISS,663840,43.9,224,928,1624
1:53:32,0.05,HIT,663840,43.9,224,928,1560
1:53:34,0.05,MISS,663840,44,224,932,1598
1:53:37,0.05,HIT,663840,44,224,932,1594
1:53:40,0.05,MISS,663840,44.1,224,936,1589
1:53:42,0.05,HIT,663840,44.1,224,936,1586
1:53:45,0.05,MISS,663840,44.2,224,940,1567
1:53:47,0.05,HIT,663840,44.2,224,940,1559
1:53:50,0.05,MISS,663840,44.3,224,944,1594
1:53:52,0.05,HIT,663840,44.4,224,944,1573
1:53:55,0.05,MISS,663840,44.4,224,948,1546
1:53:58,0.05,HIT,663840,44.5,224,948,1544
1:54:00,0.05,MISS,663840,44.5,224,952,1565
1:54:03,0.05,HIT,663840,44.6,224,952,1586
1:54:05,0.05,MISS,663840,44.6,224,956,1587
1:54:08,0.05,HIT,663840,44.7,224,956,1553
1:54:10,0.05,MISS,663840,44.7,224,960,1550
1:54:13,0.05,HIT,663840,44.8,224,960,1604
1:54:16,0.05,MISS,663840,44.8,224,964,1566
1:54:18,0.05,HIT,663840,44.9,224,964,1553
1:54:21,0.05,MISS,664240,44.9,224,968,1556
1:54:23,0.05,HIT,664240,45,224,968,1591
1:54:26,0.05,MISS,664240,45,224,972,1569
1:54:28,0.05,HIT,664240,45.1,224,972,1552
1:54:31,0.05,MISS,664240,45.1,224,976,1576
1:54:34,0.05,HIT,664240,45.2,224,976,1616
1:54:36,0.05,MISS,664240,45.2,224,980,1593
1:54:39,0.05,HIT,664240,45.3,224,980,1589
1:54:41,0.05,MISS,664240,45.3,224,984,1547
1:54:44,0.05,HIT,664240,45.4,224,984,1561
1:54:47,0.05,MISS,664240,45.4,224,988,1585
1:54:49,0.05,HIT,664240,45.5,224,988,1577
1:54:52,0.05,MISS,664240,45.5,224,992,1531
1:54:54,0.05,HIT,664240,45.6,224,992,1534
1:54:57,0.05,MISS,664240,45.6,224,996,1557
1:54:59,0.05,HIT,664240,45.7,224,996,1568
1:55:02,0.05,MISS,664240,45.7,224,1000,1600
1:55:05,0.05,HIT,664240,45.8,224,1000,1562
1:55:07,0.05,MISS,664240,45.8,224,1004,1556
1:55:10,0.05,HIT,664240,45.9,224,1004,1547
1:55:12,0.05,MISS,664240,45.9,224,1008,1600
1:55:15,0.05,HIT,664240,46,224,1008,1532
1:55:17,0.05,MISS,664240,46,224,1012,1544
1:55:20,0.05,HIT,664240,46.1,224,1012,1556
1:55:22,0.05,MISS,664240,46.1,224,1016,1610
1:55:25,0.05,HIT,664240,46.2,224,1016,1608
1:55:28,0.05,MISS,664240,46.2,224,1020,1546
1:55:30,0.05,HIT,664240,46.3,224,1020,1586
1:55:33,0.05,MISS,664240,46.3,224,1024,1551
1:55:35,0.05,HIT,664240,46.4,224,1024,1598
1:55:38,0.05,MISS,664240,46.4,224,1028,1613
1:55:41,0.05,HIT,664240,46.5,224,1028,1537
1:55:43,0.05,MISS,664640,46.5,224,1032,1555
1:55:46,0.06,HIT,664640,46.6,224,1032,1593
1:55:48,0.06,MISS,664640,46.6,224,1036,1588
1:55:51,0.06,HIT,664640,46.7,224,1036,1574
1:55:53,0.06,MISS,664640,46.7,224,1040,1562
1:55:56,0.06,HIT,664640,46.8,224,1040,1598
1:55:59,0.06,MISS,664640,46.8,224,1044,1648
1:56:01,0.06,HIT,664640,46.9,224,1044,1564
1:56:04,0.06,MISS,664640,46.9,224,1048,1575
1:56:06,0.06,HIT,664640,47,224,1048,1584
1:56:09,0.06,MISS,664640,47,224,1052,1614
1:56:12,0.06,HIT,664640,47.1,224,1052,1585
1:56:14,0.06,MISS,664640,47.1,224,1056,1574
1:56:17,0.06,HIT,664640,47.2,224,1056,1574
1:56:19,0.06,MISS,664640,47.2,224,1060,1667
1:56:22,0.06,HIT,664640,47.3,224,1060,1580
1:56:25,0.06,MISS,664640,47.3,224,1064,1580
1:56:27,0.06,HIT,664640,47.4,224,1064,1541
1:56:30,0.06,MISS,664640,47.4,224,1068,1566
1:56:32,0.06,HIT,664640,47.5,224,1068,1666
1:56:35,0.06,MISS,664640,47.5,224,1072,1520
1:56:37,0.06,HIT,664640,47.6,224,1072,1549
1:56:40,0.06,MISS,664640,47.6,224,1076,1556
1:56:43,0.06,HIT,664640,47.7,224,1076,1599
1:56:45,0.06,MISS,664640,47.7,224,1080,1586
1:56:48,0.06,HIT,664640,47.8,224,1080,1548
1:56:50,0.06,MISS,664640,47.8,224,1084,1556
1:56:53,0.06,HIT,664640,47.8,224,1084,1590
1:56:56,0.06,MISS,664640,47.9,224,1088,1600
1:56:58,0.06,HIT,664640,47.9,224,1088,1568
1:57:01,0.06,MISS,664640,48,224,1092,1561
1:57:03,0.06,HIT,664640,48,224,1092,1596
1:57:06,0.06,MISS,665040,48.1,224,1096,1604
1:57:08,0.06,HIT,665040,48.1,224,1096,1589
1:57:11,0.06,MISS,665040,48.2,224,1100,1555
1:57:14,0.06,HIT,665040,48.2,224,1100,1548
1:57:16,0.06,MISS,665040,48.3,224,1104,1569
1:57:19,0.06,HIT,665040,48.3,224,1104,1596
1:57:21,0.06,MISS,665040,48.4,224,1108,1579
1:57:24,0.06,HIT,665040,48.4,224,1108,1586
1:57:27,0.06,MISS,665040,48.5,224,1112,1571
1:57:29,0.06,HIT,665040,48.5,224,1112,1611
1:57:32,0.06,MISS,665040,48.6,224,1116,1608
1:57:34,0.06,HIT,665040,48.6,224,1116,1553
1:57:37,0.06,MISS,665040,48.7,224,1120,1583
1:57:39,0.06,HIT,665040,48.7,224,1120,1584
1:57:42,0.06,MISS,665040,48.8,224,1124,1584
1:57:45,0.06,HIT,665040,48.8,224,1124,1569
1:57:47,0.06,MISS,665040,48.8,224,1128,1537
1:57:50,0.06,HIT,665040,48.9,224,1128,1577
1:57:52,0.06,MISS,665040,48.9,224,1132,1601
1:57:55,0.06,HIT,665040,49,224,1132,1544
1:57:57,0.06,MISS,665040,49,224,1136,1518
1:58:00,0.06,HIT,665040,49.1,224,1136,1553
1:58:03,0.06,MISS,665040,49.1,224,1140,1602
1:58:05,0.06,HIT,665040,49.2,224,1140,1549
1:58:08,0.06,MISS,665040,49.2,224,1144,1556
1:58:10,0.06,HIT,665040,49.3,224,1144,1544
1:58:13,0.06,MISS,665040,49.3,224,1148,1590
1:58:15,0.06,HIT,665040,49.4,224,1148,1618
1:58:18,0.06,MISS,665040,49.4,224,1152,1623
1:58:21,0.06,HIT,665040,49.5,224,1152,1570
1:58:23,0.06,MISS,665040,49.5,224,1156,1566
1:58:26,0.06,HIT,665040,49.5,224,1156,1620
1:58:28,0.06,MISS,665440,49.6,224,1160,1598
1:58:31,0.06,HIT,665440,49.6,224,1160,1550
1:58:34,0.06,MISS,665440,49.7,224,1164,1577
1:58:36,0.06,HIT,665440,49.7,224,1164,1560
1:58:39,0.06,MISS,665440,49.8,224,1168,1584
1:58:41,0.06,HIT,665440,49.8,224,1168,1559
1:58:44,0.06,MISS,665440,49.9,224,1172,1572
1:58:47,0.06,HIT,665440,49.9,224,1172,1605
1:58:49,0.06,MISS,665440,50,224,1176,1628
1:58:52,0.06,HIT,665440,50,224,1176,1597
1:58:54,0.06,MISS,665440,50.1,224,1180,1549
1:58:57,0.06,HIT,665440,50.1,224,1180,1567
1:58:59,0.06,MISS,665440,50.1,224,1184,1567
1:59:02,0.06,HIT,665440,50.2,224,1184,1599
1:59:05,0.06,MISS,665440,50.2,224,1188,1580
1:59:07,0.06,HIT,665440,50.3,224,1188,1561
1:59:10,0.06,MISS,665440,50.3,224,1192,1556
1:59:12,0.06,HIT,665440,50.4,224,1192,1611
1:59:15,0.06,MISS,665440,50.4,224,1196,1551
1:59:18,0.06,HIT,665440,50.5,224,1196,1574
1:59:20,0.06,MISS,665440,50.5,224,1200,1548
1:59:23,0.06,HIT,665440,50.6,224,1200,1598
1:59:25,0.06,MISS,665440,50.6,224,1204,1623
1:59:28,0.06,HIT,665440,50.6,224,1204,1587
1:59:30,0.06,MISS,665440,50.7,224,1208,1569
1:59:33,0.06,HIT,665440,50.7,224,1208,1579
1:59:36,0.06,MISS,665440,50.8,224,1212,1572
1:59:38,0.06,HIT,665440,50.8,224,1212,1553
1:59:41,0.06,MISS,665440,50.9,224,1216,1561
1:59:43,0.06,HIT,665440,50.9,224,1216,1563
1:59:46,0.06,MISS,665440,51,224,1220,1606
1:59:48,0.06,HIT,665440,51,224,1220,1566
1:59:51,0.06,MISS,665840,51,224,1224,1553
1:59:54,0.06,HIT,665840,51.1,224,1224,1544
1:59:56,0.06,MISS,665840,51.1,224,1228,1550
1:59:59,0.06,HIT,665840,51.2,224,1228,1627
2:00:01,0.06,MISS,665840,51.2,224,1232,1627
2:00:04,0.06,HIT,665840,51.3,224,1232,1569
2:00:07,0.06,MISS,665840,51.3,224,1236,1553
2:00:09,0.06,HIT,665840,51.4,224,1236,1589
2:00:12,0.06,MISS,665840,51.4,224,1240,1593
2:00:14,0.06,HIT,665840,51.5,224,1240,1558
2:00:17,0.06,MISS,665840,51.5,224,1244,1575
2:00:19,0.06,HIT,665840,51.5,224,1244,1568
2:00:22,0.06,MISS,665840,51.6,224,1248,1600
2:00:25,0.06,HIT,665840,51.6,224,1248,1608
2:00:27,0.06,MISS,665840,51.7,224,1252,1521
2:00:30,0.06,HIT,665840,51.7,224,1252,1584
2:00:32,0.06,MISS,665840,51.8,224,1256,1614
2:00:35,0.06,HIT,665840,51.8,224,1256,1578
2:00:38,0.06,MISS,665840,51.8,224,1260,1572
2:00:40,0.06,HIT,665840,51.9,224,1260,1526
2:00:43,0.06,MISS,665840,51.9,224,1264,1575
2:00:45,0.06,HIT,665840,52,224,1264,1579
2:00:48,0.06,MISS,665840,52,224,1268,1576
2:00:50,0.06,HIT,665840,52.1,224,1268,1552
2:00:53,0.06,MISS,665840,52.1,224,1272,1579
2:00:56,0.06,HIT,665840,52.2,224,1272,1563
2:00:58,0.06,MISS,665840,52.2,224,1276,1577
2:01:01,0.06,HIT,665840,52.2,224,1276,1572
2:01:03,0.06,MISS,665840,52.3,224,1280,1562
2:01:06,0.06,HIT,665840,52.3,224,1280,1580
2:01:08,0.06,MISS,665840,52.4,224,1284,1608
2:01:11,0.06,HIT,665840,52.4,224,1284,1556
2:01:14,0.06,MISS,666240,52.5,224,1288,1552
2:01:16,0.06,HIT,666240,52.5,224,1288,1538
2:01:19,0.06,MISS,666240,52.5,224,1292,1591
2:01:21,0.06,HIT,666240,52.6,224,1292,1557
2:01:24,0.06,MISS,666240,52.6,224,1296,1574
2:01:26,0.06,HIT,666240,52.7,224,1296,1552
2:01:29,0.06,MISS,666240,52.7,224,1300,1602
2:01:32,0.06,HIT,666240,52.8,224,1300,1600
2:01:34,0.06,MISS,666240,52.8,224,1304,1609
2:01:37,0.06,HIT,666240,52.8,224,1304,1558
2:01:39,0.06,MISS,666240,52.9,224,1308,1565
2:01:42,0.06,HIT,666240,52.9,224,1308,1604
2:01:45,0.06,MISS,666240,53,224,1312,1582
2:01:47,0.06,HIT,666240,53,224,1312,1562
2:01:50,0.06,MISS,666240,53.1,224,1316,1589
2:01:52,0.06,HIT,666240,53.1,224,1316,1574
2:01:55,0.06,MISS,666240,53.1,224,1320,1586
2:01:57,0.06,HIT,666240,53.2,225,1320,1600
2:02:00,0.06,MISS,666240,53.2,225,1324,1530
2:02:03,0.06,HIT,666240,53.3,225,1324,1554
2:02:05,0.06,MISS,666240,53.3,225,1328,1593
2:02:08,0.06,HIT,666240,53.4,225,1328,1612
2:02:10,0.06,MISS,666240,53.4,225,1332,1547
2:02:13,0.06,HIT,666240,53.4,225,1332,1650
2:02:16,0.06,MISS,666240,53.5,225,1336,1595
2:02:18,0.06,HIT,666240,53.5,225,1336,1596
2:02:21,0.06,MISS,666240,53.6,225,1340,1550
2:02:23,0.06,HIT,666240,53.6,225,1340,1618
2:02:26,0.06,MISS,666240,53.7,225,1344,1575
2:02:29,0.06,HIT,666240,53.7,225,1344,1597
2:02:31,0.06,MISS,666240,53.7,225,1348,1558
2:02:34,0.06,HIT,666240,53.8,225,1348,1551
2:02:36,0.06,MISS,666640,53.8,225,1352,1543
2:02:39,0.06,HIT,666640,53.9,225,1352,1617
2:02:41,0.06,MISS,666640,53.9,225,1356,1606
2:02:44,0.06,HIT,666640,54,225,1356,1544
2:02:47,0.06,MISS,666640,54,225,1360,1578
2:02:49,0.06,HIT,666640,54,225,1360,1614
2:02:52,0.06,MISS,666640,54.1,225,1364,1572
2:02:54,0.06,HIT,666640,54.1,225,1364,1564
2:02:57,0.06,MISS,666640,54.2,225,1368,1558
2:02:59,0.06,HIT,666640,54.2,225,1368,1570
2:03:02,0.06,MISS,666640,54.2,225,1372,1567
2:03:05,0.06,HIT,666640,54.3,225,1372,1605
2:03:07,0.06,MISS,666640,54.3,225,1376,1556
2:03:10,0.06,HIT,666640,54.4,225,1376,1556
2:03:12,0.06,MISS,666640,54.4,225,1380,1590
2:03:15,0.06,HIT,666640,54.5,225,1380,1571
2:03:18,0.06,MISS,666640,54.5,225,1384,1598
2:03:20,0.06,HIT,666640,54.5,225,1384,1511
2:03:23,0.06,MISS,666640,54.6,225,1388,1572
2:03:25,0.06,HIT,666640,54.6,225,1388,1628
2:03:28,0.06,MISS,666640,54.7,225,1392,1607
2:03:30,0.06,HIT,666640,54.7,225,1392,1533
2:03:33,0.06,MISS,666640,54.7,225,1396,1550
2:03:35,0.06,HIT,666640,54.8,225,1396,1545
2:03:38,0.06,MISS,666640,54.8,225,1400,1608
2:03:41,0.06,HIT,666640,54.9,225,1400,1561
2:03:43,0.06,MISS,666640,54.9,225,1404,1548
2:03:46,0.06,HIT,666640,54.9,225,1404,1556
2:03:48,0.06,MISS,666640,55,225,1408,1564
2:03:51,0.06,HIT,666640,55,225,1408,1593
2:03:54,0.06,MISS,666640,55.1,225,1412,1563
2:03:56,0.06,HIT,666640,55.1,225,1412,1518
2:03:59,0.06,MISS,666640,55.2,225,1416,1567
2:04:01,0.06,HIT,666640,55.2,225,1416,1617
2:04:04,0.06,MISS,666640,55.2,225,1420,1579
2:04:06,0.06,HIT,666640,55.3,225,1420,1575
2:04:09,0.06,MISS,666640,55.3,225,1424,1536
2:04:12,0.06,HIT,666640,55.4,225,1424,1567
2:04:14,0.06,MISS,666640,55.4,225,1428,1615
2:04:17,0.06,HIT,666640,55.4,225,1428,1558
2:04:19,0.06,MISS,666640,55.5,225,1432,1575
2:04:22,0.06,HIT,666640,55.5,225,1432,1556
2:04:24,0.06,MISS,666640,55.6,225,1436,1634
2:04:27,0.06,HIT,666640,55.6,225,1436,1555
2:04:30,0.06,MISS,666640,55.6,225,1440,1573
2:04:32,0.06,HIT,666640,55.7,225,1440,1573
2:04:35,0.06,MISS,666640,55.7,225,1444,1622
2:04:37,0.06,HIT,666640,55.8,225,1444,1570
2:04:40,0.06,MISS,666640,55.8,225,1448,1583
2:04:43,0.06,HIT,666640,55.8,225,1448,1545
2:04:45,0.06,MISS,666640,55.9,225,1452,1554
2:04:48,0.06,HIT,666640,55.9,225,1452,1575
2:04:50,0.06,MISS,666640,56,225,1456,1586
2:04:53,0.06,HIT,666640,56,225,1456,1545
2:04:55,0.06,MISS,666640,56,225,1460,1549
2:04:58,0.06,HIT,666640,56.1,225,1460,1596
2:05:01,0.06,MISS,666640,56.1,225,1464,1619
2:05:03,0.06,HIT,666640,56.2,225,1464,1559
2:05:06,0.06,MISS,666640,56.2,225,1468,1559
2:05:08,0.06,HIT,666640,56.2,225,1468,1530
2:05:11,0.06,MISS,666640,56.3,225,1472,1596
2:05:13,0.06,HIT,666640,56.3,225,1472,1590
2:05:16,0.06,MISS,666640,56.4,225,1476,1553
2:05:19,0.06,HIT,666640,56.4,225,1476,1555
2:05:21,0.06,MISS,667440,56.4,225,1480,1554
2:05:24,0.06,HIT,667440,56.5,225,1480,1604
2:05:26,0.06,MISS,667440,56.5,225,1484,1532
2:05:29,0.06,HIT,667440,56.6,225,1484,1573
2:05:31,0.06,MISS,667440,56.6,225,1488,1513
2:05:34,0.06,HIT,667440,56.6,225,1488,1591
2:05:37,0.06,MISS,667440,56.7,225,1492,1599
2:05:39,0.06,HIT,667440,56.7,225,1492,1579
2:05:42,0.06,MISS,667440,56.8,225,1496,1584
2:05:44,0.06,HIT,667440,56.8,225,1496,1602
2:05:47,0.06,MISS,667440,56.8,225,1500,1607
2:05:49,0.06,HIT,667440,56.9,225,1500,1559
2:05:52,0.06,MISS,667440,56.9,225,1504,1568
2:05:55,0.06,HIT,667440,56.9,225,1504,1595
2:05:57,0.06,MISS,667440,57,225,1508,1556
2:06:00,0.06,HIT,667440,57,225,1508,1583
2:06:02,0.06,MISS,667440,57.1,225,1512,1572
2:06:05,0.06,HIT,667440,57.1,225,1512,1556
2:06:08,0.06,MISS,667440,57.1,225,1516,1578
2:06:10,0.06,HIT,667440,57.2,225,1516,1565
2:06:13,0.06,MISS,667440,57.2,225,1520,1588
2:06:15,0.06,HIT,667440,57.3,225,1520,1536
2:06:18,0.06,MISS,667440,57.3,225,1524,1588
2:06:20,0.06,HIT,667440,57.3,225,1524,1588
2:06:23,0.06,MISS,667440,57.4,225,1528,1603
2:06:26,0.06,HIT,667440,57.4,225,1528,1553
2:06:28,0.06,MISS,667440,57.5,225,1532,1543
2:06:31,0.06,HIT,667440,57.5,225,1532,1548
2:06:33,0.06,MISS,667440,57.5,225,1536,1618
2:06:36,0.06,HIT,667440,57.6,225,1536,1588
2:06:38,0.06,MISS,667440,57.6,225,1540,1550
2:06:41,0.06,HIT,667440,57.6,225,1540,1556
2:06:44,0.06,MISS,667840,57.7,225,1544,1588
2:06:46,0.06,HIT,667840,57.7,225,1544,1596
2:06:49,0.06,MISS,667840,57.8,225,1548,1585
2:06:51,0.06,HIT,667840,57.8,225,1548,1539
2:06:54,0.06,MISS,667840,57.8,225,1552,1568
2:06:56,0.06,HIT,667840,57.9,225,1552,1570
2:06:59,0.06,MISS,667840,57.9,225,1556,1606
2:07:02,0.06,HIT,667840,57.9,225,1556,1546
2:07:04,0.06,MISS,667840,58,225,1560,1542
2:07:07,0.06,HIT,667840,58,225,1560,1586
2:07:09,0.06,MISS,667840,58.1,225,1564,1615
2:07:12,0.06,HIT,667840,58.1,225,1564,1542
2:07:15,0.06,MISS,667840,58.1,225,1568,1608
2:07:17,0.06,HIT,667840,58.2,225,1568,1530
2:07:20,0.06,MISS,667840,58.2,225,1572,1573
2:07:22,0.06,HIT,667840,58.3,225,1572,1587
2:07:25,0.06,MISS,667840,58.3,225,1576,1574
2:07:27,0.06,HIT,667840,58.3,225,1576,1560
2:07:30,0.06,MISS,667840,58.4,225,1580,1637
2:07:33,0.06,HIT,667840,58.4,225,1580,1590
2:07:35,0.06,MISS,667840,58.4,225,1584,1551
2:07:38,0.06,HIT,667840,58.5,225,1584,1531
2:07:40,0.06,MISS,667840,58.5,225,1588,1530
2:07:43,0.06,HIT,667840,58.6,225,1588,1595
2:07:45,0.06,MISS,667840,58.6,225,1592,1637
2:07:48,0.06,HIT,667840,58.6,225,1592,1565
2:07:51,0.06,MISS,667840,58.7,225,1596,1576
2:07:53,0.06,HIT,667840,58.7,225,1596,1633
2:07:56,0.06,MISS,667840,58.7,225,1600,1597
2:07:58,0.07,HIT,667840,58.8,225,1600,1569
2:08:01,0.07,MISS,667840,58.8,225,1604,1587
2:08:04,0.07,HIT,667840,58.9,225,1604,1592
2:08:06,0.07,MISS,668240,58.9,225,1608,1585
2:08:09,0.07,HIT,668240,58.9,225,1608,1612
2:08:11,0.07,MISS,668240,59,225,1612,1570
2:08:14,0.07,HIT,668240,59,225,1612,1575
2:08:17,0.07,MISS,668240,59,225,1616,1632
2:08:19,0.07,HIT,668240,59.1,225,1616,1575
2:08:22,0.07,MISS,668240,59.1,225,1620,1549
2:08:24,0.07,HIT,668240,59.1,225,1620,1578
2:08:27,0.07,MISS,668240,59.2,225,1624,1573
2:08:29,0.07,HIT,668240,59.2,225,1624,1563
2:08:32,0.07,MISS,668240,59.3,225,1628,1560
2:08:35,0.07,HIT,668240,59.3,225,1628,1597
2:08:37,0.07,MISS,668240,59.3,225,1632,1568
2:08:40,0.07,HIT,668240,59.4,225,1632,1593
2:08:42,0.07,MISS,668240,59.4,225,1636,1587
2:08:45,0.07,HIT,668240,59.4,225,1636,1527
2:08:47,0.07,MISS,668240,59.5,225,1640,1536
2:08:50,0.07,HIT,668240,59.5,225,1640,1573
2:08:53,0.07,MISS,668240,59.6,225,1644,1568
2:08:55,0.07,HIT,668240,59.6,225,1644,1565
2:08:58,0.07,MISS,668240,59.6,225,1648,1563
2:09:00,0.07,HIT,668240,59.7,225,1648,1529
2:09:03,0.07,MISS,668240,59.7,225,1652,1576
2:09:05,0.07,HIT,668240,59.7,225,1652,1595
2:09:08,0.07,MISS,668240,59.8,225,1656,1613
2:09:11,0.07,HIT,668240,59.8,225,1656,1546
2:09:13,0.07,MISS,668240,59.8,225,1660,1599
2:09:16,0.07,HIT,668240,59.9,225,1660,1639
2:09:18,0.07,MISS,668240,59.9,225,1664,1557
2:09:21,0.07,HIT,668240,60,225,1664,1561
2:09:24,0.07,MISS,668240,60,225,1668,1576
2:09:26,0.07,HIT,668240,60,225,1668,1576
2:09:29,0.07,MISS,668640,60.1,225,1672,1625
2:09:31,0.07,HIT,668640,60.1,225,1672,1543
2:09:34,0.07,MISS,668640,60.1,225,1676,1583
2:09:36,0.07,HIT,668640,60.2,225,1676,1575
2:09:39,0.07,MISS,668640,60.2,225,1680,1652
2:09:42,0.07,HIT,668640,60.2,225,1680,1573
2:09:44,0.07,MISS,668640,60.3,225,1684,1558
2:09:47,0.07,HIT,668640,60.3,225,1684,1570
2:09:49,0.07,MISS,668640,60.3,225,1688,1615
2:09:52,0.07,HIT,668640,60.4,225,1688,1576
2:09:55,0.07,MISS,668640,60.4,225,1692,1576
2:09:57,0.07,HIT,668640,60.5,225,1692,1563
2:10:00,0.07,MISS,668640,60.5,225,1696,1616
2:10:02,0.07,HIT,668640,60.5,225,1696,1603
2:10:05,0.07,MISS,668640,60.6,225,1700,1587
2:10:08,0.07,HIT,668640,60.6,225,1700,1562
2:10:10,0.07,MISS,668640,60.6,225,1704,1612
2:10:13,0.07,HIT,668640,60.7,225,1704,1582
2:10:15,0.07,MISS,668640,60.7,225,1708,1552
2:10:18,0.07,HIT,668640,60.7,225,1708,1570
2:10:20,0.07,MISS,668640,60.8,225,1712,1569
2:10:23,0.07,HIT,668640,60.8,225,1712,1607
2:10:26,0.07,MISS,668640,60.8,225,1716,1559
2:10:28,0.07,HIT,668640,60.9,225,1716,1576
2:10:31,0.07,MISS,668640,60.9,225,1720,1543
2:10:34,0.07,HIT,668640,61,225,1720,1743
2:10:36,0.07,MISS,668640,61,225,1724,1680
2:10:39,0.07,HIT,668640,61,225,1724,1641
2:10:42,0.07,MISS,668640,61.1,225,1728,1736
2:10:44,0.07,HIT,668640,61.1,225,1728,1593
2:10:47,0.07,MISS,668640,61.1,225,1732,1564
2:10:49,0.07,HIT,668640,61.2,225,1732,1577
2:10:52,0.07,MISS,669040,61.2,225,1736,1573
2:10:55,0.07,HIT,669040,61.2,225,1736,1636
2:10:57,0.07,MISS,669040,61.3,225,1740,1543
2:11:00,0.07,HIT,669040,61.3,225,1740,1550
2:11:02,0.07,MISS,669040,61.3,225,1744,1542
2:11:05,0.07,HIT,669040,61.4,225,1744,1600
2:11:07,0.07,MISS,669040,61.4,225,1748,1582
2:11:10,0.07,HIT,669040,61.4,225,1748,1547
2:11:13,0.07,MISS,669040,61.5,225,1752,1568
2:11:15,0.07,HIT,669040,61.5,225,1752,1592
2:11:18,0.07,MISS,669040,61.5,226,1756,1620
2:11:20,0.07,HIT,669040,61.6,226,1756,1533
2:11:23,0.07,MISS,669040,61.6,226,1760,1552
2:11:25,0.07,HIT,669040,61.6,226,1760,1561
2:11:28,0.07,MISS,669040,61.7,226,1764,1601
2:11:31,0.07,HIT,669040,61.7,226,1764,1586
2:11:33,0.07,MISS,669040,61.8,226,1768,1560
2:11:36,0.07,HIT,669040,61.8,226,1768,1549
2:11:38,0.07,MISS,669040,61.8,226,1772,1550
2:11:41,0.07,HIT,669040,61.9,226,1772,1626
2:11:44,0.07,MISS,669040,61.9,226,1776,1603
2:11:46,0.07,HIT,669040,61.9,226,1776,1632
2:11:49,0.07,MISS,669040,62,226,1780,1557
2:11:51,0.07,HIT,669040,62,226,1780,1616
2:11:54,0.07,MISS,669040,62,226,1784,1571
2:11:56,0.07,HIT,669040,62.1,226,1784,1570
2:11:59,0.07,MISS,669040,62.1,226,1788,1617
2:12:02,0.07,HIT,669040,62.1,226,1788,1617
2:12:04,0.07,MISS,669040,62.2,226,1792,1564
2:12:07,0.07,HIT,669040,62.2,226,1792,1599
2:12:09,0.07,MISS,669040,62.2,226,1796,1542
2:12:12,0.07,HIT,669040,62.3,226,1796,1581
2:12:15,0.07,MISS,669440,62.3,226,1800,1643
2:12:17,0.07,HIT,669440,62.3,226,1800,1654
2:12:20,0.07,MISS,669440,62.4,226,1804,1580
2:12:23,0.07,HIT,669440,62.4,226,1804,1619
2:12:25,0.07,MISS,669440,62.4,226,1808,1576
2:12:28,0.07,HIT,669440,62.5,226,1808,1538
2:12:30,0.07,MISS,669440,62.5,226,1812,1527
2:12:33,0.07,HIT,669440,62.5,226,1812,1566
2:12:35,0.07,MISS,669440,62.6,226,1816,1595
2:12:38,0.07,HIT,669440,62.6,226,1816,1587
2:12:41,0.07,MISS,669440,62.6,226,1820,1568
2:12:43,0.07,HIT,669440,62.7,226,1820,1573
2:12:46,0.07,MISS,669440,62.7,226,1824,1551
2:12:48,0.07,HIT,669440,62.7,226,1824,1587
2:12:51,0.07,MISS,669440,62.8,226,1828,1597
2:12:53,0.07,HIT,669440,62.8,226,1828,1569
2:12:56,0.07,MISS,669440,62.8,226,1832,1584
2:12:59,0.07,HIT,669440,62.9,226,1832,1609
2:13:01,0.07,MISS,669440,62.9,226,1836,1578
2:13:04,0.07,HIT,669440,62.9,226,1836,1595
2:13:06,0.07,MISS,669440,63,226,1840,1599
2:13:09,0.07,HIT,669440,63,226,1840,1620
2:13:12,0.07,MISS,669440,63,226,1844,1601
2:13:14,0.07,HIT,669440,63.1,226,1844,1600
2:13:17,0.07,MISS,669440,63.1,226,1848,1543
2:13:19,0.07,HIT,669440,63.1,226,1848,1570
2:13:22,0.07,MISS,669440,63.2,226,1852,1602
2:13:25,0.07,HIT,669440,63.2,226,1852,1561
2:13:27,0.07,MISS,669440,63.2,226,1856,1541
2:13:30,0.07,HIT,669440,63.3,226,1856,1547
2:13:32,0.07,MISS,669440,63.3,226,1860,1583
2:13:35,0.07,HIT,669440,63.3,226,1860,1610
2:13:37,0.07,MISS,669840,63.4,226,1864,1552
2:13:40,0.07,HIT,669840,63.4,226,1864,1611
2:13:43,0.07,MISS,669840,63.4,226,1868,1599
2:13:45,0.07,HIT,669840,63.5,226,1868,1582
2:13:48,0.07,MISS,669840,63.5,226,1872,1580
2:13:50,0.07,HIT,669840,63.5,226,1872,1563
2:13:53,0.07,MISS,669840,63.6,226,1876,1569
2:13:56,0.07,HIT,669840,63.6,226,1876,1637
2:13:58,0.07,MISS,669840,63.6,226,1880,1568
2:14:01,0.07,HIT,669840,63.7,226,1880,1554
2:14:03,0.07,MISS,669840,63.7,226,1884,1662
2:14:06,0.07,HIT,669840,63.7,226,1884,1689
2:14:09,0.07,MISS,669840,63.8,226,1888,1560
2:14:11,0.07,HIT,669840,63.8,226,1888,1571
2:14:14,0.07,MISS,669840,63.8,226,1892,1644
2:14:16,0.07,HIT,669840,63.9,226,1892,1593
2:14:19,0.07,MISS,669840,63.9,226,1896,1608
2:14:22,0.07,HIT,669840,63.9,226,1896,1542
2:14:24,0.07,MISS,669840,64,226,1900,1577
2:14:27,0.07,HIT,669840,64,226,1900,1582
2:14:29,0.07,MISS,669840,64,226,1904,1626
2:14:32,0.07,HIT,669840,64.1,226,1904,1568
2:14:35,0.07,MISS,669840,64.1,226,1908,1590
2:14:37,0.07,HIT,669840,64.1,226,1908,1599
2:14:40,0.07,MISS,669840,64.2,226,1912,1582
2:14:42,0.07,HIT,669840,64.2,226,1912,1554
2:14:45,0.07,MISS,669840,64.2,226,1916,1583
2:14:47,0.07,HIT,669840,64.3,226,1916,1564
2:14:50,0.07,MISS,669840,64.3,226,1920,1600
2:14:53,0.07,HIT,669840,64.3,226,1920,1521
2:14:55,0.07,MISS,669840,64.4,226,1924,1584
2:14:58,0.07,HIT,669840,64.4,226,1924,1645
2:15:00,0.07,MISS,670240,64.4,226,1928,1621
2:15:03,0.07,HIT,670240,64.4,226,1928,1560
2:15:06,0.07,MISS,670240,64.5,226,1932,1567
2:15:08,0.07,HIT,670240,64.5,226,1932,1560
2:15:11,0.07,MISS,670240,64.5,226,1936,1571
2:15:13,0.07,HIT,670240,64.6,226,1936,1637
2:15:16,0.07,MISS,670240,64.6,226,1940,1564
2:15:18,0.07,HIT,670240,64.6,226,1940,1559
2:15:21,0.07,MISS,670240,64.7,226,1944,1564
2:15:24,0.07,HIT,670240,64.7,226,1944,1598
2:15:26,0.07,MISS,670240,64.7,226,1948,1587
2:15:29,0.07,HIT,670240,64.8,226,1948,1560
2:15:31,0.07,MISS,670240,64.8,226,1952,1529
2:15:34,0.07,HIT,670240,64.8,226,1952,1599
2:15:37,0.07,MISS,670240,64.9,226,1956,1643
2:15:39,0.07,HIT,670240,64.9,226,1956,1573
2:15:42,0.07,MISS,670240,64.9,226,1960,1575
2:15:44,0.07,HIT,670240,65,226,1960,1655
2:15:47,0.07,MISS,670240,65,226,1964,1648
2:15:50,0.07,HIT,670240,65,226,1964,1565
2:15:52,0.07,MISS,670240,65.1,226,1968,1550
2:15:55,0.07,HIT,670240,65.1,226,1968,1613
2:15:57,0.07,MISS,670240,65.1,226,1972,1597
2:16:00,0.07,HIT,670240,65.1,226,1972,1564
2:16:03,0.07,MISS,670240,65.2,226,1976,1572
2:16:05,0.07,HIT,670240,65.2,226,1976,1570
2:16:08,0.07,MISS,670240,65.2,226,1980,1575
2:16:10,0.07,HIT,670240,65.3,226,1980,1560
2:16:13,0.07,MISS,670240,65.3,226,1984,1555
2:16:15,0.07,HIT,670240,65.3,226,1984,1551
2:16:18,0.07,MISS,670240,65.4,226,1988,1598
2:16:21,0.07,HIT,670240,65.4,226,1988,1639
2:16:23,0.07,MISS,670640,65.4,226,1992,1553
2:16:26,0.07,HIT,670640,65.5,226,1992,1535
2:16:28,0.07,MISS,670640,65.5,226,1996,1563
2:16:31,0.07,HIT,670640,65.5,226,1996,1603
2:16:33,0.07,MISS,670640,65.6,226,2000,1569
2:16:36,0.07,HIT,670640,65.6,226,2000,1564
2:16:39,0.07,MISS,670640,65.6,226,2004,1521
2:16:41,0.07,HIT,670640,65.7,226,2004,1574
2:16:44,0.07,MISS,670640,65.7,226,2008,1603
2:16:46,0.07,HIT,670640,65.7,226,2008,1570
2:16:49,0.07,MISS,670640,65.7,226,2012,1552
2:16:51,0.07,HIT,670640,65.8,226,2012,1591
2:16:54,0.07,MISS,670640,65.8,226,2016,1596
2:16:57,0.07,HIT,670640,65.8,226,2016,1562
2:16:59,0.07,MISS,670640,65.9,226,2020,1627
2:17:02,0.07,HIT,670640,65.9,226,2020,1564
2:17:04,0.07,MISS,670640,65.9,226,2024,1646
2:17:07,0.07,HIT,670640,66,226,2024,1608
2:17:10,0.07,MISS,670640,66,226,2028,1561
2:17:12,0.07,HIT,670640,66,226,2028,1556
2:17:15,0.07,MISS,670640,66.1,226,2032,1587
2:17:17,0.07,HIT,670640,66.1,226,2032,1585
2:17:20,0.07,MISS,670640,66.1,226,2036,1562
2:17:22,0.07,HIT,670640,66.1,226,2036,1526
2:17:25,0.07,MISS,670640,66.2,226,2040,1558
2:17:28,0.07,HIT,670640,66.2,226,2040,1576
2:17:30,0.07,MISS,670640,66.2,226,2044,1579
2:17:33,0.07,HIT,670640,66.3,226,2044,1602
2:17:35,0.07,MISS,670640,66.3,226,2048,1609
2:17:38,0.07,HIT,670640,66.3,226,2048,1611
2:17:41,0.07,MISS,670640,66.4,226,2052,1561
2:17:43,0.07,HIT,670640,66.4,226,2052,1549
2:17:46,0.07,MISS,671040,66.4,226,2056,1548
2:17:48,0.07,HIT,671040,66.5,226,2056,1557
2:17:51,0.07,MISS,671040,66.5,226,2060,1608
2:17:53,0.07,HIT,671040,66.5,226,2060,1589
2:17:56,0.07,MISS,671040,66.5,226,2064,1542
2:17:59,0.07,HIT,671040,66.6,226,2064,1565
2:18:01,0.07,MISS,671040,66.6,226,2068,1621
2:18:04,0.07,HIT,671040,66.6,226,2068,1588
2:18:06,0.07,MISS,671040,66.7,226,2072,1542
2:18:09,0.07,HIT,671040,66.7,226,2072,1553
2:18:12,0.07,MISS,671040,66.7,226,2076,1599
2:18:14,0.07,HIT,671040,66.8,226,2076,1592
2:18:17,0.07,MISS,671040,66.8,226,2080,1569
2:18:19,0.07,HIT,671040,66.8,226,2080,1548
2:18:22,0.07,MISS,671040,66.9,226,2084,1580
2:18:24,0.07,HIT,671040,66.9,226,2084,1588
2:18:27,0.07,MISS,671040,66.9,226,2088,1571
2:18:30,0.07,HIT,671040,66.9,226,2088,1530
2:18:32,0.07,MISS,671040,67,226,2092,1620
2:18:35,0.07,HIT,671040,67,226,2092,1570
2:18:37,0.07,MISS,671040,67,226,2096,1623
2:18:40,0.07,HIT,671040,67.1,226,2096,1543
2:18:42,0.07,MISS,671040,67.1,226,2100,1544
2:18:45,0.07,HIT,671040,67.1,226,2100,1557
2:18:48,0.07,MISS,671040,67.2,226,2104,1625
2:18:50,0.07,HIT,671040,67.2,226,2104,1579
2:18:53,0.07,MISS,671040,67.2,226,2108,1537
2:18:55,0.07,HIT,671040,67.2,226,2108,1541
2:18:58,0.07,MISS,671040,67.3,226,2112,1599
2:19:01,0.07,HIT,671040,67.3,226,2112,1631
2:19:03,0.07,MISS,671040,67.3,226,2116,1573
2:19:06,0.07,HIT,671040,67.4,226,2116,1591
2:19:08,0.07,MISS,671456,67.4,226,2120,1555
2:19:11,0.07,HIT,671456,67.4,226,2120,1550
2:19:13,0.07,MISS,671456,67.4,226,2124,1589
2:19:16,0.07,HIT,671456,67.5,226,2124,1574
2:19:19,0.07,MISS,671456,67.5,226,2128,1570
2:19:21,0.07,HIT,671456,67.5,226,2128,1557
2:19:24,0.07,MISS,671456,67.6,226,2132,1629
2:19:26,0.07,HIT,671456,67.6,226,2132,1545
2:19:29,0.07,MISS,671456,67.6,226,2136,1555
2:19:31,0.07,HIT,671456,67.7,226,2136,1558
2:19:34,0.07,MISS,671456,67.7,226,2140,1565
2:19:37,0.07,HIT,671456,67.7,226,2140,1615
2:19:39,0.07,MISS,671456,67.7,226,2144,1751
2:19:42,0.07,HIT,671456,67.8,226,2144,1661
2:19:45,0.07,MISS,671456,67.8,226,2148,1640
2:19:48,0.07,HIT,671456,67.8,226,2148,2313
2:19:51,0.07,MISS,671456,67.9,226,2152,1716
2:19:53,0.07,HIT,671456,67.9,226,2152,1601
2:19:56,0.07,MISS,671456,67.9,226,2156,1606
2:19:59,0.07,HIT,671456,67.9,226,2156,1594
2:20:01,0.07,MISS,671456,68,226,2160,1609
2:20:04,0.07,HIT,671456,68,226,2160,1609
2:20:06,0.07,MISS,671456,68,226,2164,1577
2:20:09,0.07,HIT,671456,68.1,226,2164,1581
2:20:12,0.07,MISS,671456,68.1,226,2168,1584
2:20:14,0.07,HIT,671456,68.1,226,2168,1574
2:20:17,0.07,MISS,671456,68.1,226,2172,1563
2:20:19,0.07,HIT,671456,68.2,226,2172,1583
2:20:22,0.07,MISS,671456,68.2,226,2176,1584
2:20:24,0.07,HIT,671456,68.2,226,2176,1566
2:20:27,0.07,MISS,671456,68.3,226,2180,1547
2:20:30,0.07,HIT,671456,68.3,226,2180,1548
2:20:32,0.07,MISS,671456,68.3,227,2184,1620
2:20:35,0.07,HIT,671456,68.3,227,2184,1583
2:20:37,0.07,MISS,671856,68.4,227,2188,1537
2:20:40,0.07,HIT,671856,68.4,227,2188,1544
2:20:42,0.07,MISS,671856,68.4,227,2192,1563
2:20:45,0.07,HIT,671856,68.5,227,2192,1574
2:20:48,0.07,MISS,671856,68.5,227,2196,1568
2:20:50,0.07,HIT,671856,68.5,227,2196,1536
2:20:53,0.07,MISS,671856,68.5,227,2200,1575
2:20:55,0.07,HIT,671856,68.6,227,2200,1581
2:20:58,0.07,MISS,671856,68.6,227,2204,1600
2:21:00,0.07,HIT,671856,68.6,227,2204,1564
2:21:03,0.07,MISS,671856,68.7,227,2208,1539
2:21:05,0.07,HIT,671856,68.7,227,2208,1546
2:21:08,0.07,MISS,671856,68.7,227,2212,1616
2:21:11,0.07,HIT,671856,68.7,227,2212,1586
2:21:13,0.07,MISS,671856,68.8,227,2216,1557
2:21:16,0.07,HIT,671856,68.8,227,2216,1536
2:21:18,0.07,MISS,671856,68.8,227,2220,1590
2:21:21,0.07,HIT,671856,68.9,227,2220,1639
2:21:24,0.07,MISS,671856,68.9,227,2224,1600
2:21:26,0.07,HIT,671856,68.9,227,2224,1548
2:21:29,0.07,MISS,671856,68.9,227,2228,1585
2:21:31,0.07,HIT,671856,69,227,2228,1576
2:21:34,0.07,MISS,671856,69,227,2232,1572
2:21:37,0.07,HIT,671856,69,227,2232,1591
2:21:39,0.07,MISS,671856,69.1,227,2236,1592
2:21:42,0.07,HIT,671856,69.1,227,2236,1591
2:21:44,0.07,MISS,671856,69.1,227,2240,1562
2:21:47,0.07,HIT,671856,69.1,227,2240,1573
2:21:49,0.07,MISS,671856,69.2,227,2244,1546
2:21:52,0.07,HIT,671856,69.2,227,2244,1574
2:21:55,0.07,MISS,671856,69.2,227,2248,1626
2:21:57,0.07,HIT,671856,69.3,227,2248,1559
2:22:00,0.07,MISS,672256,69.3,227,2252,1551
2:22:02,0.07,HIT,672256,69.3,227,2252,1530
2:22:05,0.07,MISS,672256,69.3,227,2256,1611
2:22:08,0.07,HIT,672256,69.4,227,2256,1600
2:22:10,0.07,MISS,672256,69.4,227,2260,1548
2:22:13,0.07,HIT,672256,69.4,227,2260,1534
2:22:15,0.07,MISS,672256,69.5,227,2264,1587
2:22:18,0.07,HIT,672256,69.5,227,2264,1611
2:22:20,0.07,MISS,672256,69.5,227,2268,1554
2:22:23,0.07,HIT,672256,69.5,227,2268,1553
2:22:25,0.07,MISS,672256,69.6,227,2272,1553
2:22:28,0.07,HIT,672256,69.6,227,2272,1616
2:22:31,0.07,MISS,672256,69.6,227,2276,1584
2:22:33,0.07,HIT,672256,69.7,227,2276,1536
2:22:36,0.07,MISS,672256,69.7,227,2280,1529
2:22:38,0.07,HIT,672256,69.7,227,2280,1581
2:22:41,0.07,MISS,672256,69.7,227,2284,1655
2:22:44,0.07,HIT,672256,69.8,227,2284,1609
2:22:46,0.07,MISS,672256,69.8,227,2288,1556
2:22:49,0.07,HIT,672256,69.8,227,2288,1561
2:22:51,0.07,MISS,672256,69.8,227,2292,1591
2:22:54,0.07,HIT,672256,69.9,227,2292,1588
2:22:56,0.07,MISS,672256,69.9,227,2296,1573
2:22:59,0.07,HIT,672256,69.9,227,2296,1584
2:23:02,0.07,MISS,672256,70,227,2300,1643
2:23:04,0.07,HIT,672256,70,227,2300,1620
2:23:07,0.07,MISS,672256,70,227,2304,1589
2:23:09,0.07,HIT,672256,70,227,2304,1535
2:23:12,0.07,MISS,672256,70.1,227,2308,1565
2:23:15,0.07,HIT,672256,70.1,227,2308,1594
2:23:17,0.07,MISS,672256,70.1,227,2312,1577
2:23:20,0.07,HIT,672656,70.2,227,2312,1547
2:23:22,0.07,MISS,672656,70.2,227,2316,1557
2:23:25,0.07,HIT,672656,70.2,227,2316,1624
2:23:28,0.07,MISS,672656,70.2,227,2320,1628
2:23:30,0.07,HIT,672656,70.3,227,2320,1583
2:23:33,0.07,MISS,672656,70.3,227,2324,1568
2:23:35,0.07,HIT,672656,70.3,227,2324,1559
2:23:38,0.07,MISS,672656,70.3,227,2328,1618
2:23:41,0.07,HIT,672656,70.4,227,2328,1556
2:23:43,0.07,MISS,672656,70.4,227,2332,1562
2:23:46,0.07,HIT,672656,70.4,227,2332,1614
2:23:48,0.07,MISS,672656,70.5,227,2336,1618
2:23:51,0.07,HIT,672656,70.5,227,2336,1563
2:23:53,0.07,MISS,672656,70.5,227,2340,1594
2:23:56,0.07,HIT,672656,70.5,227,2340,1588
2:23:59,0.07,MISS,672656,70.6,227,2344,1611
2:24:01,0.07,HIT,672656,70.6,227,2344,1582
2:24:04,0.07,MISS,672656,70.6,227,2348,1542
2:24:06,0.07,HIT,672656,70.6,227,2348,1573
2:24:09,0.07,MISS,672656,70.7,227,2352,1614
2:24:12,0.07,HIT,672656,70.7,227,2352,1602
2:24:14,0.07,MISS,672656,70.7,227,2356,1544
2:24:17,0.07,HIT,672656,70.7,227,2356,1575
2:24:19,0.07,MISS,672656,70.8,227,2360,1564
2:24:22,0.07,HIT,672656,70.8,227,2360,1604
2:24:25,0.07,MISS,672656,70.8,227,2364,1619
2:24:27,0.07,HIT,672656,70.9,227,2364,1598
2:24:30,0.07,MISS,672656,70.9,227,2368,1585
2:24:32,0.07,HIT,672656,70.9,227,2368,1585
2:24:35,0.07,MISS,672656,70.9,227,2372,1569
2:24:37,0.07,HIT,672656,71,227,2372,1566
2:24:40,0.07,MISS,673040,71,227,2376,1578
2:24:43,0.08,HIT,673040,71,227,2376,1579
2:24:45,0.08,MISS,673040,71,227,2380,1606
2:24:48,0.08,HIT,673040,71.1,227,2380,1604
2:24:50,0.08,MISS,673040,71.1,227,2384,1559
2:24:53,0.08,HIT,673040,71.1,227,2384,1577
2:24:56,0.08,MISS,673040,71.2,227,2388,1622
2:24:58,0.08,HIT,673040,71.2,227,2388,1563
2:25:01,0.08,MISS,673040,71.2,227,2392,1611
2:25:03,0.08,HIT,673040,71.2,227,2392,1565
2:25:06,0.08,MISS,673040,71.3,227,2396,1602
2:25:09,0.08,HIT,673040,71.3,227,2396,1574
2:25:11,0.08,MISS,673040,71.3,227,2400,1568
2:25:14,0.08,HIT,673040,71.3,227,2400,1603
2:25:16,0.08,MISS,673040,71.4,227,2404,1588
2:25:19,0.08,HIT,673040,71.4,227,2404,1608
2:25:21,0.08,MISS,673040,71.4,227,2408,1552
2:25:24,0.08,HIT,673040,71.4,227,2408,1571
2:25:27,0.08,MISS,673040,71.5,227,2412,1585
2:25:29,0.08,HIT,673040,71.5,227,2412,1589
2:25:32,0.08,MISS,673040,71.5,227,2416,1582
2:25:34,0.08,HIT,673040,71.5,227,2416,1561
2:25:37,0.08,MISS,673040,71.6,227,2420,1545
2:25:40,0.08,HIT,673040,71.6,227,2420,1624
2:25:42,0.08,MISS,673040,71.6,227,2424,1577
2:25:45,0.08,HIT,673040,71.7,227,2424,1586
2:25:47,0.08,MISS,673040,71.7,227,2428,1558
2:25:50,0.08,HIT,673040,71.7,227,2428,1580
2:25:52,0.08,MISS,673040,71.7,227,2432,1589
2:25:55,0.08,HIT,673040,71.8,227,2432,1591
2:25:58,0.08,MISS,673040,71.8,227,2436,1565
2:26:00,0.08,HIT,673040,71.8,227,2436,1588
2:26:03,0.08,MISS,673440,71.8,227,2440,1602
2:26:05,0.08,HIT,673440,71.9,227,2440,1601
2:26:08,0.08,MISS,673440,71.9,227,2444,1561
2:26:11,0.08,HIT,673440,71.9,227,2444,1611
2:26:13,0.08,MISS,673440,71.9,227,2448,1640
2:26:16,0.08,HIT,673440,72,227,2448,1653
2:26:18,0.08,MISS,673440,72,227,2452,1552
2:26:21,0.08,HIT,673440,72,227,2452,1552
2:26:24,0.08,MISS,673440,72,227,2456,1636
2:26:26,0.08,HIT,673440,72.1,227,2456,1604
2:26:29,0.08,MISS,673440,72.1,227,2460,1637
2:26:32,0.08,HIT,673440,72.1,227,2460,1607
2:26:34,0.08,MISS,673440,72.1,227,2464,1611
2:26:37,0.08,HIT,673440,72.2,227,2464,1591
2:26:39,0.08,MISS,673440,72.2,227,2468,1535
2:26:42,0.08,HIT,673440,72.2,227,2468,1563
2:26:44,0.08,MISS,673440,72.3,227,2472,1561
2:26:47,0.08,HIT,673440,72.3,227,2472,1594
2:26:50,0.08,MISS,673440,72.3,227,2476,1621
2:26:52,0.08,HIT,673440,72.3,227,2476,1581
2:26:55,0.08,MISS,673440,72.4,227,2480,1589
2:26:57,0.08,HIT,673440,72.4,227,2480,1592
2:27:00,0.08,MISS,673440,72.4,227,2484,1584
2:27:03,0.08,HIT,673440,72.4,227,2484,1571
2:27:05,0.08,MISS,673440,72.5,227,2488,1556
2:27:08,0.08,HIT,673440,72.5,227,2488,1570
2:27:10,0.08,MISS,673440,72.5,227,2492,1604
2:27:13,0.08,HIT,673440,72.5,227,2492,1557
2:27:15,0.08,MISS,673440,72.6,227,2496,1584
2:27:18,0.08,HIT,673440,72.6,227,2496,1590
2:27:21,0.08,MISS,673440,72.6,227,2500,1587
2:27:23,0.08,HIT,673440,72.6,227,2500,1633
2:27:26,0.08,MISS,673840,72.7,227,2504,1597
2:27:28,0.08,HIT,673840,72.7,227,2504,1577
2:27:31,0.08,MISS,673840,72.7,227,2508,1590
2:27:34,0.08,HIT,673840,72.7,227,2508,1621
2:27:36,0.08,MISS,673840,72.8,227,2512,1556
2:27:39,0.08,HIT,673840,72.8,227,2512,1588
2:27:41,0.08,MISS,673840,72.8,227,2516,1603
2:27:44,0.08,HIT,673840,72.8,227,2516,1572
2:27:47,0.08,MISS,673840,72.9,227,2520,1588
2:27:49,0.08,HIT,673840,72.9,227,2520,1590
2:27:52,0.08,MISS,673840,72.9,227,2524,1614
2:27:54,0.08,HIT,673840,72.9,227,2524,1632
2:27:57,0.08,MISS,673840,73,227,2528,1591
2:28:00,0.08,HIT,673840,73,227,2528,1554
2:28:02,0.08,MISS,673840,73,227,2532,1578
2:28:05,0.08,HIT,673840,73,227,2532,1592
2:28:07,0.08,MISS,673840,73.1,227,2536,1584
2:28:10,0.08,HIT,673840,73.1,227,2536,1589
2:28:13,0.08,MISS,673840,73.1,227,2540,1585
2:28:15,0.08,HIT,673840,73.1,227,2540,1576
2:28:18,0.08,MISS,673840,73.2,227,2544,1619
2:28:20,0.08,HIT,673840,73.2,227,2544,1574
2:28:23,0.08,MISS,673840,73.2,227,2548,1588
2:28:26,0.08,HIT,673840,73.2,227,2548,1594
2:28:28,0.08,MISS,673840,73.3,227,2552,1634
2:28:31,0.08,HIT,673840,73.3,227,2552,1583
2:28:33,0.08,MISS,673840,73.3,227,2556,1575
2:28:36,0.08,HIT,673840,73.3,227,2556,1554
2:28:39,0.08,MISS,673840,73.4,227,2560,1625
2:28:41,0.08,HIT,673840,73.4,227,2560,1605
2:28:44,0.08,MISS,673840,73.4,227,2564,1568
2:28:46,0.08,HIT,673840,73.4,227,2564,1550
2:28:49,0.08,MISS,674240,73.5,227,2568,1636
2:28:52,0.08,HIT,674240,73.5,227,2568,1603
2:28:54,0.08,MISS,674240,73.5,227,2572,1572
2:28:57,0.08,HIT,674240,73.5,227,2572,1541
2:28:59,0.08,MISS,674240,73.6,227,2576,1543
2:29:02,0.08,HIT,674240,73.6,227,2576,1604
2:29:04,0.08,MISS,674240,73.6,227,2580,1591
2:29:07,0.08,HIT,674240,73.6,227,2580,1564
2:29:10,0.08,MISS,674240,73.7,227,2584,1566
2:29:12,0.08,HIT,674240,73.7,227,2584,1653
2:29:15,0.08,MISS,674240,73.7,227,2588,1645
2:29:17,0.08,HIT,674240,73.7,227,2588,1570
2:29:20,0.08,MISS,674240,73.8,227,2592,1588
2:29:23,0.08,HIT,674240,73.8,227,2592,1650
2:29:25,0.08,MISS,674240,73.8,227,2596,1641
2:29:28,0.08,HIT,674240,73.8,227,2596,1582
2:29:31,0.08,MISS,674240,73.9,227,2600,1612
2:29:33,0.08,HIT,674240,73.9,227,2600,1609
2:29:36,0.08,MISS,674240,73.9,227,2604,1636
2:29:38,0.08,HIT,674240,73.9,227,2604,1609
2:29:41,0.08,MISS,674240,74,227,2608,1629
2:29:44,0.08,HIT,674240,74,227,2608,1619
2:29:46,0.08,MISS,674240,74,228,2612,1609
2:29:49,0.08,HIT,674240,74,228,2612,1586
2:29:51,0.08,MISS,674240,74,228,2616,1562
2:29:54,0.08,HIT,674240,74.1,228,2616,1646
2:29:57,0.08,MISS,674240,74.1,228,2620,1581
2:29:59,0.08,HIT,674240,74.1,228,2620,1581
2:30:02,0.08,MISS,674240,74.1,228,2624,1620
2:30:04,0.08,HIT,674240,74.2,228,2624,1620
2:30:07,0.08,MISS,674240,74.2,228,2628,1596
2:30:10,0.08,HIT,674240,74.2,228,2628,1543
2:30:12,0.08,MISS,674640,74.2,228,2632,1550
2:30:15,0.08,HIT,674640,74.3,228,2632,1603
2:30:17,0.08,MISS,674640,74.3,228,2636,1577
2:30:20,0.08,HIT,674640,74.3,228,2636,1577
2:30:22,0.08,MISS,674640,74.3,228,2640,1548
2:30:25,0.08,HIT,674640,74.4,228,2640,1584
2:30:28,0.08,MISS,674640,74.4,228,2644,1599
2:30:30,0.08,HIT,674640,74.4,228,2644,1580
2:30:33,0.08,MISS,674640,74.4,228,2648,1549
2:30:35,0.08,HIT,674640,74.5,228,2648,1553
2:30:38,0.08,MISS,674640,74.5,228,2652,1578
2:30:41,0.08,HIT,674640,74.5,228,2652,1592
2:30:43,0.08,MISS,674640,74.5,228,2656,1553
2:30:46,0.08,HIT,674640,74.6,228,2656,1564
2:30:48,0.08,MISS,674640,74.6,228,2660,1542
2:30:51,0.08,HIT,674640,74.6,228,2660,1643
2:30:54,0.08,MISS,674640,74.6,228,2664,1624
2:30:56,0.08,HIT,674640,74.7,228,2664,1565
2:30:59,0.08,MISS,674640,74.7,228,2668,1569
2:31:01,0.08,HIT,674640,74.7,228,2668,1601
2:31:04,0.08,MISS,674640,74.7,228,2672,1795
2:31:07,0.08,HIT,674640,74.7,228,2672,1575
2:31:09,0.08,MISS,674640,74.8,228,2676,1593
2:31:12,0.08,HIT,674640,74.8,228,2676,1601
2:31:14,0.08,MISS,674640,74.8,228,2680,1600
2:31:17,0.08,HIT,674640,74.8,228,2680,1601
2:31:20,0.08,MISS,674640,74.9,228,2684,1558
2:31:22,0.08,HIT,674640,74.9,228,2684,1595
2:31:25,0.08,MISS,674640,74.9,228,2688,1701
2:31:27,0.08,HIT,674640,74.9,228,2688,1533
2:31:30,0.08,MISS,674640,75,228,2692,1549
2:31:33,0.08,HIT,674640,75,228,2692,1671
2:31:35,0.08,MISS,675040,75,228,2696,1576
2:31:38,0.08,HIT,675040,75,228,2696,1575
2:31:40,0.08,MISS,675040,75.1,228,2700,1577
2:31:43,0.08,HIT,675040,75.1,228,2700,1576
2:31:46,0.08,MISS,675040,75.1,228,2704,1608
2:31:48,0.08,HIT,675040,75.1,228,2704,1557
2:31:51,0.08,MISS,675040,75.1,228,2708,1615
2:31:54,0.08,HIT,675040,75.2,228,2708,1882
2:31:56,0.08,MISS,675040,75.2,228,2712,1572
2:31:59,0.08,HIT,675040,75.2,228,2712,1593
2:32:01,0.08,MISS,675040,75.2,228,2716,1577
2:32:04,0.08,HIT,675040,75.3,228,2716,1568
2:32:07,0.08,MISS,675040,75.3,228,2720,1565
2:32:09,0.08,HIT,675040,75.3,228,2720,1565
2:32:12,0.08,MISS,675040,75.3,228,2724,1535
2:32:14,0.08,HIT,675040,75.4,228,2724,1629
2:32:17,0.08,MISS,675040,75.4,228,2728,1632
2:32:20,0.08,HIT,675040,75.4,228,2728,1581
2:32:22,0.08,MISS,675040,75.4,228,2732,1550
2:32:25,0.08,HIT,675040,75.5,228,2732,1606
2:32:27,0.08,MISS,675040,75.5,228,2736,1568
2:32:30,0.08,HIT,675040,75.5,228,2736,1556
2:32:32,0.08,MISS,675040,75.5,228,2740,1548
2:32:35,0.08,HIT,675040,75.5,228,2740,1557
2:32:38,0.08,MISS,675040,75.6,228,2744,1591
2:32:40,0.08,HIT,675040,75.6,228,2744,1591
2:32:43,0.08,MISS,675040,75.6,228,2748,1594
2:32:45,0.08,HIT,675040,75.6,228,2748,1561
2:32:48,0.08,MISS,675040,75.7,228,2752,1611
2:32:51,0.08,HIT,675040,75.7,228,2752,1649
2:32:53,0.08,MISS,675040,75.7,228,2756,1583
2:32:56,0.08,HIT,675040,75.7,228,2756,1571
2:32:58,0.08,MISS,675040,75.8,228,2760,1577
2:33:01,0.08,HIT,675040,75.8,228,2760,1662
2:33:04,0.08,MISS,675040,75.8,228,2764,1600
2:33:06,0.08,HIT,675040,75.8,228,2764,1571
2:33:09,0.08,MISS,675040,75.8,228,2768,1564
2:33:11,0.08,HIT,675040,75.9,228,2768,1588
2:33:14,0.08,MISS,675040,75.9,228,2772,1587
2:33:16,0.08,HIT,675040,75.9,228,2772,1563
2:33:19,0.08,MISS,675040,75.9,228,2776,1593
2:33:22,0.08,HIT,675040,76,228,2776,1583
2:33:24,0.08,MISS,675040,76,228,2780,1624
2:33:27,0.08,HIT,675040,76,228,2780,1627
2:33:30,0.08,MISS,675040,76,228,2784,1604
2:33:32,0.08,HIT,675040,76.1,228,2784,1576
2:33:35,0.08,MISS,675040,76.1,228,2788,1623
2:33:37,0.08,HIT,675040,76.1,228,2788,1572
2:33:40,0.08,MISS,675040,76.1,228,2792,1563
2:33:42,0.08,HIT,675040,76.1,228,2792,1564
2:33:45,0.08,MISS,675040,76.2,228,2796,1603
2:33:48,0.08,HIT,675040,76.2,228,2796,1583
2:33:50,0.08,MISS,675040,76.2,228,2800,1561
2:33:53,0.08,HIT,675040,76.2,228,2800,1533
2:33:55,0.08,MISS,675040,76.3,228,2804,1570
2:33:58,0.08,HIT,675040,76.3,228,2804,1625
2:34:01,0.08,MISS,675040,76.3,228,2808,1605
2:34:03,0.08,HIT,675040,76.3,228,2808,1568
2:34:06,0.08,MISS,675040,76.3,228,2812,1589
2:34:08,0.08,HIT,675040,76.4,228,2812,1590
2:34:11,0.08,MISS,675040,76.4,228,2816,1552
2:34:13,0.08,HIT,675040,76.4,228,2816,1548
2:34:16,0.08,MISS,675040,76.4,228,2820,1591
2:34:19,0.08,HIT,675040,76.5,228,2820,1595
2:34:21,0.08,MISS,675840,76.5,228,2824,1620
2:34:24,0.08,HIT,675840,76.5,228,2824,1587
2:34:26,0.08,MISS,675840,76.5,228,2828,1563
2:34:29,0.08,HIT,675840,76.6,228,2828,1602
2:34:32,0.08,MISS,675840,76.6,228,2832,1613
2:34:34,0.08,HIT,675840,76.6,228,2832,1582
2:34:37,0.08,MISS,675840,76.6,228,2836,1567
2:34:39,0.08,HIT,675840,76.6,228,2836,1671
2:34:42,0.08,MISS,675840,76.7,228,2840,1628
2:34:45,0.08,HIT,675840,76.7,228,2840,1596
2:34:47,0.08,MISS,675840,76.7,228,2844,1547
2:34:50,0.08,HIT,675840,76.7,228,2844,1595
2:34:52,0.08,MISS,675840,76.8,228,2848,1643
2:34:55,0.08,HIT,675840,76.8,228,2848,1597
2:34:58,0.08,MISS,675840,76.8,228,2852,1574
2:35:00,0.08,HIT,675840,76.8,228,2852,1614
2:35:03,0.08,MISS,675840,76.8,228,2856,1605
2:35:05,0.08,HIT,675840,76.9,228,2856,1586
2:35:08,0.08,MISS,675840,76.9,228,2860,1583
2:35:11,0.08,HIT,675840,76.9,228,2860,1590
2:35:13,0.08,MISS,675840,76.9,228,2864,1618
2:35:16,0.08,HIT,675840,77,228,2864,1588
2:35:18,0.08,MISS,675840,77,228,2868,1580
2:35:21,0.08,HIT,675840,77,228,2868,1558
2:35:24,0.08,MISS,675840,77,228,2872,1645
2:35:26,0.08,HIT,675840,77,228,2872,1575
2:35:29,0.08,MISS,675840,77.1,228,2876,1593
2:35:31,0.08,HIT,675840,77.1,228,2876,1556
2:35:34,0.08,MISS,675840,77.1,228,2880,1597
2:35:37,0.08,HIT,675840,77.1,228,2880,1579
2:35:39,0.08,MISS,675840,77.2,228,2884,1583
2:35:42,0.08,HIT,675840,77.2,228,2884,1584
2:35:44,0.08,MISS,676256,77.2,228,2888,1577
2:35:47,0.08,HIT,676256,77.2,228,2888,1582
2:35:50,0.08,MISS,676256,77.2,228,2892,1594
2:35:52,0.08,HIT,676256,77.3,228,2892,1538
2:35:55,0.08,MISS,676256,77.3,228,2896,1606
2:35:57,0.08,HIT,676256,77.3,228,2896,1580
2:36:00,0.08,MISS,676256,77.3,228,2900,1594
2:36:02,0.08,HIT,676256,77.4,228,2900,1611
2:36:05,0.08,MISS,676256,77.4,228,2904,1584
2:36:08,0.08,HIT,676256,77.4,228,2904,1584
2:36:10,0.08,MISS,676256,77.4,228,2908,1597
2:36:13,0.08,HIT,676256,77.4,228,2908,1608
2:36:15,0.08,MISS,676256,77.5,228,2912,1555
2:36:18,0.08,HIT,676256,77.5,228,2912,1589
2:36:21,0.08,MISS,676256,77.5,228,2916,1588
2:36:23,0.08,HIT,676256,77.5,228,2916,1637
2:36:26,0.08,MISS,676256,77.5,228,2920,1596
2:36:28,0.08,HIT,676256,77.6,228,2920,1618
2:36:31,0.08,MISS,676256,77.6,228,2924,1626
2:36:34,0.08,HIT,676256,77.6,228,2924,1601
2:36:36,0.08,MISS,676256,77.6,228,2928,1566
2:36:39,0.08,HIT,676256,77.7,228,2928,1596
2:36:41,0.08,MISS,676256,77.7,228,2932,1625
2:36:44,0.08,HIT,676256,77.7,228,2932,1589
2:36:47,0.08,MISS,676256,77.7,228,2936,1596
2:36:49,0.08,HIT,676256,77.7,228,2936,1569
2:36:52,0.08,MISS,676256,77.8,228,2940,1643
2:36:55,0.08,HIT,676256,77.8,228,2940,1617
2:36:57,0.08,MISS,676256,77.8,228,2944,1554
2:37:00,0.08,HIT,676256,77.8,228,2944,1615
2:37:02,0.08,MISS,676256,77.9,228,2948,1583
2:37:05,0.08,HIT,676256,77.9,228,2948,1679
2:37:08,0.08,MISS,676656,77.9,228,2952,1595
2:37:10,0.08,HIT,676656,77.9,228,2952,1581
2:37:13,0.08,MISS,676656,77.9,228,2956,1611
2:37:15,0.08,HIT,676656,78,228,2956,1592
2:37:18,0.08,MISS,676656,78,228,2960,1591
2:37:21,0.08,HIT,676656,78,228,2960,1578
2:37:23,0.08,MISS,676656,78,228,2964,1567
2:37:26,0.08,HIT,676656,78,228,2964,1617
2:37:28,0.08,MISS,676656,78.1,228,2968,1589
2:37:31,0.08,HIT,676656,78.1,228,2968,1566
2:37:33,0.08,MISS,676656,78.1,228,2972,1578
2:37:36,0.08,HIT,676656,78.1,228,2972,1572
2:37:39,0.08,MISS,676656,78.2,228,2976,1614
2:37:41,0.08,HIT,676656,78.2,228,2976,1556
2:37:44,0.08,MISS,676656,78.2,228,2980,1594
2:37:46,0.08,HIT,676656,78.2,228,2980,1566
2:37:49,0.08,MISS,676656,78.2,228,2984,1640
2:37:52,0.08,HIT,676656,78.3,228,2984,1595
2:37:54,0.08,MISS,676656,78.3,228,2988,1590
2:37:57,0.08,HIT,676656,78.3,228,2988,1570
2:37:59,0.08,MISS,676656,78.3,228,2992,1596
2:38:02,0.08,HIT,676656,78.3,228,2992,1603
2:38:05,0.08,MISS,676656,78.4,228,2996,1634
2:38:07,0.08,HIT,676656,78.4,228,2996,1553
2:38:10,0.08,MISS,676656,78.4,228,3000,1617
2:38:12,0.08,HIT,676656,78.4,228,3000,1623
2:38:15,0.08,MISS,676656,78.4,228,3004,1557
2:38:18,0.08,HIT,676656,78.5,228,3004,1561
2:38:20,0.08,MISS,676656,78.5,228,3008,1575
2:38:23,0.08,HIT,676656,78.5,228,3008,1658
2:38:25,0.08,MISS,676656,78.5,228,3012,1551
2:38:28,0.08,HIT,676656,78.6,228,3012,1567
2:38:31,0.08,MISS,677056,78.6,228,3016,1589
2:38:33,0.08,HIT,677056,78.6,228,3016,1594
2:38:36,0.08,MISS,677056,78.6,228,3020,1577
2:38:38,0.08,HIT,677056,78.6,228,3020,1548
2:38:41,0.08,MISS,677056,78.7,228,3024,1613
2:38:44,0.08,HIT,677056,78.7,228,3024,1625
2:38:46,0.08,MISS,677056,78.7,228,3028,1623
2:38:49,0.08,HIT,677056,78.7,228,3028,1568
2:38:51,0.08,MISS,677056,78.7,228,3032,1576
2:38:54,0.08,HIT,677056,78.8,228,3032,1618
2:38:57,0.08,MISS,677056,78.8,228,3036,1616
2:38:59,0.08,HIT,677056,78.8,228,3036,1585
2:39:02,0.08,MISS,677056,78.8,228,3040,1613
2:39:04,0.08,HIT,677056,78.8,228,3040,1600
2:39:07,0.08,MISS,677056,78.9,229,3044,1612
2:39:10,0.08,HIT,677056,78.9,229,3044,1593
2:39:12,0.08,MISS,677056,78.9,229,3048,1556
2:39:15,0.08,HIT,677056,78.9,229,3048,1614
2:39:17,0.08,MISS,677056,78.9,229,3052,1608
2:39:20,0.08,HIT,677056,79,229,3052,1625
2:39:23,0.08,MISS,677056,79,229,3056,1572
2:39:25,0.08,HIT,677056,79,229,3056,1606
2:39:28,0.08,MISS,677056,79,229,3060,1613
2:39:30,0.08,HIT,677056,79.1,229,3060,1572
2:39:33,0.08,MISS,677056,79.1,229,3064,1579
2:39:36,0.08,HIT,677056,79.1,229,3064,1541
2:39:38,0.08,MISS,677056,79.1,229,3068,1628
2:39:41,0.08,HIT,677056,79.1,229,3068,1635
2:39:43,0.08,MISS,677056,79.2,229,3072,1581
2:39:46,0.08,HIT,677056,79.2,229,3072,1580
2:39:49,0.08,MISS,677056,79.2,229,3076,1603
2:39:51,0.08,HIT,677056,79.2,229,3076,1569
2:39:54,0.08,MISS,677456,79.2,229,3080,1597
2:39:56,0.08,HIT,677456,79.3,229,3080,1563
2:39:59,0.08,MISS,677456,79.3,229,3084,1648
2:40:02,0.08,HIT,677456,79.3,229,3084,1619
2:40:04,0.08,MISS,677456,79.3,229,3088,1530
2:40:07,0.08,HIT,677456,79.3,229,3088,1547
2:40:09,0.08,MISS,677456,79.4,229,3092,1585
2:40:12,0.08,HIT,677456,79.4,229,3092,1631
2:40:14,0.08,MISS,677456,79.4,229,3096,1579
2:40:17,0.08,HIT,677456,79.4,229,3096,1571
2:40:20,0.08,MISS,677456,79.4,229,3100,1609
2:40:22,0.08,HIT,677456,79.5,229,3100,1587
2:40:25,0.08,MISS,677456,79.5,229,3104,1579
2:40:27,0.08,HIT,677456,79.5,229,3104,1564
2:40:30,0.08,MISS,677456,79.5,229,3108,1564
2:40:33,0.08,HIT,677456,79.5,229,3108,1590
2:40:35,0.08,MISS,677456,79.6,229,3112,1596
2:40:38,0.08,HIT,677456,79.6,229,3112,1563
2:40:40,0.08,MISS,677456,79.6,229,3116,1566
2:40:43,0.08,HIT,677456,79.6,229,3116,1583
2:40:45,0.08,MISS,677456,79.6,229,3120,1608
2:40:48,0.08,HIT,677456,79.7,229,3120,1594
2:40:51,0.08,MISS,677456,79.7,229,3124,1591
2:40:53,0.08,HIT,677456,79.7,229,3124,1586
2:40:56,0.08,MISS,677456,79.7,229,3128,1625
2:40:59,0.08,HIT,677456,79.7,229,3128,1606
2:41:01,0.08,MISS,677456,79.8,229,3132,1574
2:41:04,0.08,HIT,677456,79.8,229,3132,1582
2:41:06,0.08,MISS,677456,79.8,229,3136,1631
2:41:09,0.08,HIT,677456,79.8,229,3136,1575
2:41:11,0.08,MISS,677456,79.9,229,3140,1569
2:41:14,0.08,HIT,677456,79.9,229,3140,1572
2:41:17,0.08,MISS,677856,79.9,229,3144,1601
2:41:19,0.08,HIT,677856,79.9,229,3144,1589
2:41:22,0.08,MISS,677856,79.9,229,3148,1560
2:41:24,0.08,HIT,677856,80,229,3148,1602
2:41:27,0.08,MISS,677856,80,229,3152,1584
2:41:30,0.08,HIT,677856,80,229,3152,1610
2:41:32,0.08,MISS,677856,80,229,3156,1590
2:41:35,0.08,HIT,677856,80,229,3156,1552
2:41:37,0.08,MISS,677856,80.1,229,3160,1559
2:41:40,0.08,HIT,677856,80.1,229,3160,1607
2:41:43,0.08,MISS,677856,80.1,229,3164,1590
2:41:45,0.08,HIT,677856,80.1,229,3164,1563
2:41:48,0.08,MISS,677856,80.1,229,3168,1589
2:41:50,0.08,HIT,677856,80.2,229,3168,1624
2:41:53,0.08,MISS,677856,80.2,229,3172,1598
2:41:55,0.08,HIT,677856,80.2,229,3172,1538
2:41:58,0.08,MISS,677856,80.2,229,3176,1599
2:42:01,0.08,HIT,677856,80.2,229,3176,1647
2:42:03,0.08,MISS,677856,80.3,229,3180,1601
2:42:06,0.08,HIT,677856,80.3,229,3180,1578
2:42:08,0.08,MISS,677856,80.3,229,3184,1589
2:42:11,0.08,HIT,677856,80.3,229,3184,1608
2:42:14,0.08,MISS,677856,80.3,229,3188,1616
2:42:16,0.08,HIT,677856,80.4,229,3188,1552
2:42:19,0.08,MISS,677856,80.4,229,3192,1552
2:42:21,0.08,HIT,677856,80.4,229,3192,1601
2:42:24,0.08,MISS,677856,80.4,229,3196,1586
2:42:27,0.08,HIT,677856,80.4,229,3196,1575
2:42:29,0.08,MISS,677856,80.5,229,3200,1599
2:42:32,0.08,HIT,677856,80.5,229,3200,1583
2:42:34,0.08,MISS,677856,80.5,229,3204,1600
2:42:37,0.08,HIT,677856,80.5,229,3204,1572
2:42:40,0.08,MISS,678256,80.5,229,3208,1553
2:42:42,0.08,HIT,678256,80.6,229,3208,1581
2:42:45,0.08,MISS,678256,80.6,229,3212,1592
2:42:47,0.08,HIT,678256,80.6,229,3212,1605
2:42:50,0.08,MISS,678256,80.6,229,3216,1597
2:42:52,0.08,HIT,678256,80.6,229,3216,1563
2:42:55,0.08,MISS,678256,80.6,229,3220,1546
2:42:58,0.08,HIT,678256,80.7,229,3220,1617
2:43:00,0.08,MISS,678256,80.7,229,3224,1586
2:43:03,0.08,HIT,678256,80.7,229,3224,1537
2:43:05,0.08,MISS,678256,80.7,229,3228,1577
2:43:08,0.08,HIT,678256,80.7,229,3228,1629
2:43:11,0.08,MISS,678256,80.8,229,3232,1606
2:43:13,0.08,HIT,678256,80.8,229,3232,1565
2:43:16,0.08,MISS,678256,80.8,229,3236,1592
2:43:18,0.08,HIT,678256,80.8,229,3236,1594
2:43:21,0.08,MISS,678256,80.8,229,3240,1596
2:43:24,0.08,HIT,678256,80.9,229,3240,1622
2:43:26,0.08,MISS,678256,80.9,229,3244,1567
2:43:29,0.08,HIT,678256,80.9,229,3244,1602
2:43:31,0.08,MISS,678256,80.9,229,3248,1604
2:43:34,0.08,HIT,678256,80.9,229,3248,1626
2:43:37,0.08,MISS,678256,81,229,3252,1552
2:43:39,0.08,HIT,678256,81,229,3252,1559
2:43:42,0.08,MISS,678256,81,229,3256,1633
2:43:44,0.08,HIT,678256,81,229,3256,1588
2:43:47,0.08,MISS,678256,81,229,3260,1560
2:43:50,0.08,HIT,678256,81.1,229,3260,1583
2:43:52,0.08,MISS,678256,81.1,229,3264,1626
2:43:55,0.08,HIT,678256,81.1,229,3264,1638
2:43:57,0.08,MISS,678256,81.1,229,3268,1551
2:44:00,0.08,HIT,678256,81.1,229,3268,1575
2:44:03,0.08,MISS,678256,81.2,229,3272,1567
2:44:05,0.08,HIT,678656,81.2,229,3272,1619
2:44:08,0.08,MISS,678656,81.2,229,3276,1584
2:44:10,0.08,HIT,678656,81.2,229,3276,1573
2:44:13,0.08,MISS,678656,81.2,229,3280,1582
2:44:15,0.08,HIT,678656,81.3,229,3280,1578
2:44:18,0.08,MISS,678656,81.3,229,3284,1606
2:44:21,0.08,HIT,678656,81.3,229,3284,1574
2:44:23,0.08,MISS,678656,81.3,229,3288,1601
2:44:26,0.08,HIT,678656,81.3,229,3288,1607
2:44:29,0.08,MISS,678656,81.3,229,3292,1690
2:44:31,0.08,HIT,678656,81.4,229,3292,1577
2:44:34,0.08,MISS,678656,81.4,229,3296,1583
2:44:36,0.08,HIT,678656,81.4,229,3296,1583
2:44:39,0.08,MISS,678656,81.4,229,3300,1644
2:44:42,0.08,HIT,678656,81.4,229,3300,1596
2:44:44,0.08,MISS,678656,81.5,229,3304,1579
2:44:47,0.08,HIT,678656,81.5,229,3304,1566
2:44:49,0.08,MISS,678656,81.5,229,3308,1616
2:44:52,0.08,HIT,678656,81.5,229,3308,1605
2:44:55,0.08,MISS,678656,81.5,229,3312,1594
2:44:57,0.08,HIT,678656,81.6,229,3312,1619
2:45:00,0.08,MISS,678656,81.6,229,3316,1628
2:45:02,0.08,HIT,678656,81.6,229,3316,1595
2:45:05,0.08,MISS,678656,81.6,229,3320,1609
2:45:08,0.08,HIT,678656,81.6,229,3320,1615
2:45:10,0.08,MISS,678656,81.6,229,3324,1615
2:45:13,0.08,HIT,678656,81.7,229,3324,1585
2:45:15,0.08,MISS,678656,81.7,229,3328,1549
2:45:18,0.08,HIT,678656,81.7,229,3328,1613
2:45:21,0.08,MISS,678656,81.7,229,3332,1685
2:45:23,0.08,HIT,678656,81.7,229,3332,1600
2:45:26,0.08,MISS,679040,81.8,229,3336,1592
2:45:28,0.08,HIT,679040,81.8,229,3336,1590
2:45:31,0.08,MISS,679040,81.8,229,3340,1636
2:45:34,0.08,HIT,679040,81.8,229,3340,1581
2:45:36,0.08,MISS,679040,81.8,229,3344,1584
2:45:39,0.08,HIT,679040,81.9,229,3344,1595
2:45:42,0.08,MISS,679040,81.9,229,3348,1607
2:45:44,0.08,HIT,679040,81.9,229,3348,1596
2:45:47,0.08,MISS,679040,81.9,229,3352,1596
2:45:49,0.08,HIT,679040,81.9,229,3352,1570
2:45:52,0.08,MISS,679040,81.9,229,3356,1612
2:45:55,0.08,HIT,679040,82,229,3356,1625
2:45:57,0.08,MISS,679040,82,229,3360,1556
2:46:00,0.08,HIT,679040,82,229,3360,1541
2:46:02,0.08,MISS,679040,82,229,3364,1589
2:46:05,0.08,HIT,679040,82,229,3364,1602
2:46:07,0.08,MISS,679040,82.1,229,3368,1573
2:46:10,0.08,HIT,679040,82.1,229,3368,1594
2:46:13,0.08,MISS,679040,82.1,229,3372,1609
2:46:15,0.08,HIT,679040,82.1,229,3372,1576
2:46:18,0.08,MISS,679040,82.1,229,3376,1615
2:46:20,0.08,HIT,679040,82.2,229,3376,1569
2:46:23,0.08,MISS,679040,82.2,229,3380,1583
2:46:26,0.08,HIT,679040,82.2,229,3380,1635
2:46:28,0.08,MISS,679040,82.2,229,3384,1600
2:46:31,0.08,HIT,679040,82.2,229,3384,1586
2:46:33,0.08,MISS,679040,82.2,229,3388,1565
2:46:36,0.08,HIT,679040,82.3,229,3388,1581
2:46:39,0.08,MISS,679040,82.3,229,3392,1600
2:46:41,0.08,HIT,679040,82.3,229,3392,1581
2:46:44,0.08,MISS,679040,82.3,229,3396,1587
2:46:46,0.08,HIT,679040,82.3,229,3396,1596
2:46:49,0.08,MISS,679456,82.4,229,3400,1606
2:46:52,0.08,HIT,679456,82.4,229,3400,1597
2:46:54,0.08,MISS,679456,82.4,229,3404,1752
2:46:57,0.08,HIT,679456,82.4,229,3404,1676
2:47:00,0.08,MISS,679456,82.4,229,3408,1736
2:47:03,0.08,HIT,679456,82.4,229,3408,1851
2:47:05,0.08,MISS,679456,82.5,229,3412,1578
2:47:08,0.08,HIT,679456,82.5,229,3412,1638
2:47:10,0.08,MISS,679456,82.5,229,3416,1569
2:47:13,0.08,HIT,679456,82.5,229,3416,1569
2:47:16,0.08,MISS,679456,82.5,229,3420,1597
2:47:18,0.08,HIT,679456,82.6,229,3420,1567
2:47:21,0.08,MISS,679456,82.6,229,3424,1600
2:47:23,0.08,HIT,679456,82.6,229,3424,1617
2:47:26,0.08,MISS,679456,82.6,229,3428,1594
2:47:29,0.08,HIT,679456,82.6,229,3428,1598
2:47:31,0.08,MISS,679456,82.6,229,3432,1566
2:47:34,0.08,HIT,679456,82.7,229,3432,1566
2:47:36,0.08,MISS,679456,82.7,229,3436,1628
2:47:39,0.08,HIT,679456,82.7,229,3436,1604
2:47:42,0.08,MISS,679456,82.7,229,3440,1590
2:47:44,0.08,HIT,679456,82.7,229,3440,1578
2:47:47,0.08,MISS,679456,82.8,229,3444,1599
2:47:49,0.08,HIT,679456,82.8,229,3444,1625
2:47:52,0.08,MISS,679456,82.8,229,3448,1552
2:47:54,0.08,HIT,679456,82.8,229,3448,1569
2:47:57,0.08,MISS,679456,82.8,229,3452,1584
2:48:00,0.08,HIT,679456,82.8,229,3452,1583
2:48:02,0.08,MISS,679456,82.9,229,3456,1644
2:48:05,0.08,HIT,679456,82.9,229,3456,1600
2:48:07,0.08,MISS,679456,82.9,229,3460,1575
2:48:10,0.08,HIT,679456,82.9,229,3460,1583
2:48:13,0.09,MISS,679456,82.9,229,3464,1629
2:48:15,0.09,HIT,679856,83,229,3464,1540
2:48:18,0.09,MISS,679856,83,229,3468,1562
2:48:20,0.09,HIT,679856,83,229,3468,1558
2:48:23,0.09,MISS,679856,83,229,3472,1604
2:48:26,0.09,HIT,679856,83,229,3472,1567
2:48:28,0.09,MISS,679856,83,230,3476,1555
2:48:31,0.09,HIT,679856,83.1,230,3476,1559
2:48:33,0.09,MISS,679856,83.1,230,3480,1636
2:48:36,0.09,HIT,679856,83.1,230,3480,1597
2:48:39,0.09,MISS,679856,83.1,230,3484,1600
2:48:41,0.09,HIT,679856,83.1,230,3484,1568
2:48:44,0.09,MISS,679856,83.2,230,3488,1613
2:48:46,0.09,HIT,679856,83.2,230,3488,1592
2:48:49,0.09,MISS,679856,83.2,230,3492,1572
2:48:51,0.09,HIT,679856,83.2,230,3492,1556
2:48:54,0.09,MISS,679856,83.2,230,3496,1611
2:48:57,0.09,HIT,679856,83.2,230,3496,1554
2:48:59,0.09,MISS,679856,83.3,230,3500,1572
2:49:02,0.09,HIT,679856,83.3,230,3500,1562
2:49:04,0.09,MISS,679856,83.3,230,3504,1589
2:49:07,0.09,HIT,679856,83.3,230,3504,1634
2:49:10,0.09,MISS,679856,83.3,230,3508,1593
2:49:12,0.09,HIT,679856,83.4,230,3508,1572
2:49:15,0.09,MISS,679856,83.4,230,3512,1588
2:49:17,0.09,HIT,679856,83.4,230,3512,1576
2:49:20,0.09,MISS,679856,83.4,230,3516,1567
2:49:23,0.09,HIT,679856,83.4,230,3516,1604
2:49:25,0.09,MISS,679856,83.4,230,3520,1562
2:49:28,0.09,HIT,679856,83.5,230,3520,1581
2:49:30,0.09,MISS,679856,83.5,230,3524,1658
2:49:33,0.09,HIT,679856,83.5,230,3524,1577
2:49:35,0.09,MISS,680240,83.5,230,3528,1544
2:49:38,0.09,HIT,680240,83.5,230,3528,1585
2:49:41,0.09,MISS,680240,83.5,230,3532,1594
2:49:43,0.09,HIT,680240,83.6,230,3532,1542
2:49:46,0.09,MISS,680240,83.6,230,3536,1547
2:49:48,0.09,HIT,680240,83.6,230,3536,1584
2:49:51,0.09,MISS,680240,83.6,230,3540,1603
2:49:54,0.09,HIT,680240,83.6,230,3540,1570
2:49:56,0.09,MISS,680240,83.7,230,3544,1595
2:49:59,0.09,HIT,680240,83.7,230,3544,1554
2:50:01,0.09,MISS,680240,83.7,230,3548,1607
2:50:04,0.09,HIT,680240,83.7,230,3548,1603
2:50:06,0.09,MISS,680240,83.7,230,3552,1573
2:50:09,0.09,HIT,680240,83.7,230,3552,1565
2:50:12,0.09,MISS,680240,83.8,230,3556,1595
2:50:14,0.09,HIT,680240,83.8,230,3556,1620
2:50:17,0.09,MISS,680240,83.8,230,3560,1561
2:50:19,0.09,HIT,680240,83.8,230,3560,1595
2:50:22,0.09,MISS,680240,83.8,230,3564,1598
2:50:25,0.09,HIT,680240,83.8,230,3564,1596
2:50:27,0.09,MISS,680240,83.9,230,3568,1609
2:50:30,0.09,HIT,680240,83.9,230,3568,1562
2:50:32,0.09,MISS,680240,83.9,230,3572,1551
2:50:35,0.09,HIT,680240,83.9,230,3572,1594
2:50:38,0.09,MISS,680240,83.9,230,3576,1578
2:50:40,0.09,HIT,680240,84,230,3576,1559
2:50:43,0.09,MISS,680240,84,230,3580,1542
2:50:45,0.09,HIT,680240,84,230,3580,1561
2:50:48,0.09,MISS,680240,84,230,3584,1634
2:50:50,0.09,HIT,680240,84,230,3584,1551
2:50:53,0.09,MISS,680240,84,230,3588,1555
2:50:55,0.09,HIT,680240,84.1,230,3588,1536
2:50:58,0.09,MISS,680656,84.1,230,3592,1608
2:51:01,0.09,HIT,680656,84.1,230,3592,1591
2:51:03,0.09,MISS,680656,84.1,230,3596,1586
2:51:06,0.09,HIT,680656,84.1,230,3596,1574
2:51:08,0.09,MISS,680656,84.1,230,3600,1580
2:51:11,0.09,HIT,680656,84.2,230,3600,1603
2:51:14,0.09,MISS,680656,84.2,230,3604,1596
2:51:16,0.09,HIT,680656,84.2,230,3604,1586
2:51:19,0.09,MISS,680656,84.2,230,3608,1545
2:51:21,0.09,HIT,680656,84.2,230,3608,1551
2:51:24,0.09,MISS,680656,84.3,230,3612,1607
2:51:27,0.09,HIT,680656,84.3,230,3612,1550
2:51:29,0.09,MISS,680656,84.3,230,3616,1586
2:51:32,0.09,HIT,680656,84.3,230,3616,1530
2:51:34,0.09,MISS,680656,84.3,230,3620,1623
2:51:37,0.09,HIT,680656,84.3,230,3620,1585
2:51:39,0.09,MISS,680656,84.4,230,3624,1583
2:51:42,0.09,HIT,680656,84.4,230,3624,1552
2:51:45,0.09,MISS,680656,84.4,230,3628,1630
2:51:47,0.09,HIT,680656,84.4,230,3628,1590
2:51:50,0.09,MISS,680656,84.4,230,3632,1632
2:51:52,0.09,HIT,680656,84.4,230,3632,1571
2:51:55,0.09,MISS,680656,84.5,230,3636,1554
2:51:58,0.09,HIT,680656,84.5,230,3636,1609
2:52:00,0.09,MISS,680656,84.5,230,3640,1550
2:52:03,0.09,HIT,680656,84.5,230,3640,1578
2:52:05,0.09,MISS,680656,84.5,230,3644,1587
2:52:08,0.09,HIT,680656,84.5,230,3644,1635
2:52:11,0.09,MISS,680656,84.6,230,3648,1623
2:52:13,0.09,HIT,680656,84.6,230,3648,1614
2:52:16,0.09,MISS,680656,84.6,230,3652,1566
2:52:18,0.09,HIT,680656,84.6,230,3652,1656
2:52:21,0.09,MISS,680656,84.6,230,3656,1591
2:52:24,0.09,HIT,680656,84.6,230,3656,1587
2:52:26,0.09,MISS,681056,84.7,230,3660,1574
2:52:29,0.09,HIT,681056,84.7,230,3660,1604
2:52:31,0.09,MISS,681056,84.7,230,3664,1596
2:52:34,0.09,HIT,681056,84.7,230,3664,1578
2:52:37,0.09,MISS,681056,84.7,230,3668,1538
2:52:39,0.09,HIT,681056,84.7,230,3668,1589
2:52:42,0.09,MISS,681056,84.8,230,3672,1656
2:52:44,0.09,HIT,681056,84.8,230,3672,1596
2:52:47,0.09,MISS,681056,84.8,230,3676,1560
2:52:50,0.09,HIT,681056,84.8,230,3676,1598
2:52:52,0.09,MISS,681056,84.8,230,3680,1627
2:52:55,0.09,HIT,681056,84.9,230,3680,1592
2:52:57,0.09,MISS,681056,84.9,230,3684,1589
2:53:00,0.09,HIT,681056,84.9,230,3684,1566
2:53:03,0.09,MISS,681056,84.9,230,3688,1626
2:53:05,0.09,HIT,681056,84.9,230,3688,1591
2:53:08,0.09,MISS,681056,84.9,230,3692,1619
2:53:10,0.09,HIT,681056,85,230,3692,1585
2:53:13,0.09,MISS,681056,85,230,3696,1605
2:53:16,0.09,HIT,681056,85,230,3696,1571
2:53:18,0.09,MISS,681056,85,230,3700,1571
2:53:21,0.09,HIT,681056,85,230,3700,1550
2:53:23,0.09,MISS,681056,85,230,3704,1600
2:53:26,0.09,HIT,681056,85.1,230,3704,1640
2:53:29,0.09,MISS,681056,85.1,230,3708,1576
2:53:31,0.09,HIT,681056,85.1,230,3708,1616
2:53:34,0.09,MISS,681056,85.1,230,3712,1579
2:53:36,0.09,HIT,681056,85.1,230,3712,1597
2:53:39,0.09,MISS,681056,85.1,230,3716,1596
2:53:42,0.09,HIT,681056,85.2,230,3716,1585
2:53:44,0.09,MISS,681440,85.2,230,3720,1601
2:53:48,0.09,HIT,681440,85.2,230,3720,3016
2:53:51,0.09,MISS,681440,85.2,230,3724,1599
2:53:53,0.09,HIT,681440,85.2,230,3724,1560
2:53:56,0.09,MISS,681440,85.2,230,3728,1630
2:53:59,0.09,HIT,681440,85.2,230,3728,1586
2:54:01,0.09,MISS,681440,85.3,230,3732,1558
2:54:04,0.09,HIT,681440,85.3,230,3732,1594
2:54:06,0.09,MISS,681440,85.3,230,3736,1600
2:54:09,0.09,HIT,681440,85.3,230,3736,1610
2:54:12,0.09,MISS,681440,85.3,230,3740,1588
2:54:14,0.09,HIT,681440,85.3,230,3740,1579
2:54:17,0.09,MISS,681440,85.4,230,3744,1599
2:54:19,0.09,HIT,681440,85.4,230,3744,1608
2:54:22,0.09,MISS,681440,85.4,230,3748,1581
2:54:24,0.09,HIT,681440,85.4,230,3748,1575
2:54:27,0.09,MISS,681440,85.4,230,3752,1596
2:54:30,0.09,HIT,681440,85.4,230,3752,1617
2:54:32,0.09,MISS,681440,85.5,230,3756,1576
2:54:35,0.09,HIT,681440,85.5,230,3756,1547
2:54:37,0.09,MISS,681440,85.5,230,3760,1564
2:54:40,0.09,HIT,681440,85.5,230,3760,1637
2:54:43,0.09,MISS,681440,85.5,230,3764,1589
2:54:45,0.09,HIT,681440,85.5,230,3764,1589
2:54:48,0.09,MISS,681440,85.6,230,3768,1612
2:54:50,0.09,HIT,681440,85.6,230,3768,1612
2:54:53,0.09,MISS,681440,85.6,230,3772,1585
2:54:56,0.09,HIT,681440,85.6,230,3772,1574
2:54:58,0.09,MISS,681440,85.6,230,3776,1550
2:55:01,0.09,HIT,681440,85.6,230,3776,1601
2:55:03,0.09,MISS,681440,85.7,230,3780,1624
2:55:06,0.09,HIT,681440,85.7,230,3780,1573
2:55:09,0.09,MISS,681840,85.7,230,3784,1565
2:55:11,0.09,HIT,681840,85.7,230,3784,1570
2:55:14,0.09,MISS,681840,85.7,230,3788,1596
2:55:16,0.09,HIT,681840,85.7,230,3788,1591
2:55:19,0.09,MISS,681840,85.7,230,3792,1564
2:55:21,0.09,HIT,681840,85.8,230,3792,1581
2:55:24,0.09,MISS,681840,85.8,230,3796,1621
2:55:27,0.09,HIT,681840,85.8,230,3796,1571
2:55:29,0.09,MISS,681840,85.8,230,3800,1537
2:55:32,0.09,HIT,681840,85.8,230,3800,1559
2:55:34,0.09,MISS,681840,85.8,230,3804,1619
2:55:37,0.09,HIT,681840,85.9,230,3804,1622
2:55:40,0.09,MISS,681840,85.9,230,3808,1562
2:55:42,0.09,HIT,681840,85.9,230,3808,1559
2:55:45,0.09,MISS,681840,85.9,230,3812,1584
2:55:47,0.09,HIT,681840,85.9,230,3812,1605
2:55:50,0.09,MISS,681840,85.9,230,3816,1590
2:55:53,0.09,HIT,681840,86,230,3816,1587
2:55:55,0.09,MISS,681840,86,230,3820,1580
2:55:58,0.09,HIT,681840,86,230,3820,1622
2:56:00,0.09,MISS,681840,86,230,3824,1585
2:56:03,0.09,HIT,681840,86,230,3824,1539
2:56:05,0.09,MISS,681840,86,230,3828,1549
2:56:08,0.09,HIT,681840,86.1,230,3828,1585
2:56:11,0.09,MISS,681840,86.1,230,3832,1625
2:56:13,0.09,HIT,681840,86.1,230,3832,1531
2:56:16,0.09,MISS,681840,86.1,230,3836,1599
2:56:18,0.09,HIT,681840,86.1,230,3836,1570
2:56:21,0.09,MISS,681840,86.1,230,3840,1605
2:56:24,0.09,HIT,681840,86.2,230,3840,1643
2:56:26,0.09,MISS,681840,86.2,230,3844,1556
2:56:29,0.09,HIT,681840,86.2,230,3844,1532
2:56:31,0.09,MISS,682240,86.2,230,3848,1580
2:56:34,0.09,HIT,682240,86.2,230,3848,1637
2:56:37,0.09,MISS,682240,86.2,230,3852,1577
2:56:39,0.09,HIT,682240,86.3,230,3852,1571
2:56:42,0.09,MISS,682240,86.3,230,3856,1627
2:56:44,0.09,HIT,682240,86.3,230,3856,1633
2:56:47,0.09,MISS,682240,86.3,230,3860,1543
2:56:49,0.09,HIT,682240,86.3,230,3860,1574
2:56:52,0.09,MISS,682240,86.3,230,3864,1579
2:56:55,0.09,HIT,682240,86.3,230,3864,1636
2:56:57,0.09,MISS,682240,86.4,230,3868,1553
2:57:00,0.09,HIT,682240,86.4,230,3868,1578
2:57:02,0.09,MISS,682240,86.4,230,3872,1551
2:57:05,0.09,HIT,682240,86.4,230,3872,1584
2:57:08,0.09,MISS,682240,86.4,230,3876,1590
2:57:10,0.09,HIT,682240,86.4,230,3876,1579
2:57:13,0.09,MISS,682240,86.5,230,3880,1567
2:57:15,0.09,HIT,682240,86.5,230,3880,1589
2:57:18,0.09,MISS,682240,86.5,230,3884,1637
2:57:21,0.09,HIT,682240,86.5,230,3884,1541
2:57:23,0.09,MISS,682240,86.5,230,3888,1586
2:57:26,0.09,HIT,682240,86.5,230,3888,1616
2:57:28,0.09,MISS,682240,86.6,230,3892,1602
2:57:31,0.09,HIT,682240,86.6,230,3892,1590
2:57:34,0.09,MISS,682240,86.6,230,3896,1572
2:57:36,0.09,HIT,682240,86.6,230,3896,1568
2:57:39,0.09,MISS,682240,86.6,230,3900,1621
2:57:41,0.09,HIT,682240,86.6,230,3900,1575
2:57:44,0.09,MISS,682240,86.7,230,3904,1561
2:57:46,0.09,HIT,682240,86.7,230,3904,1545
2:57:49,0.09,MISS,682240,86.7,231,3908,1591
2:57:52,0.09,HIT,682240,86.7,231,3908,1583
2:57:54,0.09,MISS,682640,86.7,231,3912,1544
2:57:57,0.09,HIT,682640,86.7,231,3912,1584
2:57:59,0.09,MISS,682640,86.7,231,3916,1596
2:58:02,0.09,HIT,682640,86.8,231,3916,1589
2:58:05,0.09,MISS,682640,86.8,231,3920,1622
2:58:07,0.09,HIT,682640,86.8,231,3920,1572
2:58:10,0.09,MISS,682640,86.8,231,3924,1601
2:58:12,0.09,HIT,682640,86.8,231,3924,1599
2:58:15,0.09,MISS,682640,86.8,231,3928,1588
2:58:17,0.09,HIT,682640,86.9,231,3928,1582
2:58:20,0.09,MISS,682640,86.9,231,3932,1578
2:58:23,0.09,HIT,682640,86.9,231,3932,1621
2:58:25,0.09,MISS,682640,86.9,231,3936,1580
2:58:28,0.09,HIT,682640,86.9,231,3936,1575
2:58:30,0.09,MISS,682640,86.9,231,3940,1556
2:58:33,0.09,HIT,682640,87,231,3940,1563
2:58:36,0.09,MISS,682640,87,231,3944,1612
2:58:38,0.09,HIT,682640,87,231,3944,1606
2:58:41,0.09,MISS,682640,87,231,3948,1562
2:58:43,0.09,HIT,682640,87,231,3948,1570
2:58:46,0.09,MISS,682640,87,231,3952,1593
2:58:49,0.09,HIT,682640,87,231,3952,1631
2:58:51,0.09,MISS,682640,87.1,231,3956,1599
2:58:54,0.09,HIT,682640,87.1,231,3956,1586
2:58:56,0.09,MISS,682640,87.1,231,3960,1596
2:58:59,0.09,HIT,682640,87.1,231,3960,1613
2:59:02,0.09,MISS,682640,87.1,231,3964,1572
2:59:04,0.09,HIT,682640,87.1,231,3964,1575
2:59:07,0.09,MISS,682640,87.2,231,3968,1584
2:59:09,0.09,HIT,682640,87.2,231,3968,1618
2:59:12,0.09,MISS,682640,87.2,231,3972,1587
2:59:15,0.09,HIT,682640,87.2,231,3972,1587
2:59:17,0.09,MISS,683040,87.2,231,3976,1567
2:59:20,0.09,HIT,683040,87.2,231,3976,1607
2:59:22,0.09,MISS,683040,87.2,231,3980,1588
2:59:25,0.09,HIT,683040,87.3,231,3980,1572
2:59:27,0.09,MISS,683040,87.3,231,3984,1571
2:59:30,0.09,HIT,683040,87.3,231,3984,1568
2:59:33,0.09,MISS,683040,87.3,231,3988,1615
2:59:35,0.09,HIT,683040,87.3,231,3988,1582
2:59:38,0.09,MISS,683040,87.3,231,3992,1586
2:59:40,0.09,HIT,683040,87.4,231,3992,1600
2:59:43,0.09,MISS,683040,87.4,231,3996,1594
2:59:46,0.09,HIT,683040,87.4,231,3996,1572
2:59:48,0.09,MISS,683040,87.4,231,4000,1567
2:59:51,0.09,HIT,683040,87.4,231,4000,1558
2:59:53,0.09,MISS,683040,87.4,231,4004,1618
2:59:56,0.09,HIT,683040,87.4,231,4004,1561
2:59:58,0.09,MISS,683040,87.5,231,4008,1557
3:00:01,0.09,HIT,683040,87.5,231,4008,1601
3:00:04,0.09,MISS,683040,87.5,231,4012,1662
3:00:06,0.09,HIT,683040,87.5,231,4012,1562
3:00:09,0.09,MISS,683040,87.5,231,4016,1569
3:00:12,0.09,HIT,683040,87.5,231,4016,1600
3:00:14,0.09,MISS,683040,87.6,231,4020,1617
3:00:17,0.09,HIT,683040,87.6,231,4020,1566
3:00:19,0.09,MISS,683040,87.6,231,4024,1572
3:00:22,0.09,HIT,683040,87.6,231,4024,1571
3:00:24,0.09,MISS,683040,87.6,231,4028,1619
3:00:27,0.09,HIT,683040,87.6,231,4028,1605
3:00:30,0.09,MISS,683040,87.6,231,4032,1600
3:00:32,0.09,HIT,683040,87.7,231,4032,1559
3:00:35,0.09,MISS,683040,87.7,231,4036,1594
3:00:38,0.09,HIT,683040,87.7,231,4036,1654
3:00:40,0.09,MISS,683040,87.7,231,4040,1577
3:00:43,0.09,HIT,683040,87.7,231,4040,1554
3:00:45,0.09,MISS,683040,87.7,231,4044,1574
3:00:48,0.09,HIT,683040,87.7,231,4044,1597
3:00:50,0.09,MISS,683040,87.8,231,4048,1584
3:00:53,0.09,HIT,683040,87.8,231,4048,1561
3:00:56,0.09,MISS,683040,87.8,231,4052,1561
3:00:58,0.09,HIT,683040,87.8,231,4052,1597
3:01:01,0.09,MISS,683040,87.8,231,4056,1637
3:01:03,0.09,HIT,683040,87.8,231,4056,1592
3:01:06,0.09,MISS,683040,87.9,231,4060,1588
3:01:09,0.09,HIT,683040,87.9,231,4060,1619
3:01:11,0.09,MISS,683040,87.9,231,4064,1596
3:01:14,0.09,HIT,683040,87.9,231,4064,1579
3:01:16,0.09,MISS,683040,87.9,231,4068,1560
3:01:19,0.09,HIT,683040,87.9,231,4068,1602
3:01:22,0.09,MISS,683040,87.9,231,4072,1616
3:01:24,0.09,HIT,683040,88,231,4072,1563
3:01:27,0.09,MISS,683040,88,231,4076,1588
3:01:29,0.09,HIT,683040,88,231,4076,1600
3:01:32,0.09,MISS,683040,88,231,4080,1628
3:01:35,0.09,HIT,683040,88,231,4080,1618
3:01:37,0.09,MISS,683040,88,231,4084,1577
3:01:40,0.09,HIT,683040,88.1,231,4084,1565
3:01:42,0.09,MISS,683040,88.1,231,4088,1572
3:01:45,0.09,HIT,683040,88.1,231,4088,1610
3:01:47,0.09,MISS,683040,88.1,231,4092,1570
3:01:50,0.09,HIT,683040,88.1,231,4092,1619
3:01:53,0.09,MISS,683040,88.1,231,4096,1603
3:01:55,0.09,HIT,683040,88.1,231,4096,1651
3:01:58,0.09,MISS,683040,88.2,231,4100,1569
3:02:01,0.09,HIT,683040,88.2,231,4100,1588
3:02:03,0.09,MISS,683840,88.2,231,4104,1602
3:02:06,0.09,HIT,683840,88.2,231,4104,1592
3:02:08,0.09,MISS,683840,88.2,231,4108,1590
3:02:11,0.09,HIT,683840,88.2,231,4108,1595
3:02:14,0.09,MISS,683840,88.2,231,4112,1622
3:02:16,0.09,HIT,683840,88.3,231,4112,1588
3:02:19,0.09,MISS,683840,88.3,231,4116,1584
3:02:21,0.09,HIT,683840,88.3,231,4116,1583
3:02:24,0.09,MISS,683840,88.3,231,4120,1604
3:02:27,0.09,HIT,683840,88.3,231,4120,1605
3:02:29,0.09,MISS,683840,88.3,231,4124,1570
3:02:32,0.09,HIT,683840,88.3,231,4124,1573
3:02:34,0.09,MISS,683840,88.4,231,4128,1594
3:02:37,0.09,HIT,683840,88.4,231,4128,1617
3:02:40,0.09,MISS,683840,88.4,231,4132,1583
3:02:42,0.09,HIT,683840,88.4,231,4132,1573
3:02:45,0.09,MISS,683840,88.4,231,4136,1571
3:02:47,0.09,HIT,683840,88.4,231,4136,1582
3:02:50,0.09,MISS,683840,88.4,231,4140,1628
3:02:52,0.09,HIT,683840,88.5,231,4140,1579
3:02:55,0.09,MISS,683840,88.5,231,4144,1572
3:02:58,0.09,HIT,683840,88.5,231,4144,1614
3:03:00,0.09,MISS,683840,88.5,231,4148,1622
3:03:03,0.09,HIT,683840,88.5,231,4148,1577
3:03:05,0.09,MISS,683840,88.5,231,4152,1585
3:03:08,0.09,HIT,683840,88.6,231,4152,1571
3:03:11,0.09,MISS,683840,88.6,231,4156,1594
3:03:13,0.09,HIT,683840,88.6,231,4156,1586
3:03:16,0.09,MISS,683840,88.6,231,4160,1558
3:03:18,0.09,HIT,683840,88.6,231,4160,1583
3:03:21,0.09,MISS,683840,88.6,231,4164,1584
3:03:24,0.09,HIT,683840,88.6,231,4164,1630
3:03:26,0.09,MISS,684240,88.7,231,4168,1582
3:03:29,0.09,HIT,684240,88.7,231,4168,1574
3:03:31,0.09,MISS,684240,88.7,231,4172,1607
3:03:34,0.09,HIT,684240,88.7,231,4172,1613
3:03:37,0.09,MISS,684240,88.7,231,4176,1547
3:03:39,0.09,HIT,684240,88.7,231,4176,1605
3:03:42,0.09,MISS,684240,88.7,231,4180,1618
3:03:44,0.09,HIT,684240,88.8,231,4180,1578
3:03:47,0.09,MISS,684240,88.8,231,4184,1581
3:03:49,0.09,HIT,684240,88.8,231,4184,1558
3:03:52,0.09,MISS,684240,88.8,231,4188,1597
3:03:55,0.09,HIT,684240,88.8,231,4188,1659
3:03:57,0.09,MISS,684240,88.8,231,4192,1578
3:04:00,0.09,HIT,684240,88.8,231,4192,1552
3:04:02,0.09,MISS,684240,88.9,231,4196,1582
3:04:05,0.09,HIT,684240,88.9,231,4196,1646
3:04:08,0.09,MISS,684240,88.9,231,4200,1581
3:04:10,0.09,HIT,684240,88.9,231,4200,1548
3:04:13,0.09,MISS,684240,88.9,231,4204,1577
3:04:15,0.09,HIT,684240,88.9,231,4204,1604
3:04:18,0.09,MISS,684240,88.9,231,4208,1595
3:04:21,0.09,HIT,684240,89,231,4208,1566
3:04:23,0.09,MISS,684240,89,231,4212,1570
3:04:26,0.09,HIT,684240,89,231,4212,1612
3:04:28,0.09,MISS,684240,89,231,4216,1589
3:04:31,0.09,HIT,684240,89,231,4216,1580
3:04:34,0.09,MISS,684240,89,231,4220,1556
3:04:36,0.09,HIT,684240,89,231,4220,1586
3:04:39,0.09,MISS,684240,89.1,231,4224,1588
3:04:41,0.09,HIT,684240,89.1,231,4224,1590
3:04:44,0.09,MISS,684240,89.1,231,4228,1564
3:04:46,0.09,HIT,684240,89.1,231,4228,1583
3:04:49,0.09,MISS,684640,89.1,231,4232,1611
3:04:52,0.09,HIT,684640,89.1,231,4232,1634
3:04:54,0.09,MISS,684640,89.1,231,4236,1612
3:04:57,0.09,HIT,684640,89.2,231,4236,1558
3:04:59,0.09,MISS,684640,89.2,231,4240,1563
3:05:02,0.09,HIT,684640,89.2,231,4240,1626
3:05:05,0.09,MISS,684640,89.2,231,4244,1580
3:05:07,0.09,HIT,684640,89.2,231,4244,1545
3:05:10,0.09,MISS,684640,89.2,231,4248,1570
3:05:12,0.09,HIT,684640,89.2,231,4248,1590
3:05:15,0.09,MISS,684640,89.3,231,4252,1598
3:05:18,0.09,HIT,684640,89.3,231,4252,1605
3:05:20,0.09,MISS,684640,89.3,231,4256,1561
3:05:23,0.09,HIT,684640,89.3,231,4256,1639
3:05:25,0.09,MISS,684640,89.3,231,4260,1594
3:05:28,0.09,HIT,684640,89.3,231,4260,1559
3:05:31,0.09,MISS,684640,89.3,231,4264,1562
3:05:33,0.09,HIT,684640,89.4,231,4264,1649
3:05:36,0.09,MISS,684640,89.4,231,4268,1607
3:05:38,0.09,HIT,684640,89.4,231,4268,1553
3:05:41,0.09,MISS,684640,89.4,231,4272,1547
3:05:44,0.09,HIT,684640,89.4,231,4272,1577
3:05:46,0.09,MISS,684640,89.4,231,4276,1625
3:05:49,0.09,HIT,684640,89.4,231,4276,1573
3:05:51,0.09,MISS,684640,89.5,231,4280,1544
3:05:54,0.09,HIT,684640,89.5,231,4280,1596
3:05:56,0.09,MISS,684640,89.5,231,4284,1602
3:05:59,0.09,HIT,684640,89.5,231,4284,1610
3:06:02,0.09,MISS,684640,89.5,231,4288,1605
3:06:04,0.09,HIT,684640,89.5,231,4288,1589
3:06:07,0.09,MISS,684640,89.5,231,4292,1627
3:06:09,0.09,HIT,684640,89.6,231,4292,1571
3:06:12,0.09,MISS,685040,89.6,231,4296,1568
3:06:15,0.09,HIT,685040,89.6,231,4296,1556
3:06:17,0.09,MISS,685040,89.6,231,4300,1537
3:06:20,0.09,HIT,685040,89.6,231,4300,1621
3:06:22,0.09,MISS,685040,89.6,231,4304,1592
3:06:25,0.09,HIT,685040,89.6,231,4304,1587
3:06:28,0.09,MISS,685040,89.7,231,4308,1540
3:06:30,0.09,HIT,685040,89.7,231,4308,1623
3:06:33,0.09,MISS,685040,89.7,231,4312,1606
3:06:35,0.09,HIT,685040,89.7,231,4312,1595
3:06:38,0.09,MISS,685040,89.7,231,4316,1564
3:06:41,0.09,HIT,685040,89.7,231,4316,1587
3:06:43,0.09,MISS,685040,89.7,231,4320,1596
3:06:46,0.09,HIT,685040,89.8,231,4320,1550
3:06:48,0.09,MISS,685040,89.8,231,4324,1575
3:06:51,0.09,HIT,685040,89.8,231,4324,1566
3:06:53,0.09,MISS,685040,89.8,231,4328,1586
3:06:56,0.09,HIT,685040,89.8,231,4328,1588
3:06:59,0.09,MISS,685040,89.8,232,4332,1559
3:07:01,0.09,HIT,685040,89.8,232,4332,1579
3:07:04,0.09,MISS,685040,89.9,232,4336,1569
3:07:06,0.09,HIT,685040,89.9,232,4336,1611
3:07:09,0.09,MISS,685040,89.9,232,4340,1547
3:07:11,0.09,HIT,685040,89.9,232,4340,1570
