#{"t_start": 1606835205.7834709, "env_id": "wmac-graph-v1"}
r,l,t
-2190.0,10,2.525741
-2250.0,8,2.541851
-1570.0,8,2.558206
-1770.0,7,2.569109
-1830.0,7,2.579467
-1830.0,6,2.592903
-2160.0,12,2.611921
-1860.0,7,2.622528
-1740.0,7,2.637358
-1800.0,7,2.647892
-1830.0,7,2.661684
-1540,6,2.671205
-1560.0,6,2.68115
-2340.0,10,2.698359
-1860.0,9,2.715014
-2340.0,9,2.731516
-1710.0,7,2.742979
-1830.0,8,2.760861
-1740.0,6,2.770976
-2400.0,11,2.788806
-1600.0,8,2.806115
-1770,6,2.816177
-1830.0,6,2.825833
-1950.0,10,2.843027
-1950.0,10,2.860461
-1980.0,7,2.871217
-2092.0,12,2.894224
-1776.0,8,2.905693
-1800.0,8,2.921893
-1950.0,8,2.939001
-2430.0,12,2.959012
-2310.0,10,2.977375
-1920.0,9,2.993424
-1890.0,7,3.004056
-1776.0,8,3.018851
-1980.0,11,3.036668
-1986.0,8,3.051851
-1770.0,7,3.062482
-2250.0,10,3.079256
-1680.0,7,3.089833
-1920.0,9,3.107913
-2346.0,11,3.129604
-1920.0,8,3.144773
-1716.0,8,3.163437
-1710.0,7,3.174138
-1710.0,7,3.184862
-1920.0,8,3.200063
-2070.0,8,3.21469
-1980.0,8,3.227909
-1776.0,8,3.242698
-2040.0,7,3.25308
-1770.0,8,3.267937
-1986.0,9,3.283652
-2070.0,11,3.300734
-1860.0,7,3.312631
-1950.0,8,3.328098
-1690.0,7,3.338811
-1900.0,9,3.354887
-1860.0,8,3.370288
-1490.0,8,3.382037
-1746.0,9,3.398889
-1860.0,8,3.414739
-1890.0,9,3.427186
-1950.0,8,3.442188
-1770.0,8,3.457871
-1830.0,8,3.470037
-1920.0,8,3.484643
-2160.0,9,3.500377
-2310.0,11,3.517756
-2100.0,10,3.536124
-1840.0,10,3.55287
-1890,6,3.56227
-1710.0,8,3.576443
-2130.0,8,3.587806
-1740.0,7,3.60165
-2070.0,9,3.613759
-1770.0,7,3.628556
-1980.0,7,3.639407
-1860.0,8,3.654572
-2322.0,11,3.673042
-1600.0,7,3.683136
-2094.0,11,3.704242
-1920.0,7,3.714587
-1870.0,8,3.729379
-1800.0,8,3.740518
-1620.0,7,3.754197
-1710.0,7,3.764966
-2040.0,10,3.78244
-2280.0,7,3.792326
-1510,7,3.805221
-2100.0,9,3.820176
-2370.0,11,3.837277
-1950.0,8,3.848961
-1644.0,7,3.862914
-1830.0,8,3.873997
-2040.0,7,3.887845
-1740.0,7,3.898031
-1770.0,7,3.911459
-3090.0,15,3.937405
-1710.0,6,3.946977
-2100.0,9,3.96311
-2010.0,9,3.975824
-1830.0,7,3.992001
-2220.0,8,4.003944
-1800.0,9,4.020925
-1890,6,4.029676
-2520.0,12,4.051329
-1770,6,4.060905
-2490.0,12,4.079047
-2160.0,9,4.093539
-1770.0,7,4.107035
-2130.0,9,4.119387
-1920.0,9,4.135103
-1680.0,7,4.148652
-1860.0,7,4.158786
-1860.0,8,4.173329
-1980.0,10,4.189172
-2130.0,8,4.200128
-1710.0,7,4.213596
-1860.0,8,4.224126
-1950.0,7,4.238385
-1656.0,8,4.250662
-2076.0,10,4.267009
-2286.0,11,4.290767
-1950.0,8,4.306167
-1860.0,7,4.316702
-1590,6,4.331429
-1720.0,8,4.342918
-2100.0,8,4.357708
-1890.0,8,4.368589
-1680.0,6,4.381346
-1584.0,8,4.392524
-1890.0,8,4.408321
-1890.0,8,4.420861
-1710,6,4.43652
-2040.0,8,4.449047
-1740.0,8,4.464709
-1830.0,8,4.4769
-2274.0,11,4.497988
-2040.0,9,4.510223
-2010.0,6,4.522552
-1680.0,6,4.532114
-1830.0,7,4.542003
-1620.0,7,4.557225
-1890.0,8,4.567869
-2124.0,12,4.589041
-1650.0,6,4.599477
-1950.0,8,4.613142
-1950.0,8,4.628567
-1860.0,8,4.645213
-1890.0,8,4.65816
-1806.0,7,4.672791
-1800.0,8,4.68562
-2010.0,10,4.702066
-1770.0,7,4.716994
-1620.0,6,4.726792
-2550.0,13,4.748547
-1830.0,8,4.767781
-1830.0,8,4.784235
-2466.0,14,4.80633
-1866.0,9,4.823067
-2160.0,10,4.846107
-1830.0,6,4.856187
-1740.0,7,4.870554
-1800.0,8,4.88138
-1830.0,7,4.895101
-1890.0,9,4.910857
-2190.0,8,4.923018
-2250.0,10,4.942121
-1980.0,8,4.957539
-1830.0,7,4.968229
-1866.0,9,4.984257
-1830.0,7,4.994862
-1770.0,7,5.008933
-1650.0,6,5.018723
-1710.0,7,5.029638
-2652.0,13,5.052642
-1650.0,7,5.062605
-1800.0,8,5.078303
-2070.0,9,5.094214
-1860.0,7,5.104832
-1950.0,9,5.120934
-1926.0,9,5.136871
-1800.0,8,5.148026
-1890.0,9,5.163757
-1740.0,7,5.177609
-1980.0,7,5.188091
-1830.0,8,5.204243
-1690.0,7,5.214513
-1770.0,7,5.224986
-1980.0,8,5.241744
-1806.0,8,5.256867
-2010.0,9,5.269307
-1890.0,7,5.28451
-1860.0,7,5.295138
-1950.0,9,5.311996
-1960.0,8,5.327236
-1770.0,8,5.340521
-1674.0,8,5.356486
-2430.0,9,5.37208
-2310.0,10,5.388828
-2106.0,10,5.406061
-1710.0,7,5.417137
-1800.0,6,5.426817
-1830.0,8,5.442157
-1920.0,8,5.453498
-1770.0,7,5.467696
-2280.0,11,5.485683
-1770.0,7,5.497376
-1770.0,7,5.511585
-2400.0,13,5.530468
-1950.0,8,5.545062
-1770.0,7,5.555397
-2100.0,9,5.570406
-1980.0,8,5.58444
-2550.0,10,5.601137
-1950.0,10,5.617597
-2490.0,12,5.635802
-1620.0,6,5.645143
-2490.0,9,5.660496
-2070.0,11,5.677645
-1680.0,7,5.691238
-1770.0,8,5.702132
-2130.0,9,5.716929
-2166.0,10,5.733232
-1782.0,8,5.747687
-1740.0,8,5.758704
-1710.0,6,5.771678
-1860.0,7,5.781634
-2520.0,11,5.798711
-2070.0,10,5.814142
-2094.0,9,5.829823
-1920.0,8,5.844668
-1860.0,8,5.855128
-2040.0,10,5.871574
-1980.0,9,5.886714
-1680.0,7,5.897774
-2100.0,10,5.914127
-1740.0,8,5.931212
-1770.0,8,5.946542
-1800.0,7,5.957168
-1800.0,8,5.974257
-2400.0,11,5.991956
-1830.0,7,6.002706
-1680.0,6,6.012606
-2370.0,11,6.034853
-1800.0,8,6.047554
-1950.0,9,6.064406
-2130.0,8,6.080075
-2040.0,9,6.092405
-2346.0,11,6.113645
-2196.0,9,6.125819
-2310.0,10,6.142276
-1980.0,9,6.157753
-1800.0,8,6.17259
-1860.0,8,6.184405
-1860.0,7,6.199616
-1770.0,7,6.209333
-1950.0,10,6.227299
-1800.0,8,6.242866
-1800.0,9,6.258938
-1890.0,8,6.27036
-2040,7,6.284679
-1650.0,6,6.294214
-1680.0,6,6.303586
-1800.0,7,6.314025
-1776.0,8,6.329051
-2160.0,12,6.348073
-1710.0,7,6.362001
-1710.0,7,6.372261
-1980.0,8,6.387225
-1770.0,8,6.398118
-1860.0,8,6.412837
-1950.0,7,6.422857
-2100.0,8,6.437891
-2010.0,8,6.453062
-1800.0,9,6.465082
-1740.0,7,6.47958
-1690.0,8,6.491189
-1710.0,7,6.50503
-1770,5,6.515342
-2010.0,8,6.526152
-2010.0,10,6.542379
-1860.0,8,6.557468
-2166.0,8,6.573171
-2070.0,10,6.590283
-1920.0,9,6.602634
-1980.0,8,6.617301
-2280.0,11,6.63385
-2080.0,11,6.651195
-2370.0,11,6.67196
-1920.0,10,6.688894
-1956.0,9,6.700727
-2460.0,11,6.721861
-1770.0,7,6.731913
-1980.0,9,6.747274
-1830.0,7,6.757626
-2160.0,10,6.775194
-1794.0,9,6.79019
-2130.0,7,6.800559
-2070.0,9,6.815485
-1836.0,8,6.830377
-1770.0,8,6.841088
-1830.0,7,6.855114
-2346.0,10,6.872437
-1800.0,8,6.88345
-1980.0,7,6.898363
-2190.0,10,6.915803
-1860.0,9,6.932182
-2010.0,8,6.94392
-2280.0,10,6.961302
-2370.0,10,6.977816
-1620.0,7,6.992303
-1980.0,10,7.010002
-1830.0,8,7.021044
-1800.0,9,7.036932
-1920.0,8,7.051486
-1800.0,8,7.06251
-1620.0,6,7.072115
-1860.0,6,7.085294
-1770.0,7,7.09596
-1710.0,7,7.106659
-2100.0,10,7.122917
-2100.0,11,7.143377
-1830.0,9,7.15491
-1680.0,6,7.167449
-2010.0,10,7.186207
-1830.0,7,7.197483
-1680.0,6,7.206798
-2010.0,9,7.221839
-2260.0,11,7.239594
-2250.0,12,7.261537
-1920.0,8,7.273206
-2130.0,9,7.289093
-1950.0,8,7.30442
-2322.0,15,7.330091
-1890.0,8,7.341269
-2040.0,8,7.356469
-1890.0,7,7.366816
-1950.0,8,7.381599
-1830.0,8,7.392541
-1650.0,6,7.405529
-1890.0,7,7.415972
-1740.0,9,7.432146
-2436.0,10,7.448747
-1950.0,7,7.459729
-1890,6,7.470637
-1800.0,8,7.486362
-1860.0,9,7.502117
-1680.0,7,7.514217
-1866.0,11,7.531673
-1650.0,7,7.546317
-1950.0,10,7.562587
-2196.0,9,7.578505
-1860.0,7,7.58863
-3126.0,15,7.612535
-1830.0,7,7.622582
-2160.0,8,7.637496
-1716.0,8,7.652371
-1830.0,8,7.663514
-2100.0,9,7.680186
-1660.0,8,7.694485
-2040.0,8,7.705324
-1810.0,10,7.721625
-1950.0,9,7.737522
-1710.0,8,7.752036
-1920.0,8,7.763012
-1836.0,7,7.776712
-1570.0,7,7.78658
-1800.0,8,7.801482
-1920.0,8,7.812893
-2040.0,10,7.829515
-1860.0,9,7.845127
-1770.0,7,7.855178
-2460.0,9,7.870916
-1860.0,8,7.88517
-1836.0,8,7.896056
-2040.0,9,7.911218
-1770.0,6,7.920819
-2190.0,9,7.937387
-2190.0,9,7.95328
-1890.0,7,7.963789
-1770.0,7,7.978663
-2220.0,11,7.996854
-1570,7,8.006982
-1620,5,8.015245
-2406.0,11,8.037205
-1800.0,11,8.054627
-2490.0,10,8.071318
-1890.0,8,8.083069
-2130.0,9,8.099642
-1890.0,7,8.114568
-2100.0,9,8.128305
-1860.0,9,8.144829
-2010.0,8,8.159668
-1920.0,7,8.169959
-1890.0,8,8.185715
-1980.0,9,8.202486
-1830.0,8,8.213628
-1980.0,9,8.230054
-2130.0,8,8.244427
-1860.0,6,8.253888
-1782.0,8,8.265353
-2160.0,11,8.286294
-1980.0,8,8.297286
-1710.0,6,8.306858
-2196.0,8,8.321882
-1644.0,7,8.332458
-1890.0,9,8.349004
-1890.0,9,8.365051
-1884.0,9,8.381837
-1950.0,8,8.393749
-1656.0,9,8.410119
-1920.0,9,8.426523
-1740.0,7,8.43727
-1920.0,9,8.453754
-1890.0,8,8.469211
-2220.0,10,8.485643
-2070.0,10,8.502614
-1650.0,6,8.512086
-1830.0,7,8.523135
-1830.0,7,8.538011
-2046.0,9,8.554139
-1920.0,8,8.565614
-2160.0,9,8.58093
-2130.0,7,8.59128
-1830.0,7,8.606297
-2190.0,9,8.622223
-1896.0,8,8.633971
-2130.0,10,8.650418
-2316.0,12,8.672342
-2250.0,10,8.690156
-1980.0,9,8.702461
-2280.0,10,8.719104
-2070.0,8,8.734145
-1480.0,7,8.744707
-1770.0,6,8.758614
-1980.0,9,8.770523
-1680.0,7,8.784375
-1860.0,8,8.795295
-1906.0,12,8.817277
-1710.0,7,8.82757
-1860.0,8,8.842544
-1782.0,9,8.857465
-2190.0,11,8.874858
-1800.0,7,8.884946
-2250.0,9,8.900986
-2106.0,9,8.916444
-2130.0,10,8.936557
-2250.0,8,8.948329
-2190.0,10,8.96588
-1980.0,9,8.981054
-1770.0,7,8.995857
-2250.0,9,9.008821
-2010.0,11,9.031657
-2350.0,11,9.049147
-2220.0,9,9.065614
-2070.0,7,9.07595
-1980.0,9,9.092004
-1920.0,7,9.102536
-2040.0,7,9.120399
-1630.0,8,9.132694
-1830.0,9,9.150182
-1890.0,8,9.1668
-1860.0,7,9.178285
-1770.0,7,9.190225
-2040.0,9,9.206587
-2100.0,7,9.220736
-1680.0,9,9.234888
-1680,6,9.248531
-1920.0,8,9.259786
-2280.0,10,9.276725
-1740.0,8,9.291502
-1800.0,8,9.302757
-1710.0,8,9.317017
-2310.0,11,9.335806
-1770.0,7,9.35035
-2130.0,9,9.363935
-1370.0,9,9.381348
-1740.0,7,9.395551
-1740.0,7,9.406928
-1890.0,8,9.421775
-1950.0,8,9.433208
-1680.0,7,9.447699
-2100.0,9,9.459922
-2166.0,9,9.476258
-1710.0,8,9.493596
-1740.0,7,9.504853
-1710.0,8,9.520418
-1710.0,8,9.532612
-2280.0,10,9.54925
-2400.0,11,9.571682
-2280.0,10,9.589217
-1770.0,7,9.599978
-2070.0,10,9.619406
-1590.0,6,9.629584
-1800.0,8,9.646574
-2100.0,8,9.658004
-2520.0,11,9.680904
-1860.0,8,9.693382
-1630.0,8,9.708734
-1920.0,8,9.720972
-2424.0,11,9.742521
-2250.0,12,9.764784
-1710.0,7,9.776329
-1680,7,9.790877
-1800.0,7,9.801548
-1920.0,8,9.818483
-2460.0,11,9.836236
-1836.0,9,9.852185
-1530,6,9.862506
-2080,8,9.877667
-2046.0,11,9.896068
-1900.0,9,9.91151
-1800.0,8,9.923101
-2010.0,8,9.939406
-2130.0,11,9.957242
-1800.0,7,9.967404
-1650.0,6,9.98026
-2370.0,9,9.991714
-2146.0,10,10.007586
-1710.0,7,10.021292
-1710.0,7,10.032164
-1770.0,7,10.045732
-2046.0,10,10.062233
-1740.0,7,10.072504
-1770.0,8,10.087186
-1950.0,10,10.103305
-1980.0,10,10.12062
-1920.0,9,10.132278
-1890.0,8,10.146722
-1710.0,6,10.156024
-1800.0,9,10.172617
-1710.0,8,10.189721
-1830.0,7,10.201087
-2040.0,9,10.217346
-2280.0,9,10.233254
-1860.0,8,10.244921
-2190.0,10,10.262309
-2040.0,8,10.277678
-2160.0,9,10.293332
-1890.0,8,10.30461
-2010.0,9,10.320059
-1680.0,8,10.335094
-1860,7,10.345429
-1860.0,9,10.360939
-1956.0,9,10.376923
-2454.0,12,10.394858
-2340.0,9,10.410522
-1860.0,8,10.422881
-1740.0,7,10.436791
-2490.0,12,10.456782
-1710.0,7,10.472193
-1950.0,8,10.485359
-2250.0,10,10.501935
-2220.0,10,10.518303
-1800.0,8,10.534019
-1710.0,7,10.544585
-1680.0,8,10.560429
-2370.0,11,10.578401
-1710.0,7,10.588441
-2250.0,9,10.604191
-1740.0,7,10.617804
-1870.0,9,10.630195
-1740.0,7,10.644206
-1890.0,7,10.654601
-2640.0,13,10.680165
-1710,7,10.690706
-1716.0,7,10.704798
-1780.0,8,10.716386
-1680.0,7,10.730871
-1890.0,8,10.742715
-1816.0,9,10.759593
-1650.0,6,10.770546
-2010.0,10,10.787564
-2370.0,12,10.811216
-1866.0,8,10.822508
-2070.0,11,10.840511
-1680.0,6,10.854648
-2310.0,9,10.866641
-2220.0,10,10.88364
-1770.0,7,10.897712
-1650.0,7,10.907929
-1710.0,7,10.923433
-1860.0,7,10.934916
-2070.0,10,10.951972
-2190.0,8,10.967001
-2400.0,10,10.983862
-1830,6,10.994803
-1896.0,11,11.011951
-2304.0,9,11.028207
-1860.0,8,11.039653
-1650.0,6,11.054139
-1680.0,7,11.064728
-1980.0,8,11.081806
-1920.0,8,11.094264
-2010.0,9,11.109989
-2160.0,9,11.126341
-2190.0,10,11.14361
-2130.0,11,11.160812
-1830.0,7,11.171524
-2130.0,10,11.188198
-1860.0,9,11.204062
-2070.0,8,11.222003
-2556.0,11,11.240009
-1710.0,9,11.25677
-1860.0,9,11.272348
-2010.0,10,11.289351
-2220.0,8,11.300794
-1570.0,8,11.319022
-2370.0,11,11.337231
-1740.0,7,11.348045
-2190.0,9,11.365653
-2040.0,8,11.381305
-2250.0,8,11.392992
-1650.0,7,11.407155
-2040.0,9,11.423966
-1800.0,9,11.436871
-1950.0,9,11.453009
-1830.0,8,11.468357
-1650.0,7,11.479775
-1830.0,7,11.494161
-1986.0,10,11.512262
-2250.0,10,11.529272
-1870.0,8,11.540453
-2250.0,10,11.557517
-1800.0,8,11.572541
-1830.0,7,11.582747
-1920.0,9,11.599236
-1770.0,7,11.609935
-1650.0,6,11.623525
-2310.0,10,11.640379
-2274.0,10,11.656825
-1620.0,7,11.667232
-1800.0,7,11.677459
-1710.0,7,11.69217
-2040.0,9,11.710147
-2286.0,10,11.727437
-2130.0,8,11.739687
-1740.0,7,11.755642
-2010.0,10,11.773387
-1890.0,8,11.7849
-1800.0,7,11.801405
-1800.0,7,11.812932
-1830.0,7,11.824754
-2190.0,10,11.84224
-1860.0,8,11.859243
-1950.0,8,11.874729
-1776.0,8,11.887103
-2070.0,9,11.903322
-2160.0,12,11.922876
-1920.0,9,11.942746
-1740.0,9,11.960606
-2160.0,11,11.9792
-1860.0,8,11.99609
-1704.0,9,12.01409
-1890.0,8,12.027014
-1950.0,9,12.043689
-1680.0,7,12.05456
-1860.0,6,12.069011
-1830.0,8,12.080672
-2802.0,14,12.106008
-1980.0,8,12.120718
-2010.0,8,12.132181
-1660.0,7,12.145957
-2070.0,9,12.159049
-2640.0,10,12.175405
-2010.0,11,12.196968
-1950.0,9,12.209138
-1980.0,9,12.224686
-2040.0,9,12.241138
-1830.0,6,12.250585
-2010.0,7,12.264837
-1740.0,7,12.27541
-1680.0,7,12.285881
-2376.0,13,12.308758
-1860.0,7,12.320372
-1950.0,9,12.336141
-1620.0,6,12.345484
-1800.0,8,12.360371
-2520.0,12,12.379328
-2070.0,9,12.39516
-1636.0,9,12.411137
-2184.0,9,12.427374
-1980.0,9,12.444574
-1690.0,8,12.455973
-1770.0,8,12.473485
-1704.0,10,12.491807
-1956.0,8,12.503098
-1950.0,8,12.519136
-1650.0,7,12.530508
-1830.0,9,12.546904
-1890.0,10,12.565112
-1770.0,8,12.581496
-1740.0,7,12.592333
-2130.0,10,12.608911
-1830.0,7,12.623403
-1860.0,7,12.634337
-1650.0,7,12.644632
-2370.0,14,12.667935
-1800.0,8,12.682686
-1770.0,7,12.692961
-1522.0,9,12.708979
-2112.0,9,12.724319
-2550.0,10,12.740581
-1830.0,8,12.751699
-1710.0,7,12.767504
-1650.0,7,12.778443
-2220.0,8,12.793294
-1800.0,9,12.809618
-1800.0,7,12.821012
-1510.0,7,12.831713
-2106.0,10,12.847892
-2040.0,8,12.862792
-1980.0,9,12.879099
-1860.0,8,12.889913
-2280.0,10,12.905774
-2190.0,10,12.922124
-2130.0,7,12.938121
-1920.0,9,12.95613
-1540.0,7,12.966331
-2040.0,8,12.981411
-1980.0,8,12.992492
-1980.0,7,13.006486
-1830.0,8,13.01783
-2250.0,9,13.033382
-2040.0,8,13.048284
-1830.0,7,13.058759
-1830.0,8,13.074048
-1830.0,8,13.086681
-1920.0,8,13.104121
-1660.0,9,13.121153
-1800.0,8,13.132747
-1920.0,12,13.155296
-1750.0,7,13.166165
-1540.0,8,13.181477
-1980.0,7,13.192111
-2010.0,10,13.208098
-2040.0,8,13.22319
-2010.0,8,13.234596
-1890.0,8,13.249196
-1860.0,7,13.259234
-1980.0,9,13.275907
-1830.0,8,13.290831
-1710.0,7,13.301702
-1890.0,9,13.317148
-1590.0,7,13.327316
-1866.0,9,13.342986
-2670.0,12,13.3609
-1920.0,10,13.377333
-1920.0,8,13.392443
-2346.0,10,13.40925
-1830.0,7,13.419478
-2070.0,11,13.440922
-2070.0,8,13.453515
-2010.0,11,13.472493
-1920.0,8,13.491598
-2490.0,12,13.510625
-1866.0,9,13.527797
-2070.0,8,13.543582
-1620.0,7,13.554427
-2670.0,13,13.580554
-1860.0,8,13.591791
-2310.0,10,13.608863
-1836.0,8,13.625326
-1920.0,6,13.634516
-1800.0,9,13.649784
-2220.0,9,13.664984
-1920.0,8,13.676055
-2040.0,8,13.690812
-1770.0,7,13.701021
-1890.0,7,13.715132
-2076.0,9,13.730785
-1860.0,9,13.743083
-2670.0,10,13.76007
-1890.0,8,13.775058
-1950.0,8,13.789927
-1830.0,9,13.801861
-2790.0,11,13.82199
-2070.0,11,13.83907
-1920.0,8,13.850554
-2316.0,12,13.872504
-1890.0,9,13.88809
-2070.0,11,13.905483
-1890.0,8,13.916817
-1890.0,7,13.931494
-2190.0,10,13.949509
-1830.0,10,13.967678
-1950.0,8,13.978548
-1770.0,7,13.992665
-2160.0,11,14.012023
-2070.0,9,14.028099
-1962.0,11,14.046517
-2010.0,10,14.062875
-1590.0,6,14.072159
-2110.0,11,14.090755
-1920.0,8,14.106831
-1950.0,7,14.117125
-1890.0,8,14.131794
-1830.0,8,14.146398
-1920.0,10,14.163067
-1920.0,8,14.173956
-1950.0,9,14.189358
-1620.0,6,14.198473
-1980.0,8,14.212935
-2010.0,10,14.229709
-2100.0,8,14.240837
-2394.0,10,14.256902
-1866.0,8,14.27144
-1660.0,8,14.28599
-1980.0,9,14.297934
-1770.0,7,14.311809
-1980.0,9,14.327714
-1800.0,7,14.338178
-2430.0,10,14.355696
-2520.0,11,14.373405
-1800.0,6,14.382926
-2010.0,6,14.396335
-1630.0,7,14.407382
-1980.0,9,14.424758
-2160.0,8,14.435761
-2250.0,9,14.452595
-2010.0,7,14.468201
-1710.0,7,14.479611
-1584.0,8,14.495864
-1740.0,7,14.507005
-1750.0,9,14.522823
-1710.0,7,14.53554
-1740.0,8,14.55085
-1716.0,8,14.56208
-1800.0,8,14.577543
-1720.0,9,14.594424
-1860.0,9,14.611891
-1900.0,11,14.630372
-2040.0,8,14.641005
-1770.0,8,14.655334
-1800.0,7,14.666239
-1830.0,9,14.683968
-2160.0,9,14.700112
-2040.0,9,14.715837
-1956.0,10,14.733666
-1680.0,7,14.744703
-1896.0,9,14.76115
-1860.0,8,14.776238
-2010.0,9,14.788236
-1980.0,9,14.803524
-1800.0,8,14.81822
-1920.0,9,14.833618
-1890.0,7,14.844225
-1890.0,9,14.864262
-1860.0,9,14.881025
-2454.0,12,14.900995
-2070.0,10,14.919874
-1890.0,8,14.938053
-1770.0,7,14.948983
-2070.0,10,14.96645
-2010.0,8,14.980982
-2160.0,9,14.995363
-1920.0,9,15.012932
-2040.0,8,15.030206
-1710.0,7,15.040478
-2190.0,11,15.05762
-2160.0,9,15.073316
-1950.0,9,15.091791
-2340.0,10,15.109534
-2280.0,12,15.127932
-1950.0,10,15.144778
-1854.0,8,15.159681
-2070.0,10,15.176621
-1770.0,8,15.191328
-1520.0,8,15.202741
-2010.0,9,15.218586
-1860.0,7,15.229346
-1780.0,10,15.245451
-1770.0,7,15.259466
-1840.0,9,15.275979
-1590.0,13,15.296418
-2070.0,10,15.313593
-1920.0,9,15.329846
-2226.0,10,15.348087
-1800.0,8,15.364553
-1890.0,7,15.376613
-1956.0,9,15.392884
-2080.0,11,15.410875
-1800.0,8,15.427506
-1926.0,9,15.439489
-1420.0,10,15.455899
-2256.0,10,15.472277
-2220.0,10,15.488612
-2070.0,9,15.505325
-1890.0,7,15.519663
-2700.0,14,15.539664
-1896.0,9,15.556916
-1830.0,8,15.572516
-1920.0,10,15.591049
-1600.0,8,15.602777
-2460.0,13,15.626072
-1710.0,7,15.636265
-1710.0,8,15.652601
-2200.0,11,15.673435
-1710.0,7,15.688784
-2250.0,10,15.704977
-1836.0,9,15.717072
-1546.0,8,15.733252
-1816.0,11,15.75168
-1710.0,8,15.767933
-1800.0,8,15.779232
-2000.0,14,15.803545
-1740.0,7,15.818141
-1740.0,8,15.829749
-2040.0,8,15.845732
-1740.0,6,15.856425
-1890.0,9,15.874034
-2076.0,11,15.891533
-2100.0,9,15.907521
-2070.0,8,15.918547
-1750.0,10,15.936601
-1950.0,8,15.952332
-1710.0,7,15.962708
-2100.0,9,15.978256
-1680.0,8,15.992878
-2400.0,10,16.009231
-2010.0,7,16.020434
-2040.0,10,16.037036
-2040.0,11,16.054232
-1890.0,9,16.070738
-2340.0,13,16.094584
-1830.0,9,16.110677
-2160.0,10,16.12717
-1650.0,7,16.138676
-2676.0,12,16.157585
-2400.0,13,16.180502
-1740.0,8,16.196815
-2490.0,13,16.216588
-2130.0,11,16.234573
-1860.0,7,16.248232
-2256.0,11,16.266093
-1920.0,9,16.281857
-1830.0,8,16.293783
-1710.0,6,16.307184
-1800.0,7,16.318512
-1890.0,9,16.335779
-2130.0,9,16.351891
-1920.0,8,16.363131
-2400.0,9,16.379915
-2590.0,18,16.410628
-1770.0,9,16.424086
-1950.0,9,16.439456
-1800.0,7,16.453841
-1860.0,9,16.465815
-2070.0,6,16.48036
-2226.0,10,16.497124
-2010.0,9,16.509384
-1800.0,9,16.527721
-1770.0,7,16.543089
-1430.0,8,16.553994
-1800.0,8,16.568958
-2220.0,10,16.585759
-2040.0,8,16.597264
-1630.0,9,16.613256
-2064.0,9,16.629095
-1860.0,9,16.644587
-1680.0,8,16.656097
-2010.0,8,16.671149
-1980.0,11,16.688669
-1690.0,9,16.704462
-1560.0,6,16.714485
-2280.0,11,16.733777
-2340.0,10,16.751198
-2190.0,10,16.768014
-1710.0,6,16.781014
-1950.0,8,16.792312
-1980.0,10,16.809283
-1950.0,9,16.826394
-2130.0,10,16.843027
-2466.0,12,16.861748
-1770.0,8,16.877208
-2310.0,9,16.893106
-1650.0,7,16.904426
-1830.0,8,16.92007
-1740.0,6,16.930842
-2040.0,9,16.947749
-1980.0,11,16.965621
-2100.0,10,16.982997
-2010.0,8,16.998164
-1740.0,8,17.00901
-1980.0,8,17.02378
-2124.0,9,17.03941
-1800.0,7,17.049931
-1650,8,17.064737
-2190.0,13,17.083898
-1596.0,8,17.098832
-2340.0,12,17.118095
-1596.0,8,17.133126
-1980.0,10,17.149506
-1800.0,9,17.16558
-2100.0,9,17.177351
-1920.0,7,17.191755
-1890.0,7,17.201982
-2010.0,10,17.218009
-2004.0,9,17.233768
-1920.0,10,17.251067
-1740.0,8,17.266458
-1890.0,7,17.276881
-1830.0,7,17.287214
-2100.0,8,17.302673
-1840.0,10,17.319665
-1860.0,9,17.335656
-1710.0,6,17.345202
-2460.0,9,17.36228
-2010.0,8,17.373641
-1740.0,8,17.388929
-2040.0,10,17.405729
-2190.0,11,17.424375
-1860.0,10,17.440989
-2130.0,9,17.457684
-1480.0,9,17.475815
-1780.0,10,17.492921
-1650.0,6,17.502432
-1920.0,8,17.517395
-1830.0,8,17.528563
-1830.0,7,17.54247
-2130.0,9,17.554366
-1890.0,8,17.568913
-1810.0,12,17.587806
-1590.0,7,17.602394
-1986.0,9,17.619374
-1986.0,8,17.631101
-2010.0,9,17.647197
-2160.0,10,17.665443
-2034.0,9,17.685564
-1600.0,8,17.697783
-2176.0,13,17.721004
-1800.0,8,17.736406
-2160.0,10,17.753507
-1740.0,8,17.765064
-1860.0,9,17.780903
-2160.0,13,17.803642
-1770.0,7,17.81368
-1830.0,8,17.828455
-1950.0,10,17.844261
-1740.0,7,17.854541
-2076.0,12,17.873893
-2070.0,7,17.888057
-2664.0,11,17.907147
-1920.0,9,17.923347
-1836.0,9,17.940396
-1860.0,7,17.95141
-1980.0,11,17.969929
-1746.0,8,17.985012
-2100.0,8,17.996029
-1830.0,7,18.010633
-2280.0,10,18.027343
-2676.0,10,18.043814
-2070.0,10,18.061074
-1980.0,10,18.077398
-1716.0,8,18.08869
-2634.0,14,18.112745
-2856.0,15,18.136933
-2490.0,12,18.159079
-1420.0,8,18.17004
-1740.0,7,18.18407
-2370.0,9,18.195591
-1980.0,9,18.21076
-1770,8,18.225322
-1680.0,8,18.236295
-2220.0,12,18.258267
-2040.0,9,18.27375
-2040.0,10,18.290361
-1890.0,8,18.301409
-1650,6,18.310945
-2130.0,11,18.331786
-1980.0,9,18.343957
-1770.0,8,18.360145
-1824.0,8,18.377012
-2226.0,10,18.395932
-1980.0,9,18.409077
-1920.0,8,18.425684
-1620.0,7,18.442651
-2130.0,11,18.466412
-1770.0,9,18.478302
-1780.0,8,18.494529
-1770.0,7,18.505336
-2526.0,13,18.529391
-1920.0,9,18.546932
-2010.0,9,18.563741
-2110.0,11,18.58352
-2240.0,14,18.60801
-1740.0,8,18.619724
-1680.0,8,18.63541
-1874.0,11,18.653094
-1830.0,7,18.664309
-2130.0,8,18.680543
-1950.0,9,18.697384
-1998.0,9,18.717144
-1746.0,8,18.729295
-2232.0,10,18.748337
-2010.0,8,18.766473
-1720.0,8,18.77798
-1890.0,8,18.792737
-1860.0,8,18.807992
-2100.0,9,18.820017
-2046.0,10,18.836536
-1800.0,7,18.850344
-1986.0,9,18.866339
-1770.0,7,18.876474
-1740.0,8,18.89151
-2076.0,12,18.910115
-1990.0,10,18.928989
-2130.0,9,18.948072
-1950.0,10,18.967489
-2040.0,11,18.986118
-1806.0,9,19.002815
-2538.0,14,19.028052
-2040.0,11,19.045987
-2400.0,10,19.064401
-1740.0,7,19.076187
-2286.0,12,19.09879
-1710.0,9,19.111391
-2070.0,11,19.133704
-2130.0,11,19.152079
-1740,6,19.161838
-1590,7,19.172544
-1980.0,8,19.188373
-1746.0,9,19.205147
-1920.0,8,19.216764
-1776.0,9,19.233453
-1920.0,9,19.250742
-1740.0,7,19.261514
-2106.0,10,19.28004
-2118.0,13,19.304558
-2650.0,14,19.331718
-2190.0,10,19.349442
-2400.0,12,19.369769
-2070.0,10,19.387737
-2190.0,9,19.404501
-1710.0,7,19.417352
-2190.0,8,19.433867
-1710.0,8,19.45045
-2190.0,9,19.462797
-1620.0,6,19.478035
-1870.0,10,19.49609
-2496.0,14,19.517161
-2100.0,11,19.540274
-1650.0,7,19.550884
-1890.0,9,19.567282
-1920.0,8,19.579834
-2160.0,10,19.59777
-1582.0,10,19.616527
-2070.0,10,19.636026
-1770.0,8,19.652521
-2130.0,9,19.669031
-1950.0,9,19.687234
-1740.0,8,19.6994
-1830.0,9,19.717125
-2550.0,13,19.743311
-1770.0,7,19.755354
-2010.0,8,19.771596
-1860.0,9,19.784188
-2040.0,11,19.805368
-1770.0,7,19.816833
-2040.0,9,19.834934
-1710.0,7,19.845585
-1620.0,8,19.860677
-2400.0,11,19.880494
-1710.0,7,19.891246
-2850.0,13,19.9143
-1830.0,10,19.933232
-1590.0,6,19.943716
-2130.0,8,19.959446
-2100.0,10,19.978127
-1704.0,8,19.98986
-1806.0,9,20.005301
-1980.0,11,20.022896
-1800.0,11,20.043837
-2040.0,10,20.06016
-1560,6,20.069862
-1510.0,9,20.086494
-1830.0,8,20.097784
-2076.0,9,20.113854
-1570.0,8,20.129498
-2130.0,13,20.148538
-1690.0,10,20.165295
-1860.0,8,20.180761
-1770.0,9,20.196177
-1764.0,9,20.208173
-2160.0,9,20.224183
-1690.0,9,20.240401
-1710.0,7,20.251306
-2106.0,10,20.268354
-1800.0,7,20.28281
-2064.0,12,20.302889
-2040.0,10,20.321004
-2820.0,16,20.347806
-2010.0,10,20.364741
-1890.0,8,20.380763
-1950.0,8,20.39647
-1770.0,8,20.410077
-2100.0,10,20.427325
-1920.0,7,20.443987
-2046.0,9,20.456496
-2040.0,9,20.472994
-1680.0,7,20.488494
-2190.0,13,20.509961
-1890.0,8,20.525616
-1680.0,8,20.537521
-1680.0,7,20.552243
-1920.0,9,20.568321
-2310.0,14,20.590229
-1920.0,9,20.606859
-1920.0,9,20.623463
-1950.0,9,20.639929
-1890.0,9,20.65608
-1740.0,9,20.667973
-1926.0,11,20.689745
-1610.0,10,20.707299
-2010.0,10,20.723872
-1920.0,8,20.735226
-2094.0,11,20.752274
-2220.0,11,20.773246
-1788.0,9,20.785609
-2070.0,10,20.803128
-1710.0,7,20.819747
-1770.0,7,20.830918
-1900.0,11,20.850384
-1776.0,8,20.866237
-1980.0,10,20.883811
-1864.0,13,20.908577
-2190.0,10,20.925667
-2190.0,9,20.938844
-2146.0,14,20.962926
-1746.0,8,20.977842
-2046.0,11,20.99588
-1800.0,6,21.005455
-2046.0,14,21.02853
-1920.0,8,21.044306
-1930.0,10,21.064714
-1896.0,9,21.077091
-2076.0,12,21.100048
-1620.0,8,21.11165
-2026.0,11,21.133575
-1830.0,7,21.144191
-1950.0,10,21.160784
-2040.0,10,21.179017
-1860.0,9,21.194926
-1786.0,11,21.212108
-1890.0,8,21.228065
-1920.0,9,21.240291
-1630.0,8,21.254945
-2286.0,11,21.272329
-2430.0,13,21.295723
-1740.0,8,21.307133
-1462.0,9,21.324945
-2040.0,10,21.341466
-1770.0,8,21.35643
-1840.0,9,21.374848
-2100.0,9,21.388049
-1866.0,9,21.405244
-1950.0,7,21.419801
-2556.0,13,21.440007
-2010.0,8,21.455462
-1896.0,9,21.472524
-1854.0,9,21.484974
-1860.0,7,21.499356
-2130.0,11,21.517516
-1570.0,13,21.545713
-1830.0,8,21.557286
-2040.0,10,21.574081
-1860.0,11,21.592649
-2160.0,10,21.610052
-2070.0,10,21.627249
-2040.0,11,21.649191
-2010.0,12,21.667895
-1800.0,9,21.684473
-2460.0,14,21.708475
-1980.0,11,21.726356
-1830.0,8,21.738134
-1580.0,10,21.754916
-1800.0,8,21.770601
-1756.0,11,21.788078
-1890.0,8,21.803189
-1878.0,12,21.822186
-1960.0,11,21.840098
-1920.0,10,21.857106
-1860.0,8,21.87277
-2544.0,15,21.897645
-2026.0,11,21.915109
-1980.0,10,21.93279
-2340.0,12,21.955911
-2490.0,13,21.975339
-2040.0,8,21.990281
-1890.0,9,22.006793
-1650.0,7,22.017395
-2070.0,8,22.032356
-1750.0,9,22.044138
-1920.0,8,22.059005
-1950.0,9,22.075322
-1830.0,7,22.086343
-1710.0,7,22.100613
-1890.0,10,22.117915
-2080.0,8,22.129935
-2616.0,13,22.153162
-1966.0,12,22.172321
-1950.0,9,22.188674
-1720.0,8,22.203769
-2310.0,12,22.222286
-2010.0,12,22.24082
-2310.0,10,22.257977
-2310.0,11,22.279754
-1860.0,10,22.296612
-2004.0,10,22.313529
-2190.0,10,22.331657
-1740.0,7,22.342206
-2130.0,9,22.357757
-2316.0,14,22.382635
-1710.0,8,22.394026
-1830.0,9,22.411767
-1890.0,9,22.430315
-1574.0,9,22.446959
-2220.0,14,22.467417
-2250.0,11,22.48907
-1830.0,9,22.50171
-1776.0,9,22.518517
-1912.0,13,22.543787
-2140.0,12,22.562557
-2430.0,18,22.598349
-1770.0,8,22.610004
-2140.0,13,22.634588
-2490.0,13,22.658093
-1920.0,10,22.675911
-1920.0,10,22.695853
-2310.0,12,22.714918
-1710.0,9,22.730898
-1710.0,7,22.741515
-1818.0,13,22.764802
-1986.0,9,22.78037
-2226.0,15,22.805922
-2472.0,13,22.825139
-1490.0,11,22.844473
-1920.0,15,22.870305
-1650.0,7,22.884714
-2190.0,11,22.902701
-2226.0,14,22.926977
-1794.0,9,22.943605
-2430.0,15,22.969179
-1830.0,9,22.981071
-1430.0,10,22.998008
-1620.0,7,23.012323
-2196.0,15,23.036725
-1950.0,9,23.052929
-2512.0,19,23.081097
-2010.0,10,23.097628
-1610.0,10,23.113817
-2992.0,20,23.146785
-1810.0,9,23.163116
-2106.0,12,23.18553
-1950.0,11,23.203747
-1650.0,8,23.215037
-1600.0,10,23.231935
-2550.0,9,23.247507
-1720.0,9,23.263662
-2226.0,10,23.280494
-2460.0,16,23.308388
-1830.0,8,23.323729
-1830.0,9,23.340018
-2346.0,11,23.357316
-1860.0,10,23.374812
-1710.0,9,23.390625
-2160.0,10,23.407047
-2334.0,16,23.433223
-2004.0,12,23.451857
-2292.0,12,23.474813
-1690.0,10,23.492115
-1860.0,8,23.503665
-1734.0,10,23.520566
-1858.0,12,23.54285
-2580.0,15,23.56778
-1920.0,9,23.579924
-1680.0,7,23.594326
-2490.0,15,23.620326
-1920.0,8,23.63167
-2010.0,10,23.647879
-1956.0,9,23.663674
-2332.0,17,23.694794
-2040.0,17,23.721883
-1950.0,10,23.739164
-1680.0,7,23.749373
-1950.0,10,23.7663
-2430.0,13,23.789629
-1950.0,9,23.805711
-2220.0,10,23.824107
-2116.0,12,23.842915
-2076.0,12,23.868281
-2280.0,12,23.886635
-1830.0,8,23.901929
-1866.0,11,23.919569
-2070.0,12,23.938281
-1800.0,9,23.953172
-1890.0,10,23.96921
-2316.0,13,23.991627
-1680.0,9,24.004135
-1966.0,11,24.02517
-2190.0,14,24.045646
-2070.0,14,24.069492
-2250.0,13,24.092088
-1824.0,10,24.109149
-2100.0,12,24.128112
-1650.0,10,24.146451
-2010.0,10,24.166018
-1986.0,12,24.189115
-2130.0,11,24.206433
-2310.0,12,24.224935
-1860.0,8,24.240223
-1510.0,7,24.250913
-1890.0,9,24.267838
-2280.0,12,24.286918
-1660.0,9,24.302434
-2010.0,16,24.328891
-2010.0,9,24.344951
-2196.0,13,24.36929
-1230.0,8,24.380989
-2520.0,12,24.406248
-1980.0,8,24.418402
-2856.0,17,24.449909
-1830.0,8,24.462286
-1764.0,9,24.479137
-2136.0,11,24.497045
-2250.0,10,24.518239
-2040.0,11,24.540565
-1860.0,12,24.558959
-1556.0,11,24.576404
-2040.0,12,24.59864
-1710.0,8,24.611153
-2130.0,10,24.627734
-2460.0,12,24.651002
-1800.0,10,24.667642
-1590.0,8,24.679338
-1860.0,13,24.702383
-2478.0,18,24.730488
-2100.0,13,24.755007
-1806.0,9,24.77176
-1770.0,9,24.789005
-2160.0,14,24.810052
-1840.0,12,24.832802
-2010.0,10,24.849342
-1756.0,11,24.867123
-1866.0,9,24.882861
-2250.0,11,24.899936
-2970.0,17,24.925327
-1830.0,9,24.943643
-1950.0,13,24.966772
-2010.0,14,24.990787
-1620.0,9,25.002909
-2050.0,14,25.026561
-1996.0,13,25.049604
-2622.0,20,25.083061
-2136.0,14,25.107591
-2130.0,12,25.125778
-1834.0,12,25.144827
-1816.0,11,25.166993
-2116.0,16,25.198726
-2016.0,14,25.224895
-2100.0,11,25.246598
-2010.0,11,25.268536
-1930.0,14,25.292197
-2040.0,12,25.310331
-2346.0,17,25.346195
-1750.0,16,25.372484
-2088.0,15,25.399271
-2256.0,12,25.418801
-2250.0,20,25.452891
-2766.0,17,25.483774
-1764.0,8,25.497492
-1930.0,19,25.53118
-1920.0,10,25.550764
-1830.0,9,25.566754
-2136.0,15,25.593384
-1614.0,11,25.612979
-1956.0,11,25.630916
-1890.0,11,25.648441
-1708.0,17,25.679065
-2820.0,20,25.7126
-1626.0,10,25.730233
-2130.0,12,25.748948
-1890.0,8,25.765569
-2544.0,22,25.80152
-1794.0,9,25.818255
-2016.0,12,25.838799
-1810.0,14,25.867443
-1900.0,14,25.893617
-1770.0,7,25.904727
-2190.0,14,25.929702
-2340.0,13,25.953032
-2610.0,21,25.98733
-1980.0,9,26.00627
-2220.0,15,26.036637
-1430.0,10,26.052727
-3066.0,20,26.09107
-1890.0,12,26.110542
-1966.0,15,26.134371
-1890.0,9,26.149641
-1484.0,17,26.176067
-1648.0,14,26.199575
-2418.0,17,26.231139
-2406.0,14,26.250658
-1472.0,24,26.29355
-1562.0,16,26.320711
-1906.0,20,26.354099
-1810.0,12,26.377194
-1770.0,9,26.39349
-1720.0,13,26.415087
-1966.0,18,26.45014
-1834.0,15,26.476178
-2236.0,22,26.515577
-1636.0,13,26.540972
-1676.0,14,26.564815
-2092.0,19,26.593492
-2116.0,18,26.627046
-2118.0,18,26.661301
-1706.0,15,26.688058
-1932.0,18,26.71659
-1660.0,15,26.744098
-2450.0,24,26.784493
-2436.0,24,26.826516
-1630.0,15,26.852711
-1956.0,20,26.892004
-1660.0,12,26.912292
-2010.0,11,26.934142
-3656.0,39,27.003415
-2400.0,14,27.03058
-1822.0,21,27.066897
-1802.0,31,27.122481
-1860.0,20,27.165223
-2384.0,22,27.205875
